roi,brain_metric,model_rdm,level,comparator,n_stimuli,n_cells,nili_upper,nili_lower,nili_upper_ci_lo,nili_upper_ci_hi,nili_lower_ci_lo,nili_lower_ci_hi,nili_crossed,n_subjects,bootstrap,n_boot,boot_seed,l1_cv_model,subject,row_type,score_obs,score_per_subject,perm_p,perm_z,n_perm,perm_seed,nili_upper_subject,nili_lower_subject,l1_baseline,l1_cv_brain,achievement_nili_lower,achievement_nili_upper,degenerate
LOC,correlation,weights_sorted_fMRI1_test_100_choice_probability_rdm.csv,L1,cosine,100,4950,0.9932821775910973,0.9848752464191873,0.9915127324109534,0.9948540460218066,0.9808977376132256,0.9884142956901815,False,3,pattern,1000,274131568,0.6215286405986206,F1+F2+F3,group_mean,0.832482320548919,0.832220;0.829365;0.835862,1.0,-5.1225869677818086,10000,3589424845165706227,,,0.8374631550978231,,-0.0337885074708401,-0.0319655101745942,False
LOC,correlation,weights_sorted_fMRI1_test_100_choice_probability_rdm.csv,L1,cosine,100,4950,0.9932821775910973,0.9848752464191873,0.9915127324109534,0.9948540460218066,0.9808977376132256,0.9884142956901815,False,3,pattern,1000,274131568,0.6215286405986206,sub-01,subject,0.8322195968225828,,0.9999000099990001,-4.496704789849928,10000,3589424845165706228,0.9937837237440482,0.9859954396678099,0.8381397295790025,0.1638855755675248,-0.0403456019640256,-0.03815933570906489,False
LOC,correlation,weights_sorted_fMRI1_test_100_choice_probability_rdm.csv,L1,cosine,100,4950,0.9932821775910973,0.9848752464191873,0.9915127324109534,0.9948540460218066,0.9808977376132256,0.9884142956901815,False,3,pattern,1000,274131568,0.6215286405986206,sub-02,subject,0.8293650879119243,,0.9971002899710029,-2.9058070978053805,10000,3589424845165706229,0.9915646607547265,0.9810331383566003,0.8339246173557449,0.19304229597369058,-0.03020543519500164,-0.02861194308626872,False
LOC,correlation,weights_sorted_fMRI1_test_100_choice_probability_rdm.csv,L1,cosine,100,4950,0.9932821775910973,0.9848752464191873,0.9915127324109534,0.9948540460218066,0.9808977376132256,0.9884142956901815,False,3,pattern,1000,274131568,0.6215286405986206,sub-03,subject,0.8358622769122499,,0.9993000699930007,-3.818677793488726,10000,3589424845165706230,0.9944981482745172,0.9875971612331519,0.8403251183587217,0.1467120805157802,-0.03087400548413892,-0.02917708714373069,False
LOC,correlation,weights_sorted_fMRI1_test_100_choice_probability_rdm.csv,L2,corr,100,4950,0.7241934905900478,0.35848481513640723,0.6734769256028614,0.7719487474199094,0.23837233883170975,0.4737874740037173,False,3,pattern,1000,274131568,,F1+F2+F3,group_mean,-0.05802860201678223,-0.069659;-0.045843;-0.058584,1.0,-5.184105420251761,10000,3589424845165706227,,,,,-0.16187185500368192,-0.08012858824442419,False
LOC,correlation,weights_sorted_fMRI1_test_100_choice_probability_rdm.csv,L2,corr,100,4950,0.7241934905900478,0.35848481513640723,0.6734769256028614,0.7719487474199094,0.23837233883170975,0.4737874740037173,False,3,pattern,1000,274131568,,sub-01,subject,-0.0696588877296488,,0.9999000099990001,-4.496704789849494,10000,3589424845165706228,0.7400056061839155,0.3839990610796454,,,-0.19431475138812468,-0.09618822681337988,False
LOC,correlation,weights_sorted_fMRI1_test_100_choice_probability_rdm.csv,L2,corr,100,4950,0.7241934905900478,0.35848481513640723,0.6734769256028614,0.7719487474199094,0.23837233883170975,0.4737874740037173,False,3,pattern,1000,274131568,,sub-02,subject,-0.0458427165076007,,0.9971002899710029,-2.9058070978054724,10000,3589424845165706229,0.6866333690730244,0.29727279570613435,,,-0.1278791027456967,-0.06330175167723427,False
LOC,correlation,weights_sorted_fMRI1_test_100_choice_probability_rdm.csv,L2,corr,100,4950,0.7241934905900478,0.35848481513640723,0.6734769256028614,0.7719487474199094,0.23837233883170975,0.4737874740037173,False,3,pattern,1000,274131568,,sub-03,subject,-0.05858420181309719,,0.9993000699930007,-3.8186777934873186,10000,3589424845165706230,0.7459414965132034,0.394182588623442,,,-0.16342171087722443,-0.08089578624265845,False
LOC,correlation,weights_sorted_fMRI1_test_100_choice_probability_rdm.csv,L3,spearman,100,4950,0.7166139740598726,0.3487817515255589,0.6647006846844156,0.7658287681330188,0.22913171291889767,0.46552678738444114,False,3,pattern,1000,274131568,,F1+F2+F3,group_mean,-0.05865503456021224,-0.072449;-0.051216;-0.052299,0.9993000699930007,-3.3071145454237048,10000,3589424845165706227,,,,,-0.16817116808335647,-0.08185025227447162,False
LOC,correlation,weights_sorted_fMRI1_test_100_choice_probability_rdm.csv,L3,spearman,100,4950,0.7166139740598726,0.3487817515255589,0.6647006846844156,0.7658287681330188,0.22913171291889767,0.46552678738444114,False,3,pattern,1000,274131568,,sub-01,subject,-0.07244922786583252,,0.9972002799720028,-3.0143157332007,10000,3589424845165706228,0.7293212272668476,0.3648790693766147,,,-0.2077208097870436,-0.10109937914743962,False
LOC,correlation,weights_sorted_fMRI1_test_100_choice_probability_rdm.csv,L3,spearman,100,4950,0.7166139740598726,0.3487817515255589,0.6647006846844156,0.7658287681330188,0.22913171291889767,0.46552678738444114,False,3,pattern,1000,274131568,,sub-02,subject,-0.051216437222104644,,0.9726027397260274,-2.043944454326286,10000,3589424845165706229,0.693716853845243,0.3164389074306153,,,-0.14684379844440193,-0.07147005092845922,False
LOC,correlation,weights_sorted_fMRI1_test_100_choice_probability_rdm.csv,L3,spearman,100,4950,0.7166139740598726,0.3487817515255589,0.6647006846844156,0.7658287681330188,0.22913171291889767,0.46552678738444114,False,3,pattern,1000,274131568,,sub-03,subject,-0.052299438592699546,,0.9792020797920208,-2.197660582792358,10000,3589424845165706230,0.7268038410675274,0.36502727776944677,,,-0.14994889601862388,-0.07298132674751603,False
LOC,correlation,weights_sorted_fMRI1_test_100_cosine_rdm.csv,L1,cosine,100,4950,0.9932821775910973,0.9848752464191873,0.9915127324109534,0.9948540460218066,0.9808977376132256,0.9884142956901815,False,3,pattern,1000,274131568,0.2607311040005725,F1+F2+F3,group_mean,0.9566505143285647,0.958873;0.951293;0.959785,0.0015998400159984002,3.106935033532444,10000,13730506320845282528,,,0.9541403890115218,,0.08167030950392265,0.0641290397841651,False
LOC,correlation,weights_sorted_fMRI1_test_100_cosine_rdm.csv,L1,cosine,100,4950,0.9932821775910973,0.9848752464191873,0.9915127324109534,0.9948540460218066,0.9808977376132256,0.9884142956901815,False,3,pattern,1000,274131568,0.2607311040005725,sub-01,subject,0.9588730843446692,,0.00029997000299970003,3.7056094576741865,10000,13730506320845282529,0.9937837237440482,0.9859954396678099,0.9549112253578592,0.1638855755675248,0.13222053804798664,0.10325151595737903,False
LOC,correlation,weights_sorted_fMRI1_test_100_cosine_rdm.csv,L1,cosine,100,4950,0.9932821775910973,0.9848752464191873,0.9915127324109534,0.9948540460218066,0.9808977376132256,0.9884142956901815,False,3,pattern,1000,274131568,0.2607311040005725,sub-02,subject,0.9512929607941009,,0.1902809719028097,0.8863912562645421,10000,13730506320845282530,0.9915646607547265,0.9810331383566003,0.9501088543019571,0.19304229597369058,0.034058940834326326,0.02742680900920092,False
LOC,correlation,weights_sorted_fMRI1_test_100_cosine_rdm.csv,L1,cosine,100,4950,0.9932821775910973,0.9848752464191873,0.9915127324109534,0.9948540460218066,0.9808977376132256,0.9884142956901815,False,3,pattern,1000,274131568,0.2607311040005725,sub-03,subject,0.959785497846924,,0.008799120087991202,2.517943506995695,10000,13730506320845282531,0.9944981482745172,0.9875971612331519,0.9574010873747489,0.1467120805157802,0.08678738695216796,0.06645312218213154,False
LOC,correlation,weights_sorted_fMRI1_test_100_cosine_rdm.csv,L2,corr,100,4950,0.7241934905900478,0.35848481513640723,0.6734769256028614,0.7719487474199094,0.23837233883170975,0.4737874740037173,False,3,pattern,1000,274131568,,F1+F2+F3,group_mean,0.06212155485911657,0.096903;0.024566;0.064896,0.0012998700129987,3.2307207019926127,10000,13730506320845282528,,,,,0.17328922240535816,0.08578032758690234,False
LOC,correlation,weights_sorted_fMRI1_test_100_cosine_rdm.csv,L2,corr,100,4950,0.7241934905900478,0.35848481513640723,0.6734769256028614,0.7719487474199094,0.23837233883170975,0.4737874740037173,False,3,pattern,1000,274131568,,sub-01,subject,0.09690264000219632,,0.00029997000299970003,3.705609457674325,10000,13730506320845282529,0.7400056061839155,0.3839990610796454,,,0.2703117005536869,0.1338076650250521,False
LOC,correlation,weights_sorted_fMRI1_test_100_cosine_rdm.csv,L2,corr,100,4950,0.7241934905900478,0.35848481513640723,0.6734769256028614,0.7719487474199094,0.23837233883170975,0.4737874740037173,False,3,pattern,1000,274131568,,sub-02,subject,0.024566091742185697,,0.1902809719028097,0.8863912562659446,10000,13730506320845282530,0.6866333690730244,0.29727279570613435,,,0.06852756575711036,0.033922000213189016,False
LOC,correlation,weights_sorted_fMRI1_test_100_cosine_rdm.csv,L2,corr,100,4950,0.7241934905900478,0.35848481513640723,0.6734769256028614,0.7719487474199094,0.23837233883170975,0.4737874740037173,False,3,pattern,1000,274131568,,sub-03,subject,0.06489593283296768,,0.008799120087991202,2.517943506995402,10000,13730506320845282531,0.7459414965132034,0.394182588623442,,,0.1810284009052771,0.08961131752246589,False
LOC,correlation,weights_sorted_fMRI1_test_100_cosine_rdm.csv,L3,spearman,100,4950,0.7166139740598726,0.3487817515255589,0.6647006846844156,0.7658287681330188,0.22913171291889767,0.46552678738444114,False,3,pattern,1000,274131568,,F1+F2+F3,group_mean,0.055418825976926205,0.091444;0.024717;0.050096,0.0174982501749825,2.125491836772095,10000,13730506320845282528,,,,,0.15889256170807745,0.07733428035593401,False
LOC,correlation,weights_sorted_fMRI1_test_100_cosine_rdm.csv,L3,spearman,100,4950,0.7166139740598726,0.3487817515255589,0.6647006846844156,0.7658287681330188,0.22913171291889767,0.46552678738444114,False,3,pattern,1000,274131568,,sub-01,subject,0.09144409622723122,,0.0058994100589941,2.615611328966169,10000,13730506320845282529,0.7293212272668476,0.3648790693766147,,,0.26218142384817444,0.12760579550126264,False
LOC,correlation,weights_sorted_fMRI1_test_100_cosine_rdm.csv,L3,spearman,100,4950,0.7166139740598726,0.3487817515255589,0.6647006846844156,0.7658287681330188,0.22913171291889767,0.46552678738444114,False,3,pattern,1000,274131568,,sub-02,subject,0.024716674693862736,,0.25417458254174585,0.6676297463956269,10000,13730506320845282530,0.693716853845243,0.3164389074306153,,,0.07086573361637438,0.034490919223684684,False
LOC,correlation,weights_sorted_fMRI1_test_100_cosine_rdm.csv,L3,spearman,100,4950,0.7166139740598726,0.3487817515255589,0.6647006846844156,0.7658287681330188,0.22913171291889767,0.46552678738444114,False,3,pattern,1000,274131568,,sub-03,subject,0.05009570700968465,,0.07989201079892011,1.4303685882138848,10000,13730506320845282531,0.7268038410675274,0.36502727776944677,,,0.1436305276596835,0.0699061263428547,False
LOC,correlation,weights_sorted_fMRI1_test_100_dot_product_rdm.csv,L1,cosine,100,4950,0.9932821775910973,0.9848752464191873,0.9915127324109534,0.9948540460218066,0.9808977376132256,0.9884142956901815,False,3,pattern,1000,274131568,0.5589913503125625,F1+F2+F3,group_mean,0.8567218070570434,0.855565;0.854638;0.859962,0.9955004499550045,-2.661892513653713,10000,13116174186720867661,,,0.8606945864519471,,-0.03199193333286963,-0.029963432933435567,False
LOC,correlation,weights_sorted_fMRI1_test_100_dot_product_rdm.csv,L1,cosine,100,4950,0.9932821775910973,0.9848752464191873,0.9915127324109534,0.9948540460218066,0.9808977376132256,0.9884142956901815,False,3,pattern,1000,274131568,0.5589913503125625,sub-01,subject,0.8555650296748517,,0.9965003499650035,-2.9487131669585223,10000,13116174186720867662,0.9937837237440482,0.9859954396678099,0.861389929273584,0.1638855755675248,-0.04717078704882876,-0.04416407842794261,False
LOC,correlation,weights_sorted_fMRI1_test_100_dot_product_rdm.csv,L1,cosine,100,4950,0.9932821775910973,0.9848752464191873,0.9915127324109534,0.9948540460218066,0.9808977376132256,0.9884142956901815,False,3,pattern,1000,274131568,0.5589913503125625,sub-02,subject,0.8546381961143623,,0.832016798320168,-0.9748187130974855,10000,13116174186720867663,0.9915646607547265,0.9810331383566003,0.8570578888133424,0.19304229597369058,-0.018930861537928365,-0.017762564375929824,False
LOC,correlation,weights_sorted_fMRI1_test_100_dot_product_rdm.csv,L1,cosine,100,4950,0.9932821775910973,0.9848752464191873,0.9915127324109534,0.9948540460218066,0.9808977376132256,0.9884142956901815,False,3,pattern,1000,274131568,0.5589913503125625,sub-03,subject,0.8599621953819162,,0.9811018898110189,-2.115745673319619,10000,13116174186720867664,0.9944981482745172,0.9875971612331519,0.8636359412689146,0.1467120805157802,-0.030301607902197398,-0.02833669523478363,False
LOC,correlation,weights_sorted_fMRI1_test_100_dot_product_rdm.csv,L2,corr,100,4950,0.7241934905900478,0.35848481513640723,0.6734769256028614,0.7719487474199094,0.23837233883170975,0.4737874740037173,False,3,pattern,1000,274131568,,F1+F2+F3,group_mean,-0.0509135913255311,-0.074119;-0.026424;-0.052197,0.9963003699630038,-2.750126422328025,10000,13116174186720867661,,,,,-0.14202440152495147,-0.070303851093785,False
LOC,correlation,weights_sorted_fMRI1_test_100_dot_product_rdm.csv,L2,corr,100,4950,0.7241934905900478,0.35848481513640723,0.6734769256028614,0.7719487474199094,0.23837233883170975,0.4737874740037173,False,3,pattern,1000,274131568,,sub-01,subject,-0.07411904759753978,,0.9965003499650035,-2.9487131669582096,10000,13116174186720867662,0.7400056061839155,0.3839990610796454,,,-0.20675644955655012,-0.102347022668141,False
LOC,correlation,weights_sorted_fMRI1_test_100_dot_product_rdm.csv,L2,corr,100,4950,0.7241934905900478,0.35848481513640723,0.6734769256028614,0.7719487474199094,0.23837233883170975,0.4737874740037173,False,3,pattern,1000,274131568,,sub-02,subject,-0.026424401830886703,,0.832016798320168,-0.9748187130974508,10000,13116174186720867663,0.6866333690730244,0.29727279570613435,,,-0.07371135600494526,-0.036488041074985385,False
LOC,correlation,weights_sorted_fMRI1_test_100_dot_product_rdm.csv,L2,corr,100,4950,0.7241934905900478,0.35848481513640723,0.6734769256028614,0.7719487474199094,0.23837233883170975,0.4737874740037173,False,3,pattern,1000,274131568,,sub-03,subject,-0.05219732454816682,,0.9811018898110189,-2.1157456733200677,10000,13116174186720867664,0.7459414965132034,0.394182588623442,,,-0.14560539901335903,-0.07207648953822858,False
LOC,correlation,weights_sorted_fMRI1_test_100_dot_product_rdm.csv,L3,spearman,100,4950,0.7166139740598726,0.3487817515255589,0.6647006846844156,0.7658287681330188,0.22913171291889767,0.46552678738444114,False,3,pattern,1000,274131568,,F1+F2+F3,group_mean,-0.04234800477479724,-0.069822;-0.020560;-0.036662,0.9522047795220479,-1.6688193370970443,10000,13116174186720867661,,,,,-0.12141691642285923,-0.05909458412439372,False
LOC,correlation,weights_sorted_fMRI1_test_100_dot_product_rdm.csv,L3,spearman,100,4950,0.7166139740598726,0.3487817515255589,0.6647006846844156,0.7658287681330188,0.22913171291889767,0.46552678738444114,False,3,pattern,1000,274131568,,sub-01,subject,-0.06982201660823299,,0.9767023297670233,-2.0281987437055355,10000,13116174186720867662,0.7293212272668476,0.3648790693766147,,,-0.20018827333377961,-0.09743323342226566,False
LOC,correlation,weights_sorted_fMRI1_test_100_dot_product_rdm.csv,L3,spearman,100,4950,0.7166139740598726,0.3487817515255589,0.6647006846844156,0.7658287681330188,0.22913171291889767,0.46552678738444114,False,3,pattern,1000,274131568,,sub-02,subject,-0.020559566597676427,,0.712928707129287,-0.5504494536397441,10000,13116174186720867663,0.693716853845243,0.3164389074306153,,,-0.05894679554692761,-0.028689876756378588,False
LOC,correlation,weights_sorted_fMRI1_test_100_dot_product_rdm.csv,L3,spearman,100,4950,0.7166139740598726,0.3487817515255589,0.6647006846844156,0.7658287681330188,0.22913171291889767,0.46552678738444114,False,3,pattern,1000,274131568,,sub-03,subject,-0.036662431118482317,,0.8600139986001399,-1.0815112585972813,10000,13116174186720867664,0.7268038410675274,0.36502727776944677,,,-0.1051156803878705,-0.05116064219453694,False
LOC,correlation,weights_sorted_fMRI1_test_100_euclidean_rdm.csv,L1,cosine,100,4950,0.9932821775910973,0.9848752464191873,0.9915127324109534,0.9948540460218066,0.9808977376132256,0.9884142956901815,False,3,pattern,1000,274131568,0.1584528529687979,F1+F2+F3,group_mean,0.9758698520633194,0.977830;0.970698;0.979082,0.0031996800319968005,2.7707281266736246,10000,12789112940224746655,,,0.9738886836713583,,0.18032649859963185,0.1021563417175025,False
LOC,correlation,weights_sorted_fMRI1_test_100_euclidean_rdm.csv,L1,cosine,100,4950,0.9932821775910973,0.9848752464191873,0.9915127324109534,0.9948540460218066,0.9808977376132256,0.9884142956901815,False,3,pattern,1000,274131568,0.1584528529687979,sub-01,subject,0.977829563398455,,0.0007999200079992001,3.431069028065142,10000,12789112940224746656,0.9937837237440482,0.9859954396678099,0.9746754743819355,0.1638855755675248,0.30923132448451157,0.16951358771426145,False
LOC,correlation,weights_sorted_fMRI1_test_100_euclidean_rdm.csv,L1,cosine,100,4950,0.9932821775910973,0.9848752464191873,0.9915127324109534,0.9948540460218066,0.9808977376132256,0.9884142956901815,False,3,pattern,1000,274131568,0.1584528529687979,sub-02,subject,0.9706979912641747,,0.21747825217478253,0.7902166760798013,10000,12789112940224746657,0.9915646607547265,0.9810331383566003,0.9697737063821767,0.19304229597369058,0.06120467712118735,0.039317098665573265,False
LOC,correlation,weights_sorted_fMRI1_test_100_euclidean_rdm.csv,L1,cosine,100,4950,0.9932821775910973,0.9848752464191873,0.9915127324109534,0.9948540460218066,0.9808977376132256,0.9884142956901815,False,3,pattern,1000,274131568,0.1584528529687979,sub-03,subject,0.9790820015273292,,0.012198780121987801,2.304335378083558,10000,12789112940224746658,0.9944981482745172,0.9875971612331519,0.9772168702499628,0.1467120805157802,0.24354135082335412,0.11609683137469395,False
LOC,correlation,weights_sorted_fMRI1_test_100_euclidean_rdm.csv,L2,corr,100,4950,0.7241934905900478,0.35848481513640723,0.6734769256028614,0.7719487474199094,0.23837233883170975,0.4737874740037173,False,3,pattern,1000,274131568,,F1+F2+F3,group_mean,0.07910958645871029,0.124443;0.030966;0.081920,0.0018998100189981002,2.8895696937270494,10000,12789112940224746655,,,,,0.22067764970353979,0.10923819046516772,False
LOC,correlation,weights_sorted_fMRI1_test_100_euclidean_rdm.csv,L2,corr,100,4950,0.7241934905900478,0.35848481513640723,0.6734769256028614,0.7719487474199094,0.23837233883170975,0.4737874740037173,False,3,pattern,1000,274131568,,sub-01,subject,0.12444329330079491,,0.0007999200079992001,3.4310690280640785,10000,12789112940224746656,0.7400056061839155,0.3839990610796454,,,0.34713686060438276,0.17183707796020484,False
LOC,correlation,weights_sorted_fMRI1_test_100_euclidean_rdm.csv,L2,corr,100,4950,0.7241934905900478,0.35848481513640723,0.6734769256028614,0.7719487474199094,0.23837233883170975,0.4737874740037173,False,3,pattern,1000,274131568,,sub-02,subject,0.030965502823823134,,0.21747825217478253,0.7902166760805521,10000,12789112940224746657,0.6866333690730244,0.29727279570613435,,,0.08637884093372389,0.042758604193740425,False
LOC,correlation,weights_sorted_fMRI1_test_100_euclidean_rdm.csv,L2,corr,100,4950,0.7241934905900478,0.35848481513640723,0.6734769256028614,0.7719487474199094,0.23837233883170975,0.4737874740037173,False,3,pattern,1000,274131568,,sub-03,subject,0.08191996325151282,,0.012198780121987801,2.3043353780837275,10000,12789112940224746658,0.7459414965132034,0.394182588623442,,,0.2285172475725127,0.11311888924155791,False
LOC,correlation,weights_sorted_fMRI1_test_100_euclidean_rdm.csv,L3,spearman,100,4950,0.7166139740598726,0.3487817515255589,0.6647006846844156,0.7658287681330188,0.22913171291889767,0.46552678738444114,False,3,pattern,1000,274131568,,F1+F2+F3,group_mean,0.07506037232274872,0.126445;0.034106;0.064630,0.014698530146985302,2.1768110348548086,10000,12789112940224746655,,,,,0.2152072807549057,0.10474310443250925,False
LOC,correlation,weights_sorted_fMRI1_test_100_euclidean_rdm.csv,L3,spearman,100,4950,0.7166139740598726,0.3487817515255589,0.6647006846844156,0.7658287681330188,0.22913171291889767,0.46552678738444114,False,3,pattern,1000,274131568,,sub-01,subject,0.12644469675348527,,0.0032996700329967,2.766836537832418,10000,12789112940224746656,0.7293212272668476,0.3648790693766147,,,0.36253243238908195,0.1764474338075368,False
LOC,correlation,weights_sorted_fMRI1_test_100_euclidean_rdm.csv,L3,spearman,100,4950,0.7166139740598726,0.3487817515255589,0.6647006846844156,0.7658287681330188,0.22913171291889767,0.46552678738444114,False,3,pattern,1000,274131568,,sub-02,subject,0.03410600883088404,,0.24497550244975502,0.6977093945695043,10000,12789112940224746657,0.693716853845243,0.3164389074306153,,,0.09778610458174941,0.04759327903928721,False
LOC,correlation,weights_sorted_fMRI1_test_100_euclidean_rdm.csv,L3,spearman,100,4950,0.7166139740598726,0.3487817515255589,0.6647006846844156,0.7658287681330188,0.22913171291889767,0.46552678738444114,False,3,pattern,1000,274131568,,sub-03,subject,0.06463041138387682,,0.08339166083391661,1.4186343689330763,10000,12789112940224746658,0.7268038410675274,0.36502727776944677,,,0.18530330529388567,0.09018860045070373,False
LOC,euclidean_centered,weights_sorted_fMRI1_test_100_choice_probability_rdm.csv,L1,cosine,100,4950,0.9982029733960704,0.9959559863421178,0.9975163869454824,0.9987729550731228,0.9944114780425309,0.9972387951892723,False,3,pattern,1000,274131568,0.6215286405986206,F1+F2+F3,group_mean,0.8418771189949125,0.841981;0.839159;0.844492,1.0,-7.974470366053562,10000,12429270699066063476,,,0.8460394268945949,,-0.02776416371227755,-0.02735417250308406,False
LOC,euclidean_centered,weights_sorted_fMRI1_test_100_choice_probability_rdm.csv,L1,cosine,100,4950,0.9982029733960704,0.9959559863421178,0.9975163869454824,0.9987729550731228,0.9944114780425309,0.9972387951892723,False,3,pattern,1000,274131568,0.6215286405986206,sub-01,subject,0.8419810248142883,,1.0,-5.7752323444697415,10000,12429270699066063477,0.9983135101509367,0.9962041775031458,0.8460824776016806,0.08757481508298583,-0.02736609572873616,-0.02696186839238293,False
LOC,euclidean_centered,weights_sorted_fMRI1_test_100_choice_probability_rdm.csv,L1,cosine,100,4950,0.9982029733960704,0.9959559863421178,0.9975163869454824,0.9987729550731228,0.9944114780425309,0.9972387951892723,False,3,pattern,1000,274131568,0.6215286405986206,sub-02,subject,0.839158567598877,,0.9999000099990001,-6.603070338499011,10000,12429270699066063478,0.9977642321495103,0.9949703247639904,0.8447475654899779,0.10419502390908592,-0.03696221321275576,-0.03642099009323348,False
LOC,euclidean_centered,weights_sorted_fMRI1_test_100_choice_probability_rdm.csv,L1,cosine,100,4950,0.9982029733960704,0.9959559863421178,0.9975163869454824,0.9987729550731228,0.9944114780425309,0.9972387951892723,False,3,pattern,1000,274131568,0.6215286405986206,sub-03,subject,0.8444917645715724,,1.0,-5.1041066026621,10000,12429270699066063479,0.9985311778877641,0.9966934567592172,0.8472882375921262,0.06930655272187693,-0.018810219728668736,-0.01853015217935246,False
LOC,euclidean_centered,weights_sorted_fMRI1_test_100_choice_probability_rdm.csv,L2,corr,100,4950,0.7375684253257283,0.38980998237383885,0.6955595039331774,0.777218472224161,0.2887822319779457,0.4849988339907162,False,3,pattern,1000,274131568,,F1+F2+F3,group_mean,-0.08984631325840851,-0.089607;-0.102633;-0.077298,1.0,-7.885877259949664,10000,12429270699066063476,,,,,-0.230487461381231,-0.12181420756824043,False
LOC,euclidean_centered,weights_sorted_fMRI1_test_100_choice_probability_rdm.csv,L2,corr,100,4950,0.7375684253257283,0.38980998237383885,0.6955595039331774,0.777218472224161,0.2887822319779457,0.4849988339907162,False,3,pattern,1000,274131568,,sub-01,subject,-0.08960717678160475,,1.0,-5.775232344466827,10000,12429270699066063477,0.7513196315654063,0.4131305057738593,,,-0.22987399203047837,-0.12148998479975878,False
LOC,euclidean_centered,weights_sorted_fMRI1_test_100_choice_probability_rdm.csv,L2,corr,100,4950,0.7375684253257283,0.38980998237383885,0.6955595039331774,0.777218472224161,0.2887822319779457,0.4849988339907162,False,3,pattern,1000,274131568,,sub-02,subject,-0.1026333691157044,,0.9999000099990001,-6.603070338496636,10000,12429270699066063478,0.7212817919458714,0.36242948348543746,,,-0.2632907666722503,-0.13915097988417685,False
LOC,euclidean_centered,weights_sorted_fMRI1_test_100_choice_probability_rdm.csv,L2,corr,100,4950,0.7375684253257283,0.38980998237383885,0.6955595039331774,0.777218472224161,0.2887822319779457,0.4849988339907162,False,3,pattern,1000,274131568,,sub-03,subject,-0.07729839387791636,,1.0,-5.104106602661645,10000,12429270699066063479,0.7401038524659074,0.3938699578622198,,,-0.19829762544096421,-0.10480165802078566,False
LOC,euclidean_centered,weights_sorted_fMRI1_test_100_choice_probability_rdm.csv,L3,spearman,100,4950,0.7182097014674121,0.35221173257270216,0.67362828643509,0.7591679378891716,0.24789928509270442,0.4482911761318537,False,3,pattern,1000,274131568,,F1+F2+F3,group_mean,-0.08805834148763457,-0.082360;-0.110678;-0.071137,1.0,-5.369167869323118,10000,12429270699066063476,,,,,-0.2500153553784808,-0.12260812031321483,False
LOC,euclidean_centered,weights_sorted_fMRI1_test_100_choice_probability_rdm.csv,L3,spearman,100,4950,0.7182097014674121,0.35221173257270216,0.67362828643509,0.7591679378891716,0.24789928509270442,0.4482911761318537,False,3,pattern,1000,274131568,,sub-01,subject,-0.08235986482254506,,0.9989001099890011,-3.693567029133976,10000,12429270699066063477,0.7509340808035826,0.4026087321457566,,,-0.233836233168481,-0.11467384059874335,False
LOC,euclidean_centered,weights_sorted_fMRI1_test_100_choice_probability_rdm.csv,L3,spearman,100,4950,0.7182097014674121,0.35221173257270216,0.67362828643509,0.7591679378891716,0.24789928509270442,0.4482911761318537,False,3,pattern,1000,274131568,,sub-02,subject,-0.11067779410557019,,0.9999000099990001,-4.927453914029228,10000,12429270699066063478,0.7180160101969638,0.3481200491638773,,,-0.31423653407889957,-0.1541023379097199,False
LOC,euclidean_centered,weights_sorted_fMRI1_test_100_choice_probability_rdm.csv,L3,spearman,100,4950,0.7182097014674121,0.35221173257270216,0.67362828643509,0.7591679378891716,0.24789928509270442,0.4482911761318537,False,3,pattern,1000,274131568,,sub-03,subject,-0.07113736553478843,,0.9988001199880012,-3.3152266239077193,10000,12429270699066063479,0.68567901340169,0.3059064164084726,,,-0.2019732988880617,-0.0990481824311812,False
LOC,euclidean_centered,weights_sorted_fMRI1_test_100_cosine_rdm.csv,L1,cosine,100,4950,0.9982029733960704,0.9959559863421178,0.9975163869454824,0.9987729550731228,0.9944114780425309,0.9972387951892723,False,3,pattern,1000,274131568,0.2607311040005725,F1+F2+F3,group_mean,0.966198145428952,0.966494;0.965492;0.966608,9.999000099990002e-05,5.524325779309675,10000,1397308926575765560,,,0.9639115261160368,,0.07135771040556034,0.0666819132549876,False
LOC,euclidean_centered,weights_sorted_fMRI1_test_100_cosine_rdm.csv,L1,cosine,100,4950,0.9982029733960704,0.9959559863421178,0.9975163869454824,0.9987729550731228,0.9944114780425309,0.9972387951892723,False,3,pattern,1000,274131568,0.2607311040005725,sub-01,subject,0.9664944568102544,,9.999000099990002e-05,4.584811130291869,10000,1397308926575765561,0.9983135101509367,0.9962041775031458,0.9639605747436163,0.08757481508298583,0.079195170183613,0.07399838114017365,False
LOC,euclidean_centered,weights_sorted_fMRI1_test_100_cosine_rdm.csv,L1,cosine,100,4950,0.9982029733960704,0.9959559863421178,0.9975163869454824,0.9987729550731228,0.9944114780425309,0.9972387951892723,False,3,pattern,1000,274131568,0.2607311040005725,sub-02,subject,0.9654917227440223,,9.999000099990002e-05,4.416023391167602,10000,1397308926575765562,0.9977642321495103,0.9949703247639904,0.9624396797002904,0.10419502390908592,0.09106143694016082,0.08534009953596611,False
LOC,euclidean_centered,weights_sorted_fMRI1_test_100_cosine_rdm.csv,L1,cosine,100,4950,0.9982029733960704,0.9959559863421178,0.9975163869454824,0.9987729550731228,0.9944114780425309,0.9972387951892723,False,3,pattern,1000,274131568,0.2607311040005725,sub-03,subject,0.9666082567325796,,0.0016998300169983002,3.0975726062767235,10000,1397308926575765563,0.9985311778877641,0.9966934567592172,0.9653343239042035,0.06930655272187693,0.04160234053128166,0.03875829545997289,False
LOC,euclidean_centered,weights_sorted_fMRI1_test_100_cosine_rdm.csv,L2,corr,100,4950,0.7375684253257283,0.38980998237383885,0.6955595039331774,0.777218472224161,0.2887822319779457,0.4849988339907162,False,3,pattern,1000,274131568,,F1+F2+F3,group_mean,0.10132153237063894,0.114828;0.116475;0.072662,9.999000099990002e-05,5.465853753920672,10000,1397308926575765560,,,,,0.25992544304180676,0.13737238321433415,False
LOC,euclidean_centered,weights_sorted_fMRI1_test_100_cosine_rdm.csv,L2,corr,100,4950,0.7375684253257283,0.38980998237383885,0.6955595039331774,0.777218472224161,0.2887822319779457,0.4849988339907162,False,3,pattern,1000,274131568,,sub-01,subject,0.11482824295562054,,9.999000099990002e-05,4.584811130291716,10000,1397308926575765561,0.7513196315654063,0.4131305057738593,,,0.29457491636398625,0.15568486802415596,False
LOC,euclidean_centered,weights_sorted_fMRI1_test_100_cosine_rdm.csv,L2,corr,100,4950,0.7375684253257283,0.38980998237383885,0.6955595039331774,0.777218472224161,0.2887822319779457,0.4849988339907162,False,3,pattern,1000,274131568,,sub-02,subject,0.11647465708922464,,9.999000099990002e-05,4.416023391170138,10000,1397308926575765562,0.7212817919458714,0.36242948348543746,,,0.29879854892356794,0.1579170868625329,False
LOC,euclidean_centered,weights_sorted_fMRI1_test_100_cosine_rdm.csv,L2,corr,100,4950,0.7375684253257283,0.38980998237383885,0.6955595039331774,0.777218472224161,0.2887822319779457,0.4849988339907162,False,3,pattern,1000,274131568,,sub-03,subject,0.07266169706707168,,0.0016998300169983002,3.097572606276566,10000,1397308926575765563,0.7401038524659074,0.3938699578622198,,,0.18640286383786614,0.09851519475631361,False
LOC,euclidean_centered,weights_sorted_fMRI1_test_100_cosine_rdm.csv,L3,spearman,100,4950,0.7182097014674121,0.35221173257270216,0.67362828643509,0.7591679378891716,0.24789928509270442,0.4482911761318537,False,3,pattern,1000,274131568,,F1+F2+F3,group_mean,0.10797521523140653,0.116521;0.143230;0.064174,9.999000099990002e-05,4.619143205586483,10000,1397308926575765560,,,,,0.30656336869504686,0.15033939949682756,False
LOC,euclidean_centered,weights_sorted_fMRI1_test_100_cosine_rdm.csv,L3,spearman,100,4950,0.7182097014674121,0.35221173257270216,0.67362828643509,0.7591679378891716,0.24789928509270442,0.4482911761318537,False,3,pattern,1000,274131568,,sub-01,subject,0.11652131640890502,,9.999000099990002e-05,3.715481439974746,10000,1397308926575765561,0.7509340808035826,0.4026087321457566,,,0.3308274700498603,0.16223857206444603,False
LOC,euclidean_centered,weights_sorted_fMRI1_test_100_cosine_rdm.csv,L3,spearman,100,4950,0.7182097014674121,0.35221173257270216,0.67362828643509,0.7591679378891716,0.24789928509270442,0.4482911761318537,False,3,pattern,1000,274131568,,sub-02,subject,0.14323011854275094,,9.999000099990002e-05,4.467115813331114,10000,1397308926575765562,0.7180160101969638,0.3481200491638773,,,0.4066591351075619,0.19942659957128112,False
LOC,euclidean_centered,weights_sorted_fMRI1_test_100_cosine_rdm.csv,L3,spearman,100,4950,0.7182097014674121,0.35221173257270216,0.67362828643509,0.7591679378891716,0.24789928509270442,0.4482911761318537,False,3,pattern,1000,274131568,,sub-03,subject,0.06417421074256364,,0.019698030196980302,2.121267678420266,10000,1397308926575765563,0.68567901340169,0.3059064164084726,,,0.1822035009277184,0.08935302685475555,False
LOC,euclidean_centered,weights_sorted_fMRI1_test_100_dot_product_rdm.csv,L1,cosine,100,4950,0.9982029733960704,0.9959559863421178,0.9975163869454824,0.9987729550731228,0.9944114780425309,0.9972387951892723,False,3,pattern,1000,274131568,0.5589913503125625,F1+F2+F3,group_mean,0.8651611859207659,0.864781;0.862266;0.868436,1.0,-5.557968429537757,10000,18060279456820579972,,,0.86950876611166,,-0.03438256833934635,-0.03378225238441439,False
LOC,euclidean_centered,weights_sorted_fMRI1_test_100_dot_product_rdm.csv,L1,cosine,100,4950,0.9982029733960704,0.9959559863421178,0.9975163869454824,0.9987729550731228,0.9944114780425309,0.9972387951892723,False,3,pattern,1000,274131568,0.5589913503125625,sub-01,subject,0.8647813325118777,,1.0,-4.662850405209488,10000,18060279456820579973,0.9983135101509367,0.9962041775031458,0.8695530110558177,0.08757481508298583,-0.03774973281390137,-0.03709039985040879,False
LOC,euclidean_centered,weights_sorted_fMRI1_test_100_dot_product_rdm.csv,L1,cosine,100,4950,0.9982029733960704,0.9959559863421178,0.9975163869454824,0.9987729550731228,0.9944114780425309,0.9972387951892723,False,3,pattern,1000,274131568,0.5589913503125625,sub-02,subject,0.8622661362201295,,1.0,-4.578183302687516,10000,18060279456820579974,0.9977642321495103,0.9949703247639904,0.8681810681578672,0.10419502390908592,-0.046291807670801564,-0.045491810990628365,False
LOC,euclidean_centered,weights_sorted_fMRI1_test_100_dot_product_rdm.csv,L1,cosine,100,4950,0.9982029733960704,0.9959559863421178,0.9975163869454824,0.9987729550731228,0.9944114780425309,0.9972387951892723,False,3,pattern,1000,274131568,0.5589913503125625,sub-03,subject,0.8684360890302905,,0.9988001199880012,-3.093699761850784,10000,18060279456820579975,0.9985311778877641,0.9966934567592172,0.8707922191212946,0.06930655272187693,-0.018824378199221545,-0.018492395751169014,False
LOC,euclidean_centered,weights_sorted_fMRI1_test_100_dot_product_rdm.csv,L2,corr,100,4950,0.7375684253257283,0.38980998237383885,0.6955595039331774,0.777218472224161,0.2887822319779457,0.4849988339907162,False,3,pattern,1000,274131568,,F1+F2+F3,group_mean,-0.10017826213301578,-0.112623;-0.117426;-0.070486,1.0,-5.474068619196402,10000,18060279456820579972,,,,,-0.2569925519171081,-0.13582233009605124,False
LOC,euclidean_centered,weights_sorted_fMRI1_test_100_dot_product_rdm.csv,L2,corr,100,4950,0.7375684253257283,0.38980998237383885,0.6955595039331774,0.777218472224161,0.2887822319779457,0.4849988339907162,False,3,pattern,1000,274131568,,sub-01,subject,-0.1126231044603503,,1.0,-4.6628504052098485,10000,18060279456820579973,0.7513196315654063,0.4131305057738593,,,-0.288917958884751,-0.15269512711395308,False
LOC,euclidean_centered,weights_sorted_fMRI1_test_100_dot_product_rdm.csv,L2,corr,100,4950,0.7375684253257283,0.38980998237383885,0.6955595039331774,0.777218472224161,0.2887822319779457,0.4849988339907162,False,3,pattern,1000,274131568,,sub-02,subject,-0.11742577179701373,,1.0,-4.578183302685811,10000,18060279456820579974,0.7212817919458714,0.36242948348543746,,,-0.3012384933857314,-0.1592066142814555,False
LOC,euclidean_centered,weights_sorted_fMRI1_test_100_dot_product_rdm.csv,L2,corr,100,4950,0.7375684253257283,0.38980998237383885,0.6955595039331774,0.777218472224161,0.2887822319779457,0.4849988339907162,False,3,pattern,1000,274131568,,sub-03,subject,-0.07048591014168333,,0.9988001199880012,-3.0936997618541016,10000,18060279456820579975,0.7401038524659074,0.3938699578622198,,,-0.18082120348084196,-0.09556524889274513,False
LOC,euclidean_centered,weights_sorted_fMRI1_test_100_dot_product_rdm.csv,L3,spearman,100,4950,0.7182097014674121,0.35221173257270216,0.67362828643509,0.7591679378891716,0.24789928509270442,0.4482911761318537,False,3,pattern,1000,274131568,,F1+F2+F3,group_mean,-0.10652715735095619,-0.112641;-0.143688;-0.063253,1.0,-4.560071256759466,10000,18060279456820579972,,,,,-0.30245204091538114,-0.1483231946509563,False
LOC,euclidean_centered,weights_sorted_fMRI1_test_100_dot_product_rdm.csv,L3,spearman,100,4950,0.7182097014674121,0.35221173257270216,0.67362828643509,0.7591679378891716,0.24789928509270442,0.4482911761318537,False,3,pattern,1000,274131568,,sub-01,subject,-0.11264073600052475,,1.0,-3.6301162914319893,10000,18060279456820579973,0.7509340808035826,0.4026087321457566,,,-0.3198097212087445,-0.1568354420309034,False
LOC,euclidean_centered,weights_sorted_fMRI1_test_100_dot_product_rdm.csv,L3,spearman,100,4950,0.7182097014674121,0.35221173257270216,0.67362828643509,0.7591679378891716,0.24789928509270442,0.4482911761318537,False,3,pattern,1000,274131568,,sub-02,subject,-0.14368800994543457,,1.0,-4.584423285835642,10000,18060279456820579974,0.7180160101969638,0.3481200491638773,,,-0.40795918096162526,-0.20006414512621873,False
LOC,euclidean_centered,weights_sorted_fMRI1_test_100_dot_product_rdm.csv,L3,spearman,100,4950,0.7182097014674121,0.35221173257270216,0.67362828643509,0.7591679378891716,0.24789928509270442,0.4482911761318537,False,3,pattern,1000,274131568,,sub-03,subject,-0.06325272610690927,,0.9823017698230176,-2.1337812277648607,10000,18060279456820579975,0.68567901340169,0.3059064164084726,,,-0.17958722057577367,-0.08806999679574683,False
LOC,euclidean_centered,weights_sorted_fMRI1_test_100_euclidean_rdm.csv,L1,cosine,100,4950,0.9982029733960704,0.9959559863421178,0.9975163869454824,0.9987729550731228,0.9944114780425309,0.9972387951892723,False,3,pattern,1000,274131568,0.1584528529687979,F1+F2+F3,group_mean,0.9853255179286776,0.985587;0.984224;0.986166,0.00019998000199980003,4.111259179588721,10000,4820122917300918100,,,0.9838620586194065,,0.12100777702870803,0.102047835306333,False
LOC,euclidean_centered,weights_sorted_fMRI1_test_100_euclidean_rdm.csv,L1,cosine,100,4950,0.9982029733960704,0.9959559863421178,0.9975163869454824,0.9987729550731228,0.9944114780425309,0.9972387951892723,False,3,pattern,1000,274131568,0.1584528529687979,sub-01,subject,0.9855865246101575,,0.00039996000399960006,3.563013680475313,10000,4820122917300918101,0.9983135101509367,0.9962041775031458,0.9839121224296167,0.08757481508298583,0.13902533212807658,0.11716602352591192,False
LOC,euclidean_centered,weights_sorted_fMRI1_test_100_euclidean_rdm.csv,L1,cosine,100,4950,0.9982029733960704,0.9959559863421178,0.9975163869454824,0.9987729550731228,0.9944114780425309,0.9972387951892723,False,3,pattern,1000,274131568,0.1584528529687979,sub-02,subject,0.9842237953023244,,0.0031996800319968005,3.086327702550292,10000,4820122917300918102,0.9977642321495103,0.9949703247639904,0.982359748702642,0.10419502390908592,0.13710017793968837,0.11765575731912715,False
LOC,euclidean_centered,weights_sorted_fMRI1_test_100_euclidean_rdm.csv,L1,cosine,100,4950,0.9982029733960704,0.9959559863421178,0.9975163869454824,0.9987729550731228,0.9944114780425309,0.9972387951892723,False,3,pattern,1000,274131568,0.1584528529687979,sub-03,subject,0.9861662338735508,,0.007099290070992901,2.463249389097291,10000,4820122917300918103,0.9985311778877641,0.9966934567592172,0.9853143047259608,0.06930655272187693,0.08005587634726491,0.06609908047103041,False
LOC,euclidean_centered,weights_sorted_fMRI1_test_100_euclidean_rdm.csv,L2,corr,100,4950,0.7375684253257283,0.38980998237383885,0.6955595039331774,0.777218472224161,0.2887822319779457,0.4849988339907162,False,3,pattern,1000,274131568,,F1+F2+F3,group_mean,0.1052153535609589,0.122428;0.114739;0.078479,0.00019998000199980003,4.089290109854231,10000,4820122917300918100,,,,,0.26991446683901077,0.14265165094952814,False
LOC,euclidean_centered,weights_sorted_fMRI1_test_100_euclidean_rdm.csv,L2,corr,100,4950,0.7375684253257283,0.38980998237383885,0.6955595039331774,0.777218472224161,0.2887822319779457,0.4849988339907162,False,3,pattern,1000,274131568,,sub-01,subject,0.12242839849217906,,0.00039996000399960006,3.5630136804743975,10000,4820122917300918101,0.7513196315654063,0.4131305057738593,,,0.3140719941203731,0.16598920762926053,False
LOC,euclidean_centered,weights_sorted_fMRI1_test_100_euclidean_rdm.csv,L2,corr,100,4950,0.7375684253257283,0.38980998237383885,0.6955595039331774,0.777218472224161,0.2887822319779457,0.4849988339907162,False,3,pattern,1000,274131568,,sub-02,subject,0.11473873830426265,,0.0031996800319968005,3.0863277025522065,10000,4820122917300918102,0.7212817919458714,0.36242948348543746,,,0.29434530538580445,0.15556351704398302,False
LOC,euclidean_centered,weights_sorted_fMRI1_test_100_euclidean_rdm.csv,L2,corr,100,4950,0.7375684253257283,0.38980998237383885,0.6955595039331774,0.777218472224161,0.2887822319779457,0.4849988339907162,False,3,pattern,1000,274131568,,sub-03,subject,0.07847892388643501,,0.007099290070992901,2.463249389096092,10000,4820122917300918103,0.7401038524659074,0.3938699578622198,,,0.20132610101085482,0.10640222817534088,False
LOC,euclidean_centered,weights_sorted_fMRI1_test_100_euclidean_rdm.csv,L3,spearman,100,4950,0.7182097014674121,0.35221173257270216,0.67362828643509,0.7591679378891716,0.24789928509270442,0.4482911761318537,False,3,pattern,1000,274131568,,F1+F2+F3,group_mean,0.10994907598790005,0.124029;0.141681;0.064137,0.00029997000299970003,3.5845185768829086,10000,4820122917300918100,,,,,0.3121675566704888,0.15308770650585377,False
LOC,euclidean_centered,weights_sorted_fMRI1_test_100_euclidean_rdm.csv,L3,spearman,100,4950,0.7182097014674121,0.35221173257270216,0.67362828643509,0.7591679378891716,0.24789928509270442,0.4482911761318537,False,3,pattern,1000,274131568,,sub-01,subject,0.12402906317284766,,0.0011998800119988001,3.0379395918005403,10000,4820122917300918101,0.7509340808035826,0.4026087321457566,,,0.3521434742303653,0.17269199082028178,False
LOC,euclidean_centered,weights_sorted_fMRI1_test_100_euclidean_rdm.csv,L3,spearman,100,4950,0.7182097014674121,0.35221173257270216,0.67362828643509,0.7591679378891716,0.24789928509270442,0.4482911761318537,False,3,pattern,1000,274131568,,sub-02,subject,0.14168101465895377,,0.0005999400059994001,3.430780494110963,10000,4820122917300918102,0.7180160101969638,0.3481200491638773,,,0.40226091738641484,0.19726970322104787,False
LOC,euclidean_centered,weights_sorted_fMRI1_test_100_euclidean_rdm.csv,L3,spearman,100,4950,0.7182097014674121,0.35221173257270216,0.67362828643509,0.7591679378891716,0.24789928509270442,0.4482911761318537,False,3,pattern,1000,274131568,,sub-03,subject,0.06413715013189868,,0.048795120487951205,1.6601454745724387,10000,4820122917300918103,0.68567901340169,0.3059064164084726,,,0.18209827839468617,0.08930142547623164,False
LOC,crossnobis,weights_sorted_fMRI1_test_100_choice_probability_rdm.csv,L1,cosine,100,4950,0.9919971673344913,0.9820110668051241,0.9909709989277639,0.9930319446662478,0.9797111254326656,0.9843330907301997,False,3,pattern,1000,274131568,0.6215286405986206,F1+F2+F3,group_mean,0.8300905945693215,0.844394;0.836644;0.809233,1.0,-9.362996677091344,10000,8737006305195588953,,,0.8379218238592431,,-0.05434985381152212,-0.0508272713419561,False
LOC,crossnobis,weights_sorted_fMRI1_test_100_choice_probability_rdm.csv,L1,cosine,100,4950,0.9919971673344913,0.9820110668051241,0.9909709989277639,0.9930319446662478,0.9797111254326656,0.9843330907301997,False,3,pattern,1000,274131568,0.6215286405986206,sub-01,subject,0.8443941079147924,,1.0,-7.986688013892203,10000,8737006305195588954,0.9953805506074584,0.9895647317126443,0.8479868918721699,0.05611034042599779,-0.026806984330810437,-0.02494810836131974,False
LOC,crossnobis,weights_sorted_fMRI1_test_100_choice_probability_rdm.csv,L1,cosine,100,4950,0.9919971673344913,0.9820110668051241,0.9909709989277639,0.9930319446662478,0.9797111254326656,0.9843330907301997,False,3,pattern,1000,274131568,0.6215286405986206,sub-02,subject,0.8366444248866065,,1.0,-8.116111714244104,10000,8737006305195588955,0.9946222516391464,0.9878598824150183,0.8439052797285328,0.11347001089647508,-0.052574587898329965,-0.04902938951825575,False
LOC,crossnobis,weights_sorted_fMRI1_test_100_choice_probability_rdm.csv,L1,cosine,100,4950,0.9919971673344913,0.9820110668051241,0.9909709989277639,0.9930319446662478,0.9797111254326656,0.9843330907301997,False,3,pattern,1000,274131568,0.6215286405986206,sub-03,subject,0.8092332509065656,,1.0,-6.261887501416083,10000,8737006305195588956,0.9859886997568691,0.9686085862877098,0.8218732999770266,0.26059100390389933,-0.07893234257493852,-0.07429909316546228,False
LOC,crossnobis,weights_sorted_fMRI1_test_100_choice_probability_rdm.csv,L2,corr,100,4950,0.6845578339414798,0.26325058660212475,0.6500191805370955,0.7203100171677004,0.1786559838226477,0.3490448638867419,False,3,pattern,1000,274131568,,F1+F2+F3,group_mean,-0.11331617312024837,-0.122327;-0.122436;-0.095186,1.0,-10.736584507870964,10000,8737006305195588953,,,,,-0.43044984090202126,-0.16553192075504802,False
LOC,crossnobis,weights_sorted_fMRI1_test_100_choice_probability_rdm.csv,L2,corr,100,4950,0.6845578339414798,0.26325058660212475,0.6500191805370955,0.7203100171677004,0.1786559838226477,0.3490448638867419,False,3,pattern,1000,274131568,,sub-01,subject,-0.12232672190202425,,1.0,-7.98668801389244,10000,8737006305195588954,0.7063144386399095,0.29601711217887067,,,-0.46467787016523565,-0.17869450298699158,False
LOC,crossnobis,weights_sorted_fMRI1_test_100_choice_probability_rdm.csv,L2,corr,100,4950,0.6845578339414798,0.26325058660212475,0.6500191805370955,0.7203100171677004,0.1786559838226477,0.3490448638867419,False,3,pattern,1000,274131568,,sub-02,subject,-0.12243620807179012,,1.0,-8.116111714242203,10000,8737006305195588955,0.7107849551261206,0.3032535557419738,,,-0.46509377111793265,-0.17885444005050524,False
LOC,crossnobis,weights_sorted_fMRI1_test_100_choice_probability_rdm.csv,L2,corr,100,4950,0.6845578339414798,0.26325058660212475,0.6500191805370955,0.7203100171677004,0.1786559838226477,0.3490448638867419,False,3,pattern,1000,274131568,,sub-03,subject,-0.09518558938693072,,1.0,-6.261887501416288,10000,8737006305195588956,0.6365741080584093,0.19048109188552978,,,-0.36157788142289543,-0.13904681922764728,False
LOC,crossnobis,weights_sorted_fMRI1_test_100_choice_probability_rdm.csv,L3,spearman,100,4950,0.6671530273163451,0.23419807808401905,0.6302372839348216,0.7018769656189816,0.148031739507323,0.3159941937044311,False,3,pattern,1000,274131568,,F1+F2+F3,group_mean,-0.09674151573377282,-0.086244;-0.105253;-0.098728,1.0,-6.330812486893254,10000,8737006305195588953,,,,,-0.41307561755082634,-0.14500648542796873,False
LOC,crossnobis,weights_sorted_fMRI1_test_100_choice_probability_rdm.csv,L3,spearman,100,4950,0.6671530273163451,0.23419807808401905,0.6302372839348216,0.7018769656189816,0.148031739507323,0.3159941937044311,False,3,pattern,1000,274131568,,sub-01,subject,-0.08624355002246173,,0.9999000099990001,-3.818176079865534,10000,8737006305195588954,0.6868156662681462,0.2632216520552253,,,-0.36825046015758367,-0.1292710165303162,False
LOC,crossnobis,weights_sorted_fMRI1_test_100_choice_probability_rdm.csv,L3,spearman,100,4950,0.6671530273163451,0.23419807808401905,0.6302372839348216,0.7018769656189816,0.148031739507323,0.3159941937044311,False,3,pattern,1000,274131568,,sub-02,subject,-0.10525268631628641,,1.0,-4.808861839031852,10000,8737006305195588955,0.690992488123422,0.2687301197087269,,,-0.44941737855989916,-0.15776393422011495,False
LOC,crossnobis,weights_sorted_fMRI1_test_100_choice_probability_rdm.csv,L3,spearman,100,4950,0.6671530273163451,0.23419807808401905,0.6302372839348216,0.7018769656189816,0.148031739507323,0.3159941937044311,False,3,pattern,1000,274131568,,sub-03,subject,-0.09872831086257032,,1.0,-4.631483456184403,10000,8737006305195588956,0.623650927557467,0.17064246248810497,,,-0.42155901393499623,-0.14798450553347509,False
LOC,crossnobis,weights_sorted_fMRI1_test_100_cosine_rdm.csv,L1,cosine,100,4950,0.9919971673344913,0.9820110668051241,0.9909709989277639,0.9930319446662478,0.9797111254326656,0.9843330907301997,False,3,pattern,1000,274131568,0.2607311040005725,F1+F2+F3,group_mean,0.9584155600886937,0.967968;0.965727;0.941551,9.999000099990002e-05,6.036314311481484,10000,1710466212074852755,,,0.9546629605273966,,0.13721606619443283,0.10051370799670832,False
LOC,crossnobis,weights_sorted_fMRI1_test_100_cosine_rdm.csv,L1,cosine,100,4950,0.9919971673344913,0.9820110668051241,0.9909709989277639,0.9930319446662478,0.9797111254326656,0.9843330907301997,False,3,pattern,1000,274131568,0.2607311040005725,sub-01,subject,0.9679680462388885,,9.999000099990002e-05,5.291629012263794,10000,1710466212074852756,0.9953805506074584,0.9895647317126443,0.9661303162562104,0.05611034042599779,0.11572060004455391,0.07104575570936891,False
LOC,crossnobis,weights_sorted_fMRI1_test_100_cosine_rdm.csv,L1,cosine,100,4950,0.9919971673344913,0.9820110668051241,0.9909709989277639,0.9930319446662478,0.9797111254326656,0.9843330907301997,False,3,pattern,1000,274131568,0.2607311040005725,sub-02,subject,0.96572742667014,,9.999000099990002e-05,6.086278904380236,10000,1710466212074852757,0.9946222516391464,0.9878598824150183,0.9614800448086632,0.11347001089647508,0.20687629978716798,0.13918028666962348,False
LOC,crossnobis,weights_sorted_fMRI1_test_100_cosine_rdm.csv,L1,cosine,100,4950,0.9919971673344913,0.9820110668051241,0.9909709989277639,0.9930319446662478,0.9797111254326656,0.9843330907301997,False,3,pattern,1000,274131568,0.2607311040005725,sub-03,subject,0.9415512073570523,,0.0005999400059994001,3.51023432877947,10000,1710466212074852758,0.9859886997568691,0.9686085862877098,0.9363785205173163,0.26059100390389933,0.11335520939619564,0.09300274522570225,False
LOC,crossnobis,weights_sorted_fMRI1_test_100_cosine_rdm.csv,L2,corr,100,4950,0.6845578339414798,0.26325058660212475,0.6500191805370955,0.7203100171677004,0.1786559838226477,0.3490448638867419,False,3,pattern,1000,274131568,,F1+F2+F3,group_mean,0.11993298052063779,0.129584;0.149084;0.081130,9.999000099990002e-05,7.19289321813738,10000,1710466212074852755,,,,,0.4555848557401459,0.17519773286370774,False
LOC,crossnobis,weights_sorted_fMRI1_test_100_cosine_rdm.csv,L2,corr,100,4950,0.6845578339414798,0.26325058660212475,0.6500191805370955,0.7203100171677004,0.1786559838226477,0.3490448638867419,False,3,pattern,1000,274131568,,sub-01,subject,0.12958416277442902,,9.999000099990002e-05,5.29162901226293,10000,1710466212074852756,0.7063144386399095,0.29601711217887067,,,0.492246435029912,0.18929615052145712,False
LOC,crossnobis,weights_sorted_fMRI1_test_100_cosine_rdm.csv,L2,corr,100,4950,0.6845578339414798,0.26325058660212475,0.6500191805370955,0.7203100171677004,0.1786559838226477,0.3490448638867419,False,3,pattern,1000,274131568,,sub-02,subject,0.14908449478619668,,9.999000099990002e-05,6.086278904380239,10000,1710466212074852757,0.7107849551261206,0.3032535557419738,,,0.5663216052449753,0.21778217616444853,False
LOC,crossnobis,weights_sorted_fMRI1_test_100_cosine_rdm.csv,L2,corr,100,4950,0.6845578339414798,0.26325058660212475,0.6500191805370955,0.7203100171677004,0.1786559838226477,0.3490448638867419,False,3,pattern,1000,274131568,,sub-03,subject,0.08113028400128769,,0.0005999400059994001,3.510234328780377,10000,1710466212074852758,0.6365741080584093,0.19048109188552978,,,0.3081865269455505,0.11851487190521758,False
LOC,crossnobis,weights_sorted_fMRI1_test_100_cosine_rdm.csv,L3,spearman,100,4950,0.6671530273163451,0.23419807808401905,0.6302372839348216,0.7018769656189816,0.148031739507323,0.3159941937044311,False,3,pattern,1000,274131568,,F1+F2+F3,group_mean,0.10588119363711113,0.094317;0.136907;0.086420,9.999000099990002e-05,4.890510102952235,10000,1710466212074852755,,,,,0.4521010355991309,0.15870600791998693,False
LOC,crossnobis,weights_sorted_fMRI1_test_100_cosine_rdm.csv,L3,spearman,100,4950,0.6671530273163451,0.23419807808401905,0.6302372839348216,0.7018769656189816,0.148031739507323,0.3159941937044311,False,3,pattern,1000,274131568,,sub-01,subject,0.09431653417238887,,0.0014998500149985001,2.9400430395160977,10000,1710466212074852756,0.6868156662681462,0.2632216520552253,,,0.40272121335920025,0.14137166483644936,False
LOC,crossnobis,weights_sorted_fMRI1_test_100_cosine_rdm.csv,L3,spearman,100,4950,0.6671530273163451,0.23419807808401905,0.6302372839348216,0.7018769656189816,0.148031739507323,0.3159941937044311,False,3,pattern,1000,274131568,,sub-02,subject,0.13690693874518556,,9.999000099990002e-05,4.310550161491363,10000,1710466212074852757,0.690992488123422,0.2687301197087269,,,0.5845775501883919,0.2052106985048097,False
LOC,crossnobis,weights_sorted_fMRI1_test_100_cosine_rdm.csv,L3,spearman,100,4950,0.6671530273163451,0.23419807808401905,0.6302372839348216,0.7018769656189816,0.148031739507323,0.3159941937044311,False,3,pattern,1000,274131568,,sub-03,subject,0.08642010799375892,,0.0022997700229977,2.9169436215697346,10000,1710466212074852758,0.623650927557467,0.17064246248810497,,,0.3690043432498004,0.12953566041870174,False
LOC,crossnobis,weights_sorted_fMRI1_test_100_dot_product_rdm.csv,L1,cosine,100,4950,0.9919971673344913,0.9820110668051241,0.9909709989277639,0.9930319446662478,0.9797111254326656,0.9843330907301997,False,3,pattern,1000,274131568,0.5589913503125625,F1+F2+F3,group_mean,0.8535574606539118,0.867738;0.859564;0.833370,1.0,-6.544223589004656,10000,16534209034957627468,,,0.8611659787962261,,-0.06296092185190112,-0.05815523215314227,False
LOC,crossnobis,weights_sorted_fMRI1_test_100_dot_product_rdm.csv,L1,cosine,100,4950,0.9919971673344913,0.9820110668051241,0.9909709989277639,0.9930319446662478,0.9797111254326656,0.9843330907301997,False,3,pattern,1000,274131568,0.5589913503125625,sub-01,subject,0.8677384537794137,,1.0,-5.8260375862083915,10000,16534209034957627469,0.9953805506074584,0.9895647317126443,0.8715102542407797,0.05611034042599779,-0.03413368982395152,-0.0313046484843738,False
LOC,crossnobis,weights_sorted_fMRI1_test_100_dot_product_rdm.csv,L1,cosine,100,4950,0.9919971673344913,0.9820110668051241,0.9909709989277639,0.9930319446662478,0.9797111254326656,0.9843330907301997,False,3,pattern,1000,274131568,0.5589913503125625,sub-02,subject,0.859563848757866,,1.0,-5.970339362168283,10000,16534209034957627470,0.9946222516391464,0.9878598824150183,0.8673154171847964,0.11347001089647508,-0.06758380507534663,-0.062170834285080405,False
LOC,crossnobis,weights_sorted_fMRI1_test_100_dot_product_rdm.csv,L1,cosine,100,4950,0.9919971673344913,0.9820110668051241,0.9909709989277639,0.9930319446662478,0.9797111254326656,0.9843330907301997,False,3,pattern,1000,274131568,0.5589913503125625,sub-03,subject,0.8333700794244561,,1.0,-4.06020921387771,10000,16534209034957627471,0.9859886997568691,0.9686085862877098,0.8446722649631023,0.26059100390389933,-0.08229419062245025,-0.07671605653031259,False
LOC,crossnobis,weights_sorted_fMRI1_test_100_dot_product_rdm.csv,L2,corr,100,4950,0.6845578339414798,0.26325058660212475,0.6500191805370955,0.7203100171677004,0.1786559838226477,0.3490448638867419,False,3,pattern,1000,274131568,,F1+F2+F3,group_mean,-0.12406538048599071,-0.138785;-0.141329;-0.092081,1.0,-7.652673082356522,10000,16534209034957627468,,,,,-0.4712824464604226,-0.18123433015390278,False
LOC,crossnobis,weights_sorted_fMRI1_test_100_dot_product_rdm.csv,L2,corr,100,4950,0.6845578339414798,0.26325058660212475,0.6500191805370955,0.7203100171677004,0.1786559838226477,0.3490448638867419,False,3,pattern,1000,274131568,,sub-01,subject,-0.13878534905997528,,1.0,-5.826037586209411,10000,16534209034957627469,0.7063144386399095,0.29601711217887067,,,-0.5271986317346163,-0.20273721543860015,False
LOC,crossnobis,weights_sorted_fMRI1_test_100_dot_product_rdm.csv,L2,corr,100,4950,0.6845578339414798,0.26325058660212475,0.6500191805370955,0.7203100171677004,0.1786559838226477,0.3490448638867419,False,3,pattern,1000,274131568,,sub-02,subject,-0.1413293462120953,,1.0,-5.9703393621687075,10000,16534209034957627470,0.7107849551261206,0.3032535557419738,,,-0.5368624170463847,-0.20645347873438696,False
LOC,crossnobis,weights_sorted_fMRI1_test_100_dot_product_rdm.csv,L2,corr,100,4950,0.6845578339414798,0.26325058660212475,0.6500191805370955,0.7203100171677004,0.1786559838226477,0.3490448638867419,False,3,pattern,1000,274131568,,sub-03,subject,-0.09208144618590157,,1.0,-4.060209213878088,10000,16534209034957627471,0.6365741080584093,0.19048109188552978,,,-0.349786290600267,-0.13451229628872124,False
LOC,crossnobis,weights_sorted_fMRI1_test_100_dot_product_rdm.csv,L3,spearman,100,4950,0.6671530273163451,0.23419807808401905,0.6302372839348216,0.7018769656189816,0.148031739507323,0.3159941937044311,False,3,pattern,1000,274131568,,F1+F2+F3,group_mean,-0.11024738642191378,-0.099771;-0.132459;-0.098512,1.0,-5.171007028305188,10000,16534209034957627468,,,,,-0.47074419791934546,-0.16525052260556947,False
LOC,crossnobis,weights_sorted_fMRI1_test_100_dot_product_rdm.csv,L3,spearman,100,4950,0.6671530273163451,0.23419807808401905,0.6302372839348216,0.7018769656189816,0.148031739507323,0.3159941937044311,False,3,pattern,1000,274131568,,sub-01,subject,-0.09977074108385287,,0.9995000499950005,-3.154971467956144,10000,16534209034957627469,0.6868156662681462,0.2632216520552253,,,-0.4260100761717605,-0.14954701095367195,False
LOC,crossnobis,weights_sorted_fMRI1_test_100_dot_product_rdm.csv,L3,spearman,100,4950,0.6671530273163451,0.23419807808401905,0.6302372839348216,0.7018769656189816,0.148031739507323,0.3159941937044311,False,3,pattern,1000,274131568,,sub-02,subject,-0.13245918729523976,,1.0,-4.255486478361093,10000,16534209034957627470,0.690992488123422,0.2687301197087269,,,-0.5655861413504844,-0.19854393500703005,False
LOC,crossnobis,weights_sorted_fMRI1_test_100_dot_product_rdm.csv,L3,spearman,100,4950,0.6671530273163451,0.23419807808401905,0.6302372839348216,0.7018769656189816,0.148031739507323,0.3159941937044311,False,3,pattern,1000,274131568,,sub-03,subject,-0.0985122308866487,,0.9995000499950005,-3.3441201012917112,10000,16534209034957627471,0.623650927557467,0.17064246248810497,,,-0.4206363762357915,-0.14766062185600634,False
LOC,crossnobis,weights_sorted_fMRI1_test_100_euclidean_rdm.csv,L1,cosine,100,4950,0.9919971673344913,0.9820110668051241,0.9909709989277639,0.9930319446662478,0.9797111254326656,0.9843330907301997,False,3,pattern,1000,274131568,0.1584528529687979,F1+F2+F3,group_mean,0.9763103878294345,0.987256;0.984057;0.957619,9.999000099990002e-05,3.609235519688114,10000,12486927168742781245,,,0.9744220710969204,,0.24882300703805055,0.10744275348418195,False
LOC,crossnobis,weights_sorted_fMRI1_test_100_euclidean_rdm.csv,L1,cosine,100,4950,0.9919971673344913,0.9820110668051241,0.9909709989277639,0.9930319446662478,0.9797111254326656,0.9843330907301997,False,3,pattern,1000,274131568,0.1584528529687979,sub-01,subject,0.9872558877971497,,0.00019998000199980003,3.785645862932443,10000,12486927168742781246,0.9953805506074584,0.9895647317126443,0.9861267721079481,0.05611034042599779,-0.2743431820608851,0.1923406594663783,False
LOC,crossnobis,weights_sorted_fMRI1_test_100_euclidean_rdm.csv,L1,cosine,100,4950,0.9919971673344913,0.9820110668051241,0.9909709989277639,0.9930319446662478,0.9797111254326656,0.9843330907301997,False,3,pattern,1000,274131568,0.1584528529687979,sub-02,subject,0.984056668598842,,9.999000099990002e-05,4.596141896065243,10000,12486927168742781247,0.9946222516391464,0.9878598824150183,0.981380251794037,0.11347001089647508,4.242791876801965,0.2520898649524805,False
LOC,crossnobis,weights_sorted_fMRI1_test_100_euclidean_rdm.csv,L1,cosine,100,4950,0.9919971673344913,0.9820110668051241,0.9909709989277639,0.9930319446662478,0.9797111254326656,0.9843330907301997,False,3,pattern,1000,274131568,0.1584528529687979,sub-03,subject,0.9576186070923115,,0.0695930406959304,1.4809178902878326,10000,12486927168742781248,0.9859886997568691,0.9686085862877098,0.9557591893887758,0.26059100390389933,0.0708298943365383,0.051311298503495785,False
LOC,crossnobis,weights_sorted_fMRI1_test_100_euclidean_rdm.csv,L2,corr,100,4950,0.6845578339414798,0.26325058660212475,0.6500191805370955,0.7203100171677004,0.1786559838226477,0.3490448638867419,False,3,pattern,1000,274131568,,F1+F2+F3,group_mean,0.10896967428358423,0.128496;0.151503;0.046910,9.999000099990002e-05,4.775575349068515,10000,12486927168742781245,,,,,0.41393896093489163,0.1591825684853672,False
LOC,crossnobis,weights_sorted_fMRI1_test_100_euclidean_rdm.csv,L2,corr,100,4950,0.6845578339414798,0.26325058660212475,0.6500191805370955,0.7203100171677004,0.1786559838226477,0.3490448638867419,False,3,pattern,1000,274131568,,sub-01,subject,0.1284959229643246,,0.00019998000199980003,3.785645862929795,10000,12486927168742781246,0.7063144386399095,0.29601711217887067,,,0.4881125798155676,0.18770645311950257,False
LOC,crossnobis,weights_sorted_fMRI1_test_100_euclidean_rdm.csv,L2,corr,100,4950,0.6845578339414798,0.26325058660212475,0.6500191805370955,0.7203100171677004,0.1786559838226477,0.3490448638867419,False,3,pattern,1000,274131568,,sub-02,subject,0.15150345161769943,,9.999000099990002e-05,4.596141896062287,10000,12486927168742781247,0.7107849551261206,0.3032535557419738,,,0.5755104046422536,0.2213157809405054,False
LOC,crossnobis,weights_sorted_fMRI1_test_100_euclidean_rdm.csv,L2,corr,100,4950,0.6845578339414798,0.26325058660212475,0.6500191805370955,0.7203100171677004,0.1786559838226477,0.3490448638867419,False,3,pattern,1000,274131568,,sub-03,subject,0.046909648268728635,,0.0695930406959304,1.480917890286783,10000,12486927168742781248,0.6365741080584093,0.19048109188552978,,,0.17819389834685373,0.06852547139609355,False
LOC,crossnobis,weights_sorted_fMRI1_test_100_euclidean_rdm.csv,L3,spearman,100,4950,0.6671530273163451,0.23419807808401905,0.6302372839348216,0.7018769656189816,0.148031739507323,0.3159941937044311,False,3,pattern,1000,274131568,,F1+F2+F3,group_mean,0.09115953251721119,0.088379;0.138028;0.047071,9.999000099990002e-05,3.2779265980069114,10000,12486927168742781245,,,,,0.3892411639881499,0.13663961457823967,False
LOC,crossnobis,weights_sorted_fMRI1_test_100_euclidean_rdm.csv,L3,spearman,100,4950,0.6671530273163451,0.23419807808401905,0.6302372839348216,0.7018769656189816,0.148031739507323,0.3159941937044311,False,3,pattern,1000,274131568,,sub-01,subject,0.08837947246758691,,0.0187981201879812,2.098447627144949,10000,12486927168742781246,0.6868156662681462,0.2632216520552253,,,0.37737061375832726,0.1324725645375508,False
LOC,crossnobis,weights_sorted_fMRI1_test_100_euclidean_rdm.csv,L3,spearman,100,4950,0.6671530273163451,0.23419807808401905,0.6302372839348216,0.7018769656189816,0.148031739507323,0.3159941937044311,False,3,pattern,1000,274131568,,sub-02,subject,0.13802782775402428,,0.0005999400059994001,3.4156929131677924,10000,12486927168742781247,0.690992488123422,0.2687301197087269,,,0.589363622806958,0.20689080631058188,False
LOC,crossnobis,weights_sorted_fMRI1_test_100_euclidean_rdm.csv,L3,spearman,100,4950,0.6671530273163451,0.23419807808401905,0.6302372839348216,0.7018769656189816,0.148031739507323,0.3159941937044311,False,3,pattern,1000,274131568,,sub-03,subject,0.047071297330022376,,0.11908809119088092,1.2165374335096917,10000,12486927168742781248,0.623650927557467,0.17064246248810497,,,0.2009892553991645,0.07055547288658633,False
FFA,correlation,weights_sorted_fMRI1_test_100_choice_probability_rdm.csv,L1,cosine,100,4950,0.9960917216522422,0.9912024624946517,0.9954282876214081,0.996744732960661,0.9897084474581641,0.9926728523899835,False,3,pattern,1000,274131568,0.6215286405986206,F1+F2+F3,group_mean,0.8401049235321979,0.839349;0.837619;0.843347,0.9915008499150085,-2.568032954899653,10000,9574679315047107434,,,0.8420747478635012,,-0.013208975515888855,-0.01278965741792367,False
FFA,correlation,weights_sorted_fMRI1_test_100_choice_probability_rdm.csv,L1,cosine,100,4950,0.9960917216522422,0.9912024624946517,0.9954282876214081,0.996744732960661,0.9897084474581641,0.9926728523899835,False,3,pattern,1000,274131568,0.6215286405986206,sub-01,subject,0.8393490772895859,,0.9889011098890111,-2.532284761140466,10000,9574679315047107435,0.9964825122953064,0.9920790666444935,0.8420461505834169,0.1317306993462841,-0.01808219350070907,-0.01750828196564023,False
FFA,correlation,weights_sorted_fMRI1_test_100_choice_probability_rdm.csv,L1,cosine,100,4950,0.9960917216522422,0.9912024624946517,0.9954282876214081,0.996744732960661,0.9897084474581641,0.9926728523899835,False,3,pattern,1000,274131568,0.6215286405986206,sub-02,subject,0.8376188216459962,,0.9477052294770523,-1.7088262269735823,10000,9574679315047107436,0.9954692856802444,0.9898064727829008,0.8396961265451911,0.15184003397546822,-0.013711010078732504,-0.013282374722721531,False
FFA,correlation,weights_sorted_fMRI1_test_100_choice_probability_rdm.csv,L1,cosine,100,4950,0.9960917216522422,0.9912024624946517,0.9954282876214081,0.996744732960661,0.9897084474581641,0.9926728523899835,False,3,pattern,1000,274131568,0.6215286405986206,sub-03,subject,0.8433468716610116,,0.9055094490550945,-1.3452552349170936,10000,9574679315047107437,0.9963233669811761,0.9917218480565605,0.8444819664618958,0.10720333215239433,-0.007736443316213472,-0.007486950951533595,False
FFA,correlation,weights_sorted_fMRI1_test_100_choice_probability_rdm.csv,L2,corr,100,4950,0.7374530900330448,0.3900835706983277,0.6882939776897005,0.7815936360603424,0.27226511087150634,0.4963935989426536,False,3,pattern,1000,274131568,,F1+F2+F3,group_mean,-0.028883211380385965,-0.039493;-0.026541;-0.020616,0.9914008599140086,-2.558174410728012,10000,9574679315047107434,,,,,-0.07404365000217576,-0.03916616768002386,False
FFA,correlation,weights_sorted_fMRI1_test_100_choice_probability_rdm.csv,L2,corr,100,4950,0.7374530900330448,0.3900835706983277,0.6882939776897005,0.7815936360603424,0.27226511087150634,0.4963935989426536,False,3,pattern,1000,274131568,,sub-01,subject,-0.03949252752469266,,0.9889011098890111,-2.532284761138858,10000,9574679315047107435,0.7645732108624058,0.43634620998286466,,,-0.10124119673636375,-0.05355259616977538,False
FFA,correlation,weights_sorted_fMRI1_test_100_choice_probability_rdm.csv,L2,corr,100,4950,0.7374530900330448,0.3900835706983277,0.6882939776897005,0.7815936360603424,0.27226511087150634,0.4963935989426536,False,3,pattern,1000,274131568,,sub-02,subject,-0.02654078115053352,,0.9477052294770523,-1.7088262269722705,10000,9574679315047107436,0.7382969341229703,0.3907227802677291,,,-0.06803870540617797,-0.03598978905810028,False
FFA,correlation,weights_sorted_fMRI1_test_100_choice_probability_rdm.csv,L2,corr,100,4950,0.7374530900330448,0.3900835706983277,0.6882939776897005,0.7815936360603424,0.27226511087150634,0.4963935989426536,False,3,pattern,1000,274131568,,sub-03,subject,-0.020616325465931718,,0.9055094490550945,-1.3452552349182931,10000,9574679315047107437,0.7094891251137584,0.34318172184438933,,,-0.05285104786398557,-0.02795611781219591,False
FFA,correlation,weights_sorted_fMRI1_test_100_choice_probability_rdm.csv,L3,spearman,100,4950,0.7043160062469832,0.318143400911975,0.6571014982298105,0.7518767144637669,0.20778290450916376,0.4312131001536246,False,3,pattern,1000,274131568,,F1+F2+F3,group_mean,-0.01982692431214111,-0.039253;-0.008960;-0.011267,0.8722127787221278,-1.1432152238799576,10000,9574679315047107434,,,,,-0.06232071529790081,-0.028150608727168958,False
FFA,correlation,weights_sorted_fMRI1_test_100_choice_probability_rdm.csv,L3,spearman,100,4950,0.7043160062469832,0.318143400911975,0.6571014982298105,0.7518767144637669,0.20778290450916376,0.4312131001536246,False,3,pattern,1000,274131568,,sub-01,subject,-0.03925310900910248,,0.94000599940006,-1.5893626161230632,10000,9574679315047107435,0.7387866049233424,0.365533213244917,,,-0.12338181114736735,-0.05573224044455061,False
FFA,correlation,weights_sorted_fMRI1_test_100_choice_probability_rdm.csv,L3,spearman,100,4950,0.7043160062469832,0.318143400911975,0.6571014982298105,0.7518767144637669,0.20778290450916376,0.4312131001536246,False,3,pattern,1000,274131568,,sub-02,subject,-0.008960321174018234,,0.6624337566243376,-0.36645898168953245,10000,9574679315047107436,0.7040331504221651,0.31923606951736205,,,-0.028164409974662356,-0.012722018376047113,False
FFA,correlation,weights_sorted_fMRI1_test_100_choice_probability_rdm.csv,L3,spearman,100,4950,0.7043160062469832,0.318143400911975,0.6571014982298105,0.7518767144637669,0.20778290450916376,0.4312131001536246,False,3,pattern,1000,274131568,,sub-03,subject,-0.011267342753302614,,0.7063293670632936,-0.5045855496227856,10000,9574679315047107437,0.6701282633954417,0.2696609199736459,,,-0.0354159247716727,-0.015997567360909137,False
FFA,correlation,weights_sorted_fMRI1_test_100_cosine_rdm.csv,L1,cosine,100,4950,0.9960917216522422,0.9912024624946517,0.9954282876214081,0.996744732960661,0.9897084474581641,0.9926728523899835,False,3,pattern,1000,274131568,0.2607311040005725,F1+F2+F3,group_mean,0.959830692677882,0.960434;0.956509;0.962549,0.24847515248475152,0.6770020896802875,10000,4158468516140776210,,,0.9593944791629782,,0.013713963263728523,0.01188681997105031,False
FFA,correlation,weights_sorted_fMRI1_test_100_cosine_rdm.csv,L1,cosine,100,4950,0.9960917216522422,0.9912024624946517,0.9954282876214081,0.996744732960661,0.9897084474581641,0.9926728523899835,False,3,pattern,1000,274131568,0.2607311040005725,sub-01,subject,0.9604343422372084,,0.11598840115988401,1.2030268817672976,10000,4158468516140776211,0.9964825122953064,0.9920790666444935,0.9593618976460739,0.1317306993462841,0.033681707477068445,0.02919819574834667,False
FFA,correlation,weights_sorted_fMRI1_test_100_cosine_rdm.csv,L1,cosine,100,4950,0.9960917216522422,0.9912024624946517,0.9954282876214081,0.996744732960661,0.9897084474581641,0.9926728523899835,False,3,pattern,1000,274131568,0.2607311040005725,sub-02,subject,0.9565085869318326,,0.5681431856814319,-0.19255800274314766,10000,4158468516140776212,0.9954692856802444,0.9898064727829008,0.956684463019404,0.15184003397546822,-0.005095199323400296,-0.004463037868481812,False
FFA,correlation,weights_sorted_fMRI1_test_100_cosine_rdm.csv,L1,cosine,100,4950,0.9960917216522422,0.9912024624946517,0.9954282876214081,0.996744732960661,0.9897084474581641,0.9926728523899835,False,3,pattern,1000,274131568,0.2607311040005725,sub-03,subject,0.9625491488646054,,0.24697530246975302,0.6644069017809693,10000,4158468516140776213,0.9963233669811761,0.9917218480565605,0.9621370768234562,0.10720333215239433,0.014177415218598286,0.012135954984276253,False
FFA,correlation,weights_sorted_fMRI1_test_100_cosine_rdm.csv,L2,corr,100,4950,0.7374530900330448,0.3900835706983277,0.6882939776897005,0.7815936360603424,0.27226511087150634,0.4963935989426536,False,3,pattern,1000,274131568,,F1+F2+F3,group_mean,0.01416868343965585,0.032316;-0.004864;0.015055,0.23047695230476953,0.7383563485275364,10000,4158468516140776210,,,,,0.036322174282528916,0.01921299623142261,False
FFA,correlation,weights_sorted_fMRI1_test_100_cosine_rdm.csv,L2,corr,100,4950,0.7374530900330448,0.3900835706983277,0.6882939776897005,0.7815936360603424,0.27226511087150634,0.4963935989426536,False,3,pattern,1000,274131568,,sub-01,subject,0.03231601811814885,,0.11598840115988401,1.2030268817680654,10000,4158468516140776211,0.7645732108624058,0.43634620998286466,,,0.08284383282355805,0.04382111696989538,False
FFA,correlation,weights_sorted_fMRI1_test_100_cosine_rdm.csv,L2,corr,100,4950,0.7374530900330448,0.3900835706983277,0.6882939776897005,0.7815936360603424,0.27226511087150634,0.4963935989426536,False,3,pattern,1000,274131568,,sub-02,subject,-0.004864493789342479,,0.5681431856814319,-0.19255800274160806,10000,4158468516140776212,0.7382969341229703,0.3907227802677291,,,-0.012470388795493387,-0.006596343354022021,False
FFA,correlation,weights_sorted_fMRI1_test_100_cosine_rdm.csv,L2,corr,100,4950,0.7374530900330448,0.3900835706983277,0.6882939776897005,0.7815936360603424,0.27226511087150634,0.4963935989426536,False,3,pattern,1000,274131568,,sub-03,subject,0.015054525990161183,,0.24697530246975302,0.6644069017811775,10000,4158468516140776213,0.7094891251137584,0.34318172184438933,,,0.0385930788195221,0.020414215078394478,False
FFA,correlation,weights_sorted_fMRI1_test_100_cosine_rdm.csv,L3,spearman,100,4950,0.7043160062469832,0.318143400911975,0.6571014982298105,0.7518767144637669,0.20778290450916376,0.4312131001536246,False,3,pattern,1000,274131568,,F1+F2+F3,group_mean,-0.0016262842035298958,0.026933;-0.032976;0.001164,0.5188481151884812,-0.05698517282444693,10000,4158468516140776210,,,,,-0.005111796123597301,-0.002309026330660452,False
FFA,correlation,weights_sorted_fMRI1_test_100_cosine_rdm.csv,L3,spearman,100,4950,0.7043160062469832,0.318143400911975,0.6571014982298105,0.7518767144637669,0.20778290450916376,0.4312131001536246,False,3,pattern,1000,274131568,,sub-01,subject,0.02693309119204535,,0.22757724227577242,0.7416339576876054,10000,4158468516140776211,0.7387866049233424,0.365533213244917,,,0.08465707952715729,0.03824006689207727,False
FFA,correlation,weights_sorted_fMRI1_test_100_cosine_rdm.csv,L3,spearman,100,4950,0.7043160062469832,0.318143400911975,0.6571014982298105,0.7518767144637669,0.20778290450916376,0.4312131001536246,False,3,pattern,1000,274131568,,sub-02,subject,-0.03297568800734335,,0.824017598240176,-0.939491690259529,10000,4158468516140776212,0.7040331504221651,0.31923606951736205,,,-0.10365039134181876,-0.046819449955507235,False
FFA,correlation,weights_sorted_fMRI1_test_100_cosine_rdm.csv,L3,spearman,100,4950,0.7043160062469832,0.318143400911975,0.6571014982298105,0.7518767144637669,0.20778290450916376,0.4312131001536246,False,3,pattern,1000,274131568,,sub-03,subject,0.0011637442047083121,,0.47695230476952305,0.04147341146129977,10000,4158468516140776213,0.6701282633954417,0.2696609199736459,,,0.00365792344386958,0.001652304071448606,False
FFA,correlation,weights_sorted_fMRI1_test_100_dot_product_rdm.csv,L1,cosine,100,4950,0.9960917216522422,0.9912024624946517,0.9954282876214081,0.996744732960661,0.9897084474581641,0.9926728523899835,False,3,pattern,1000,274131568,0.5589913503125625,F1+F2+F3,group_mean,0.8648591757946162,0.863835;0.863018;0.867724,0.6932306769323068,-0.49699558501321633,10000,14954292733336899526,,,0.8654341059211667,,-0.004571341649157076,-0.004400280254108976,False
FFA,correlation,weights_sorted_fMRI1_test_100_dot_product_rdm.csv,L1,cosine,100,4950,0.9960917216522422,0.9912024624946517,0.9954282876214081,0.996744732960661,0.9897084474581641,0.9926728523899835,False,3,pattern,1000,274131568,0.5589913503125625,sub-01,subject,0.8638349391863107,,0.8292170782921707,-0.9603717405663564,10000,14954292733336899527,0.9964825122953064,0.9920790666444935,0.865404715345586,0.1317306993462841,-0.01247857131666445,-0.012011723304701528,False
FFA,correlation,weights_sorted_fMRI1_test_100_dot_product_rdm.csv,L1,cosine,100,4950,0.9960917216522422,0.9912024624946517,0.9954282876214081,0.996744732960661,0.9897084474581641,0.9926728523899835,False,3,pattern,1000,274131568,0.5589913503125625,sub-02,subject,0.8630183667667675,,0.5035496450354965,0.008056165805942315,10000,14954292733336899528,0.9954692856802444,0.9898064727829008,0.8629895010696856,0.15184003397546822,0.0002251386814641106,0.00021686863641708965,False
FFA,correlation,weights_sorted_fMRI1_test_100_dot_product_rdm.csv,L1,cosine,100,4950,0.9960917216522422,0.9912024624946517,0.9954282876214081,0.996744732960661,0.9897084474581641,0.9926728523899835,False,3,pattern,1000,274131568,0.5589913503125625,sub-03,subject,0.8677242214307708,,0.5641435856414359,-0.16672154767969494,10000,14954292733336899529,0.9963233669811761,0.9917218480565605,0.8679081013482283,0.10720333215239433,-0.0014913895148791303,-0.0014345040108977066,False
FFA,correlation,weights_sorted_fMRI1_test_100_dot_product_rdm.csv,L2,corr,100,4950,0.7374530900330448,0.3900835706983277,0.6882939776897005,0.7815936360603424,0.27226511087150634,0.4963935989426536,False,3,pattern,1000,274131568,,F1+F2+F3,group_mean,-0.00962020549769741,-0.024988;0.000084;-0.003957,0.6999300069993001,-0.5112940840498928,10000,14954292733336899526,,,,,-0.02466190893524512,-0.013045176198619406,False
FFA,correlation,weights_sorted_fMRI1_test_100_dot_product_rdm.csv,L2,corr,100,4950,0.7374530900330448,0.3900835706983277,0.6882939776897005,0.7815936360603424,0.27226511087150634,0.4963935989426536,False,3,pattern,1000,274131568,,sub-01,subject,-0.024987912030222565,,0.8292170782921707,-0.9603717405665586,10000,14954292733336899527,0.7645732108624058,0.43634620998286466,,,-0.06405784274761739,-0.0338840698722991,False
FFA,correlation,weights_sorted_fMRI1_test_100_dot_product_rdm.csv,L2,corr,100,4950,0.7374530900330448,0.3900835706983277,0.6882939776897005,0.7815936360603424,0.27226511087150634,0.4963935989426536,False,3,pattern,1000,274131568,,sub-02,subject,8.393442592005006e-05,,0.5035496450354965,0.00805616580545892,10000,14954292733336899528,0.7382969341229703,0.3907227802677291,,,0.00021517036918471247,0.00011381663058227746,False
FFA,correlation,weights_sorted_fMRI1_test_100_dot_product_rdm.csv,L2,corr,100,4950,0.7374530900330448,0.3900835706983277,0.6882939776897005,0.7815936360603424,0.27226511087150634,0.4963935989426536,False,3,pattern,1000,274131568,,sub-03,subject,-0.003956638888789718,,0.5641435856414359,-0.1667215476801222,10000,14954292733336899529,0.7094891251137584,0.34318172184438933,,,-0.010143054427302699,-0.0053652753541414055,False
FFA,correlation,weights_sorted_fMRI1_test_100_dot_product_rdm.csv,L3,spearman,100,4950,0.7043160062469832,0.318143400911975,0.6571014982298105,0.7518767144637669,0.20778290450916376,0.4312131001536246,False,3,pattern,1000,274131568,,F1+F2+F3,group_mean,0.010294203473002092,-0.014682;0.032782;0.012782,0.34966503349665035,0.3934294893260903,10000,14954292733336899526,,,,,0.03235711771324883,0.014615887444977665,False
FFA,correlation,weights_sorted_fMRI1_test_100_dot_product_rdm.csv,L3,spearman,100,4950,0.7043160062469832,0.318143400911975,0.6571014982298105,0.7518767144637669,0.20778290450916376,0.4312131001536246,False,3,pattern,1000,274131568,,sub-01,subject,-0.014681554701581234,,0.6608339166083391,-0.4169105795326653,10000,14954292733336899527,0.7387866049233424,0.365533213244917,,,-0.046147600923029594,-0.02084512430693338,False
FFA,correlation,weights_sorted_fMRI1_test_100_dot_product_rdm.csv,L3,spearman,100,4950,0.7043160062469832,0.318143400911975,0.6571014982298105,0.7518767144637669,0.20778290450916376,0.4312131001536246,False,3,pattern,1000,274131568,,sub-02,subject,0.03278182043489697,,0.17678232176782321,0.9349196761603839,10000,14954292733336899528,0.7040331504221651,0.31923606951736205,,,0.10304101968145853,0.046544193436094276,False
FFA,correlation,weights_sorted_fMRI1_test_100_dot_product_rdm.csv,L3,spearman,100,4950,0.7043160062469832,0.318143400911975,0.6571014982298105,0.7518767144637669,0.20778290450916376,0.4312131001536246,False,3,pattern,1000,274131568,,sub-03,subject,0.012782344685690545,,0.3304669533046695,0.45297376960814456,10000,14954292733336899529,0.6701282633954417,0.2696609199736459,,,0.04017793438131759,0.01814859320577211,False
FFA,correlation,weights_sorted_fMRI1_test_100_euclidean_rdm.csv,L1,cosine,100,4950,0.9960917216522422,0.9912024624946517,0.9954282876214081,0.996744732960661,0.9897084474581641,0.9926728523899835,False,3,pattern,1000,274131568,0.1584528529687979,F1+F2+F3,group_mean,0.9798015746513352,0.980134;0.976537;0.982733,0.1606839316068393,0.980770582447477,10000,18411441143666610645,,,0.9792515202103225,,0.04602603107990998,0.03266317466034078,False
FFA,correlation,weights_sorted_fMRI1_test_100_euclidean_rdm.csv,L1,cosine,100,4950,0.9960917216522422,0.9912024624946517,0.9954282876214081,0.996744732960661,0.9897084474581641,0.9926728523899835,False,3,pattern,1000,274131568,0.1584528529687979,sub-01,subject,0.9801344938457698,,0.11038896110388961,1.2264429089388447,10000,18411441143666610646,0.9964825122953064,0.9920790666444935,0.9792182643383615,0.1317306993462841,0.07645313399023014,0.05430004594580629,False
FFA,correlation,weights_sorted_fMRI1_test_100_euclidean_rdm.csv,L1,cosine,100,4950,0.9960917216522422,0.9912024624946517,0.9954282876214081,0.996744732960661,0.9897084474581641,0.9926728523899835,False,3,pattern,1000,274131568,0.1584528529687979,sub-02,subject,0.9765374889694657,,0.4804519548045195,0.04170985680908368,10000,18411441143666610647,0.9954692856802444,0.9898064727829008,0.9764854135815823,0.15184003397546822,0.0035384395466122862,0.002656052720163107,False
FFA,correlation,weights_sorted_fMRI1_test_100_euclidean_rdm.csv,L1,cosine,100,4950,0.9960917216522422,0.9912024624946517,0.9954282876214081,0.996744732960661,0.9897084474581641,0.9926728523899835,False,3,pattern,1000,274131568,0.1584528529687979,sub-03,subject,0.9827327411387703,,0.09869013098690131,1.3175046395910048,10000,18411441143666610648,0.9963233669811761,0.9917218480565605,0.9820508827110235,0.10720333215239433,0.07450718278899031,0.04856251329435384,False
FFA,correlation,weights_sorted_fMRI1_test_100_euclidean_rdm.csv,L2,corr,100,4950,0.7374530900330448,0.3900835706983277,0.6882939776897005,0.7815936360603424,0.27226511087150634,0.4963935989426536,False,3,pattern,1000,274131568,,F1+F2+F3,group_mean,0.029107795921238883,0.044635;0.002020;0.040669,0.13928607139286073,1.0714068037754811,10000,18411441143666610645,,,,,0.07461938442864974,0.03947070846219463,False
FFA,correlation,weights_sorted_fMRI1_test_100_euclidean_rdm.csv,L2,corr,100,4950,0.7374530900330448,0.3900835706983277,0.6882939776897005,0.7815936360603424,0.27226511087150634,0.4963935989426536,False,3,pattern,1000,274131568,,sub-01,subject,0.0446345583446284,,0.11038896110388961,1.2264429089387985,10000,18411441143666610646,0.7645732108624058,0.43634620998286466,,,0.11442306648476275,0.06052528485930997,False
FFA,correlation,weights_sorted_fMRI1_test_100_euclidean_rdm.csv,L2,corr,100,4950,0.7374530900330448,0.3900835706983277,0.6882939776897005,0.7815936360603424,0.27226511087150634,0.4963935989426536,False,3,pattern,1000,274131568,,sub-02,subject,0.0020195213520142505,,0.4804519548045195,0.04170985680958126,10000,18411441143666610647,0.7382969341229703,0.3907227802677291,,,0.005177150497261146,0.0027385082241960053,False
FFA,correlation,weights_sorted_fMRI1_test_100_euclidean_rdm.csv,L2,corr,100,4950,0.7374530900330448,0.3900835706983277,0.6882939776897005,0.7815936360603424,0.27226511087150634,0.4963935989426536,False,3,pattern,1000,274131568,,sub-03,subject,0.04066930806707399,,0.09869013098690131,1.31750463959373,10000,18411441143666610648,0.7094891251137584,0.34318172184438933,,,0.1042579363039253,0.05514833230307792,False
FFA,correlation,weights_sorted_fMRI1_test_100_euclidean_rdm.csv,L3,spearman,100,4950,0.7043160062469832,0.318143400911975,0.6571014982298105,0.7518767144637669,0.20778290450916376,0.4312131001536246,False,3,pattern,1000,274131568,,F1+F2+F3,group_mean,0.014223265994545329,0.043485;-0.030562;0.029746,0.3347665233476652,0.4157763137251091,10000,18411441143666610645,,,,,0.04470709105948317,0.02019443810504236,False
FFA,correlation,weights_sorted_fMRI1_test_100_euclidean_rdm.csv,L3,spearman,100,4950,0.7043160062469832,0.318143400911975,0.6571014982298105,0.7518767144637669,0.20778290450916376,0.4312131001536246,False,3,pattern,1000,274131568,,sub-01,subject,0.043485137948211294,,0.17418258174182583,0.9457211115046386,10000,18411441143666610646,0.7387866049233424,0.365533213244917,,,0.13668407964320123,0.061740948043941396,False
FFA,correlation,weights_sorted_fMRI1_test_100_euclidean_rdm.csv,L3,spearman,100,4950,0.7043160062469832,0.318143400911975,0.6571014982298105,0.7518767144637669,0.20778290450916376,0.4312131001536246,False,3,pattern,1000,274131568,,sub-02,subject,-0.03056159935261124,,0.7453254674532547,-0.667984511437453,10000,18411441143666610647,0.7040331504221651,0.31923606951736205,,,-0.0960623393884795,-0.04339188529231604,False
FFA,correlation,weights_sorted_fMRI1_test_100_euclidean_rdm.csv,L3,spearman,100,4950,0.7043160062469832,0.318143400911975,0.6571014982298105,0.7518767144637669,0.20778290450916376,0.4312131001536246,False,3,pattern,1000,274131568,,sub-03,subject,0.02974625938803593,,0.22057794220577942,0.7813318093068151,10000,18411441143666610648,0.6701282633954417,0.2696609199736459,,,0.09349953292372777,0.04223425156350171,False
FFA,euclidean_centered,weights_sorted_fMRI1_test_100_choice_probability_rdm.csv,L1,cosine,100,4950,0.9982511828568915,0.9960650629245444,0.9970626135579875,0.9990514146869994,0.9933932085306645,0.9978654415384459,False,3,pattern,1000,274131568,0.6215286405986206,F1+F2+F3,group_mean,0.8430006719387557,0.843318;0.839044;0.846640,1.0,-6.93534550587957,10000,746654630344770256,,,0.8463430685717399,,-0.022324018908726095,-0.02200275244487645,False
FFA,euclidean_centered,weights_sorted_fMRI1_test_100_choice_probability_rdm.csv,L1,cosine,100,4950,0.9982511828568915,0.9960650629245444,0.9970626135579875,0.9990514146869994,0.9933932085306645,0.9978654415384459,False,3,pattern,1000,274131568,0.6215286405986206,sub-01,subject,0.8433178243683889,,1.0,-7.008181253779549,10000,746654630344770257,0.9989896522635114,0.9977247482231164,0.8472577038155842,0.06982708990488895,-0.026476375031361476,-0.026093043701029512,False
FFA,euclidean_centered,weights_sorted_fMRI1_test_100_choice_probability_rdm.csv,L1,cosine,100,4950,0.9982511828568915,0.9960650629245444,0.9970626135579875,0.9990514146869994,0.9933932085306645,0.9978654415384459,False,3,pattern,1000,274131568,0.6215286405986206,sub-02,subject,0.8390442783977925,,1.0,-5.197074560417157,10000,746654630344770258,0.9974671668859396,0.9943037904303087,0.8438424400330273,0.11413283337914046,-0.031520686899832805,-0.03107441682047855,False
FFA,euclidean_centered,weights_sorted_fMRI1_test_100_choice_probability_rdm.csv,L1,cosine,100,4950,0.9982511828568915,0.9960650629245444,0.9970626135579875,0.9990514146869994,0.9933932085306645,0.9978654415384459,False,3,pattern,1000,274131568,0.6215286405986206,sub-03,subject,0.8466399130500858,,0.9965003499650035,-2.849001706663626,10000,746654630344770259,0.9982967294212235,0.9961666501202081,0.8479290618666082,0.057316728351136645,-0.00870246805176167,-0.008575908908348575,False
FFA,euclidean_centered,weights_sorted_fMRI1_test_100_choice_probability_rdm.csv,L2,corr,100,4950,0.7196393939825855,0.3531218334277719,0.6685089432375196,0.7732794212152515,0.23266963877162758,0.4820978296356081,False,3,pattern,1000,274131568,,F1+F2+F3,group_mean,-0.0772989642038391,-0.107826;-0.080586;-0.043485,1.0,-6.939427746937829,10000,746654630344770256,,,,,-0.21890168459280485,-0.10741346964909157,False
FFA,euclidean_centered,weights_sorted_fMRI1_test_100_choice_probability_rdm.csv,L2,corr,100,4950,0.7196393939825855,0.3531218334277719,0.6685089432375196,0.7732794212152515,0.23266963877162758,0.4820978296356081,False,3,pattern,1000,274131568,,sub-01,subject,-0.10782613757918821,,1.0,-7.008181253778121,10000,746654630344770257,0.8033677657748934,0.49602538988037287,,,-0.30535109237657243,-0.14983356731273872,False
FFA,euclidean_centered,weights_sorted_fMRI1_test_100_choice_probability_rdm.csv,L2,corr,100,4950,0.7196393939825855,0.3531218334277719,0.6685089432375196,0.7732794212152515,0.23266963877162758,0.4820978296356081,False,3,pattern,1000,274131568,,sub-02,subject,-0.08058608052677886,,1.0,-5.1970745604160244,10000,746654630344770258,0.712004776267903,0.33399382424865154,,,-0.22821041606101103,-0.11198119669464476,False
FFA,euclidean_centered,weights_sorted_fMRI1_test_100_choice_probability_rdm.csv,L2,corr,100,4950,0.7196393939825855,0.3531218334277719,0.6685089432375196,0.7732794212152515,0.23266963877162758,0.4820978296356081,False,3,pattern,1000,274131568,,sub-03,subject,-0.04348467450555019,,0.9965003499650035,-2.8490017066615563,10000,746654630344770259,0.6435456399049599,0.2293462861542915,,,-0.12314354534083097,-0.06042564493989121,False
FFA,euclidean_centered,weights_sorted_fMRI1_test_100_choice_probability_rdm.csv,L3,spearman,100,4950,0.7043231050386195,0.3234901728892591,0.6525998863002537,0.750922888235679,0.20434908705911886,0.4328314972658722,False,3,pattern,1000,274131568,,F1+F2+F3,group_mean,-0.05796014618094195,-0.084344;-0.065922;-0.023614,0.9988001199880012,-3.5016212331496166,10000,746654630344770256,,,,,-0.17917127331340463,-0.08229198469609182,False
FFA,euclidean_centered,weights_sorted_fMRI1_test_100_choice_probability_rdm.csv,L3,spearman,100,4950,0.7043231050386195,0.3234901728892591,0.6525998863002537,0.750922888235679,0.20434908705911886,0.4328314972658722,False,3,pattern,1000,274131568,,sub-01,subject,-0.0843439747253387,,0.9996000399960004,-3.7786844029759297,10000,746654630344770257,0.7548487669944196,0.40686188123253275,,,-0.26073118070950585,-0.11975182146085345,False
FFA,euclidean_centered,weights_sorted_fMRI1_test_100_choice_probability_rdm.csv,L3,spearman,100,4950,0.7043231050386195,0.3234901728892591,0.6525998863002537,0.750922888235679,0.20434908705911886,0.4328314972658722,False,3,pattern,1000,274131568,,sub-02,subject,-0.06592222865994943,,0.9963003699630038,-2.8736027168940783,10000,746654630344770258,0.7364236674202954,0.36088821390419606,,,-0.203784331595497,-0.0935965726359847,False
FFA,euclidean_centered,weights_sorted_fMRI1_test_100_choice_probability_rdm.csv,L3,spearman,100,4950,0.7043231050386195,0.3234901728892591,0.6525998863002537,0.750922888235679,0.20434908705911886,0.4328314972658722,False,3,pattern,1000,274131568,,sub-03,subject,-0.023614235157537744,,0.8612138786121388,-1.0820670358862434,10000,746654630344770259,0.6216968807011432,0.20272042353104833,,,-0.07299830763521105,-0.03352755999143735,False
FFA,euclidean_centered,weights_sorted_fMRI1_test_100_cosine_rdm.csv,L1,cosine,100,4950,0.9982511828568915,0.9960650629245444,0.9970626135579875,0.9990514146869994,0.9933932085306645,0.9978654415384459,False,3,pattern,1000,274131568,0.2607311040005725,F1+F2+F3,group_mean,0.9662374558105965,0.967823;0.964019;0.966870,9.999000099990002e-05,5.061496916581137,10000,17007917893613680720,,,0.9642574718286183,,0.06224878759309056,0.05824559667320213,False
FFA,euclidean_centered,weights_sorted_fMRI1_test_100_cosine_rdm.csv,L1,cosine,100,4950,0.9982511828568915,0.9960650629245444,0.9970626135579875,0.9990514146869994,0.9933932085306645,0.9978654415384459,False,3,pattern,1000,274131568,0.2607311040005725,sub-01,subject,0.9678233189892211,,9.999000099990002e-05,5.733654296432003,10000,17007917893613680721,0.9989896522635114,0.9977247482231164,0.9652995360938376,0.06982708990488895,0.08203281904682364,0.07659049374774468,False
FFA,euclidean_centered,weights_sorted_fMRI1_test_100_cosine_rdm.csv,L1,cosine,100,4950,0.9982511828568915,0.9960650629245444,0.9970626135579875,0.9990514146869994,0.9933932085306645,0.9978654415384459,False,3,pattern,1000,274131568,0.2607311040005725,sub-02,subject,0.9640190697065683,,0.0004999500049995,3.3724189170802594,10000,17007917893613680722,0.9974671668859396,0.9943037904303087,0.9614084501466772,0.11413283337914046,0.07532817983753677,0.07085846699876547,False
FFA,euclidean_centered,weights_sorted_fMRI1_test_100_cosine_rdm.csv,L1,cosine,100,4950,0.9982511828568915,0.9960650629245444,0.9970626135579875,0.9990514146869994,0.9933932085306645,0.9978654415384459,False,3,pattern,1000,274131568,0.2607311040005725,sub-03,subject,0.9668699787360003,,0.010798920107989201,2.3626809615132887,10000,17007917893613680723,0.9982967294212235,0.9961666501202081,0.9660644292453402,0.057316728351136645,0.026851082522917794,0.025027360645996963,False
FFA,euclidean_centered,weights_sorted_fMRI1_test_100_cosine_rdm.csv,L2,corr,100,4950,0.7196393939825855,0.3531218334277719,0.6685089432375196,0.7732794212152515,0.23266963877162758,0.4820978296356081,False,3,pattern,1000,274131568,,F1+F2+F3,group_mean,0.0965391440146861,0.143254;0.091008;0.055356,9.999000099990002e-05,5.245701247788711,10000,17007917893613680720,,,,,0.2733876381349056,0.13414933204312918,False
FFA,euclidean_centered,weights_sorted_fMRI1_test_100_cosine_rdm.csv,L2,corr,100,4950,0.7196393939825855,0.3531218334277719,0.6685089432375196,0.7732794212152515,0.23266963877162758,0.4820978296356081,False,3,pattern,1000,274131568,,sub-01,subject,0.143254038982918,,9.999000099990002e-05,5.733654296432827,10000,17007917893613680721,0.8033677657748934,0.49602538988037287,,,0.4056787924789119,0.19906364240307917,False
FFA,euclidean_centered,weights_sorted_fMRI1_test_100_cosine_rdm.csv,L2,corr,100,4950,0.7196393939825855,0.3531218334277719,0.6685089432375196,0.7732794212152515,0.23266963877162758,0.4820978296356081,False,3,pattern,1000,274131568,,sub-02,subject,0.09100782810225881,,0.0004999500049995,3.372418917080264,10000,17007917893613680722,0.712004776267903,0.33399382424865154,,,0.25772359420215146,0.12646309924559399,False
FFA,euclidean_centered,weights_sorted_fMRI1_test_100_cosine_rdm.csv,L2,corr,100,4950,0.7196393939825855,0.3531218334277719,0.6685089432375196,0.7732794212152515,0.23266963877162758,0.4820978296356081,False,3,pattern,1000,274131568,,sub-03,subject,0.05535556495888148,,0.010798920107989201,2.3626809615156117,10000,17007917893613680723,0.6435456399049599,0.2293462861542915,,,0.15676052772365318,0.0769212544807143,False
FFA,euclidean_centered,weights_sorted_fMRI1_test_100_cosine_rdm.csv,L3,spearman,100,4950,0.7043231050386195,0.3234901728892591,0.6525998863002537,0.750922888235679,0.20434908705911886,0.4328314972658722,False,3,pattern,1000,274131568,,F1+F2+F3,group_mean,0.08747771394190602,0.135212;0.091812;0.035409,9.999000099990002e-05,3.690811777881529,10000,17007917893613680720,,,,,0.27041845865238207,0.1242011135459051,False
FFA,euclidean_centered,weights_sorted_fMRI1_test_100_cosine_rdm.csv,L3,spearman,100,4950,0.7043231050386195,0.3234901728892591,0.6525998863002537,0.750922888235679,0.20434908705911886,0.4328314972658722,False,3,pattern,1000,274131568,,sub-01,subject,0.13521214335210166,,0.00019998000199980003,4.255223802717517,10000,17007917893613680721,0.7548487669944196,0.40686188123253275,,,0.41797913718507007,0.19197459572860057,False
FFA,euclidean_centered,weights_sorted_fMRI1_test_100_cosine_rdm.csv,L3,spearman,100,4950,0.7043231050386195,0.3234901728892591,0.6525998863002537,0.750922888235679,0.20434908705911886,0.4328314972658722,False,3,pattern,1000,274131568,,sub-02,subject,0.09181203148695037,,0.0028997100289971,2.7523101447414784,10000,17007917893613680722,0.7364236674202954,0.36088821390419606,,,0.2838170651891195,0.13035499024544442,False
FFA,euclidean_centered,weights_sorted_fMRI1_test_100_cosine_rdm.csv,L3,spearman,100,4950,0.7043231050386195,0.3234901728892591,0.6525998863002537,0.750922888235679,0.20434908705911886,0.4328314972658722,False,3,pattern,1000,274131568,,sub-03,subject,0.03540896698666607,,0.1192880711928807,1.178120974913744,10000,17007917893613680723,0.6216968807011432,0.20272042353104833,,,0.10945917358295666,0.05027375466367034,False
FFA,euclidean_centered,weights_sorted_fMRI1_test_100_dot_product_rdm.csv,L1,cosine,100,4950,0.9982511828568915,0.9960650629245444,0.9970626135579875,0.9990514146869994,0.9933932085306645,0.9978654415384459,False,3,pattern,1000,274131568,0.5589913503125625,F1+F2+F3,group_mean,0.8663433853800049,0.866047;0.862351;0.870633,1.0,-4.799967349369031,10000,8948883239331151797,,,0.8698208308826877,,-0.027545381253773617,-0.02707650838939753,False
FFA,euclidean_centered,weights_sorted_fMRI1_test_100_dot_product_rdm.csv,L1,cosine,100,4950,0.9982511828568915,0.9960650629245444,0.9970626135579875,0.9990514146869994,0.9933932085306645,0.9978654415384459,False,3,pattern,1000,274131568,0.5589913503125625,sub-01,subject,0.8660465200128228,,1.0,-5.658915262417837,10000,8948883239331151798,0.9989896522635114,0.9977247482231164,0.870760838330374,0.06982708990488895,-0.03762297985418863,-0.036977845930682554,False
FFA,euclidean_centered,weights_sorted_fMRI1_test_100_dot_product_rdm.csv,L1,cosine,100,4950,0.9982511828568915,0.9960650629245444,0.9970626135579875,0.9990514146869994,0.9933932085306645,0.9978654415384459,False,3,pattern,1000,274131568,0.5589913503125625,sub-02,subject,0.862350844631863,,0.9998000199980002,-3.477213916777432,10000,8948883239331151799,0.9974671668859396,0.9943037904303087,0.8672508343008729,0.11413283337914046,-0.03803919583546306,-0.03740440176702743,False
FFA,euclidean_centered,weights_sorted_fMRI1_test_100_dot_product_rdm.csv,L1,cosine,100,4950,0.9982511828568915,0.9960650629245444,0.9970626135579875,0.9990514146869994,0.9933932085306645,0.9978654415384459,False,3,pattern,1000,274131568,0.5589913503125625,sub-03,subject,0.8706327914953291,,0.9045095490450955,-1.325335391106455,10000,8948883239331151800,0.9982967294212235,0.9961666501202081,0.871450820016816,0.057316728351136645,-0.006564486549844382,-0.006451310573287133,False
FFA,euclidean_centered,weights_sorted_fMRI1_test_100_dot_product_rdm.csv,L2,corr,100,4950,0.7196393939825855,0.3531218334277719,0.6685089432375196,0.7732794212152515,0.23266963877162758,0.4820978296356081,False,3,pattern,1000,274131568,,F1+F2+F3,group_mean,-0.08613161824863559,-0.139358;-0.088972;-0.030064,1.0,-4.829215283743099,10000,8948883239331151797,,,,,-0.24391473450551474,-0.11968719190311569,False
FFA,euclidean_centered,weights_sorted_fMRI1_test_100_dot_product_rdm.csv,L2,corr,100,4950,0.7196393939825855,0.3531218334277719,0.6685089432375196,0.7732794212152515,0.23266963877162758,0.4820978296356081,False,3,pattern,1000,274131568,,sub-01,subject,-0.13935805837823634,,1.0,-5.65891526241748,10000,8948883239331151798,0.8033677657748934,0.49602538988037287,,,-0.39464582811399807,-0.19364984677535407,False
FFA,euclidean_centered,weights_sorted_fMRI1_test_100_dot_product_rdm.csv,L2,corr,100,4950,0.7196393939825855,0.3531218334277719,0.6685089432375196,0.7732794212152515,0.23266963877162758,0.4820978296356081,False,3,pattern,1000,274131568,,sub-02,subject,-0.08897244733767158,,0.9998000199980002,-3.47721391677779,10000,8948883239331151799,0.712004776267903,0.33399382424865154,,,-0.25195963238526325,-0.12363476496927936,False
FFA,euclidean_centered,weights_sorted_fMRI1_test_100_dot_product_rdm.csv,L2,corr,100,4950,0.7196393939825855,0.3531218334277719,0.6685089432375196,0.7732794212152515,0.23266963877162758,0.4820978296356081,False,3,pattern,1000,274131568,,sub-03,subject,-0.0300643490299989,,0.9045095490450955,-1.325335391106284,10000,8948883239331151800,0.6435456399049599,0.2293462861542915,,,-0.08513874301728304,-0.04177696396471373,False
FFA,euclidean_centered,weights_sorted_fMRI1_test_100_dot_product_rdm.csv,L3,spearman,100,4950,0.7043231050386195,0.3234901728892591,0.6525998863002537,0.750922888235679,0.20434908705911886,0.4328314972658722,False,3,pattern,1000,274131568,,F1+F2+F3,group_mean,-0.07608376521146278,-0.126398;-0.089361;-0.012493,0.9989001099890011,-3.2462989810433465,10000,8948883239331151797,,,,,-0.2351965270905112,-0.10802395188681328,False
FFA,euclidean_centered,weights_sorted_fMRI1_test_100_dot_product_rdm.csv,L3,spearman,100,4950,0.7043231050386195,0.3234901728892591,0.6525998863002537,0.750922888235679,0.20434908705911886,0.4328314972658722,False,3,pattern,1000,274131568,,sub-01,subject,-0.12639760337519168,,1.0,-3.9963175865031095,10000,8948883239331151798,0.7548487669944196,0.40686188123253275,,,-0.39073089066746264,-0.17945968614541055,False
FFA,euclidean_centered,weights_sorted_fMRI1_test_100_dot_product_rdm.csv,L3,spearman,100,4950,0.7043231050386195,0.3234901728892591,0.6525998863002537,0.750922888235679,0.20434908705911886,0.4328314972658722,False,3,pattern,1000,274131568,,sub-02,subject,-0.08936075468972543,,0.9961003899610039,-2.767236084004353,10000,8948883239331151799,0.7364236674202954,0.36088821390419606,,,-0.2762394724130196,-0.126874660295044,False
FFA,euclidean_centered,weights_sorted_fMRI1_test_100_dot_product_rdm.csv,L3,spearman,100,4950,0.7043231050386195,0.3234901728892591,0.6525998863002537,0.750922888235679,0.20434908705911886,0.4328314972658722,False,3,pattern,1000,274131568,,sub-03,subject,-0.012492937569471193,,0.6687331266873313,-0.4267400617268229,10000,8948883239331151800,0.6216968807011432,0.20272042353104833,,,-0.03861921819105127,-0.017737509219985306,False
FFA,euclidean_centered,weights_sorted_fMRI1_test_100_euclidean_rdm.csv,L1,cosine,100,4950,0.9982511828568915,0.9960650629245444,0.9970626135579875,0.9990514146869994,0.9933932085306645,0.9978654415384459,False,3,pattern,1000,274131568,0.1584528529687979,F1+F2+F3,group_mean,0.9855818117845679,0.986888;0.982894;0.986964,0.00019998000199980003,4.054652127000738,10000,1401457298815978192,,,0.9842151645339322,,0.11532987082137537,0.09736716062847041,False
FFA,euclidean_centered,weights_sorted_fMRI1_test_100_euclidean_rdm.csv,L1,cosine,100,4950,0.9982511828568915,0.9960650629245444,0.9970626135579875,0.9990514146869994,0.9933932085306645,0.9978654415384459,False,3,pattern,1000,274131568,0.1584528529687979,sub-01,subject,0.9868882419816017,,9.999000099990002e-05,4.259909634971765,10000,1401457298815978193,0.9989896522635114,0.9977247482231164,0.9852787968958394,0.06982708990488895,0.14921244121730184,0.1240670059150628,False
FFA,euclidean_centered,weights_sorted_fMRI1_test_100_euclidean_rdm.csv,L1,cosine,100,4950,0.9982511828568915,0.9960650629245444,0.9970626135579875,0.9990514146869994,0.9933932085306645,0.9978654415384459,False,3,pattern,1000,274131568,0.1584528529687979,sub-02,subject,0.9828935960953512,,0.0122987701229877,2.3587179137183907,10000,1401457298815978194,0.9974671668859396,0.9943037904303087,0.9813071753034887,0.11413283337914046,0.10749646782776215,0.09362724767812985,False
FFA,euclidean_centered,weights_sorted_fMRI1_test_100_euclidean_rdm.csv,L1,cosine,100,4950,0.9982511828568915,0.9960650629245444,0.9970626135579875,0.9990514146869994,0.9933932085306645,0.9978654415384459,False,3,pattern,1000,274131568,0.1584528529687979,sub-03,subject,0.9869635972767509,,0.0005999400059994001,3.171923919217767,10000,1401457298815978195,0.9982967294212235,0.9961666501202081,0.9860595214024688,0.057316728351136645,0.0903575156114632,0.07415526404353409,False
FFA,euclidean_centered,weights_sorted_fMRI1_test_100_euclidean_rdm.csv,L2,corr,100,4950,0.7196393939825855,0.3531218334277719,0.6685089432375196,0.7732794212152515,0.23266963877162758,0.4820978296356081,False,3,pattern,1000,274131568,,F1+F2+F3,group_mean,0.11242136042881194,0.147398;0.089202;0.100664,0.00019998000199980003,4.40469501747336,10000,1401457298815978192,,,,,0.3183642295281829,0.15621901937115526,False
FFA,euclidean_centered,weights_sorted_fMRI1_test_100_euclidean_rdm.csv,L2,corr,100,4950,0.7196393939825855,0.3531218334277719,0.6685089432375196,0.7732794212152515,0.23266963877162758,0.4820978296356081,False,3,pattern,1000,274131568,,sub-01,subject,0.14739769744559844,,9.999000099990002e-05,4.259909634968401,10000,1401457298815978193,0.8033677657748934,0.49602538988037287,,,0.41741315175785465,0.20482160743018651,False
FFA,euclidean_centered,weights_sorted_fMRI1_test_100_euclidean_rdm.csv,L2,corr,100,4950,0.7196393939825855,0.3531218334277719,0.6685089432375196,0.7732794212152515,0.23266963877162758,0.4820978296356081,False,3,pattern,1000,274131568,,sub-02,subject,0.08920190660063888,,0.0122987701229877,2.3587179137214775,10000,1401457298815978194,0.712004776267903,0.33399382424865154,,,0.25260943435513844,0.12395361808500088,False
FFA,euclidean_centered,weights_sorted_fMRI1_test_100_euclidean_rdm.csv,L2,corr,100,4950,0.7196393939825855,0.3531218334277719,0.6685089432375196,0.7732794212152515,0.23266963877162758,0.4820978296356081,False,3,pattern,1000,274131568,,sub-03,subject,0.10066447724019852,,0.0005999400059994001,3.171923919218312,10000,1401457298815978195,0.6435456399049599,0.2293462861542915,,,0.28507010247155556,0.13988183259827838,False
FFA,euclidean_centered,weights_sorted_fMRI1_test_100_euclidean_rdm.csv,L3,spearman,100,4950,0.7043231050386195,0.3234901728892591,0.6525998863002537,0.750922888235679,0.20434908705911886,0.4328314972658722,False,3,pattern,1000,274131568,,F1+F2+F3,group_mean,0.10793729880203633,0.144588;0.090828;0.088396,0.00029997000299970003,3.531438560219147,10000,1401457298815978192,,,,,0.33366484625480936,0.153249691838688,False
FFA,euclidean_centered,weights_sorted_fMRI1_test_100_euclidean_rdm.csv,L3,spearman,100,4950,0.7043231050386195,0.3234901728892591,0.6525998863002537,0.750922888235679,0.20434908705911886,0.4328314972658722,False,3,pattern,1000,274131568,,sub-01,subject,0.14458782099711298,,0.00039996000399960006,3.543411387588512,10000,1401457298815978193,0.7548487669944196,0.40686188123253275,,,0.4469620196054919,0.20528621021056087,False
FFA,euclidean_centered,weights_sorted_fMRI1_test_100_euclidean_rdm.csv,L3,spearman,100,4950,0.7043231050386195,0.3234901728892591,0.6525998863002537,0.750922888235679,0.20434908705911886,0.4328314972658722,False,3,pattern,1000,274131568,,sub-02,subject,0.09082781494444649,,0.017298270172982702,2.103384898594356,10000,1401457298815978194,0.7364236674202954,0.36088821390419606,,,0.2807745723253847,0.1289575967261023,False
FFA,euclidean_centered,weights_sorted_fMRI1_test_100_euclidean_rdm.csv,L3,spearman,100,4950,0.7043231050386195,0.3234901728892591,0.6525998863002537,0.750922888235679,0.20434908705911886,0.4328314972658722,False,3,pattern,1000,274131568,,sub-03,subject,0.08839626046454951,,0.012598740125987402,2.2779678877529728,10000,1401457298815978195,0.6216968807011432,0.20272042353104833,,,0.2732579468335514,0.12550526857940086,False
FFA,crossnobis,weights_sorted_fMRI1_test_100_choice_probability_rdm.csv,L1,cosine,100,4950,0.9555138602965355,0.8999152758957027,0.9478458301078908,0.9622844530319155,0.8829294778749534,0.9150039482084429,False,3,pattern,1000,274131568,0.6215286405986206,F1+F2+F3,group_mean,0.775541408810034,0.815281;0.783853;0.727490,1.0,-5.565166205059235,10000,4993006989049555597,,,0.7861332739095924,,-0.09308910824799363,-0.06253293441411145,False
FFA,crossnobis,weights_sorted_fMRI1_test_100_choice_probability_rdm.csv,L1,cosine,100,4950,0.9555138602965355,0.8999152758957027,0.9478458301078908,0.9622844530319155,0.8829294778749534,0.9150039482084429,False,3,pattern,1000,274131568,0.6215286405986206,sub-01,subject,0.8152811859225892,,1.0,-5.77057695507397,10000,4993006989049555598,0.9722147917372985,0.9361662934445845,0.8262126478018101,0.2381588180767275,-0.14831848146981794,-0.08454260921696172,False
FFA,crossnobis,weights_sorted_fMRI1_test_100_choice_probability_rdm.csv,L1,cosine,100,4950,0.9555138602965355,0.8999152758957027,0.9478458301078908,0.9622844530319155,0.8829294778749534,0.9150039482084429,False,3,pattern,1000,274131568,0.6215286405986206,sub-02,subject,0.7838533458254429,,1.0,-5.5932756074902565,10000,4993006989049555599,0.9626535873213387,0.9149499817471545,0.799150309784258,0.35986206150240513,-0.1518083571019808,-0.0978294743800544,False
FFA,crossnobis,weights_sorted_fMRI1_test_100_choice_probability_rdm.csv,L1,cosine,100,4950,0.9555138602965355,0.8999152758957027,0.9478458301078908,0.9622844530319155,0.8829294778749534,0.9150039482084429,False,3,pattern,1000,274131568,0.6215286405986206,sub-03,subject,0.7274896946820697,,0.9152084791520848,-1.359510388024468,10000,4993006989049555600,0.931673201830969,0.8486295524953694,0.7330368641427092,0.5851756353167077,-0.033240785326086264,-0.02493367654426633,False
FFA,crossnobis,weights_sorted_fMRI1_test_100_choice_probability_rdm.csv,L2,corr,100,4950,0.6537075400591542,0.19022903454077808,0.6134027993317079,0.6917644074718036,0.09365653133252255,0.2809171455831978,False,3,pattern,1000,274131568,,F1+F2+F3,group_mean,-0.06545214523787864,-0.089626;-0.085773;-0.020958,1.0,-6.496178781591497,10000,4993006989049555597,,,,,-0.3440702172298946,-0.10012450710291004,False
FFA,crossnobis,weights_sorted_fMRI1_test_100_choice_probability_rdm.csv,L2,corr,100,4950,0.6537075400591542,0.19022903454077808,0.6134027993317079,0.6917644074718036,0.09365653133252255,0.2809171455831978,False,3,pattern,1000,274131568,,sub-01,subject,-0.08962564255952896,,1.0,-5.770576955072932,10000,4993006989049555598,0.697264527981633,0.25287374354771675,,,-0.47114596767990496,-0.1371035777733552,False
FFA,crossnobis,weights_sorted_fMRI1_test_100_choice_probability_rdm.csv,L2,corr,100,4950,0.6537075400591542,0.19022903454077808,0.6134027993317079,0.6917644074718036,0.09365653133252255,0.2809171455831978,False,3,pattern,1000,274131568,,sub-02,subject,-0.08577298616174606,,1.0,-5.59327560748963,10000,4993006989049555599,0.6845731646814527,0.2330128566082175,,,-0.4508932422897804,-0.1312100303355602,False
FFA,crossnobis,weights_sorted_fMRI1_test_100_choice_probability_rdm.csv,L2,corr,100,4950,0.6537075400591542,0.19022903454077808,0.6134027993317079,0.6917644074718036,0.09365653133252255,0.2809171455831978,False,3,pattern,1000,274131568,,sub-03,subject,-0.02095780699236092,,0.9152084791520848,-1.359510388024165,10000,4993006989049555600,0.579284927514377,0.0848005034664,,,-0.11017144171999854,-0.03205991319981477,False
FFA,crossnobis,weights_sorted_fMRI1_test_100_choice_probability_rdm.csv,L3,spearman,100,4950,0.641256712364811,0.17425323555080593,0.5983485885574125,0.6809623576505021,0.07490893285500401,0.2681272384416834,False,3,pattern,1000,274131568,,F1+F2+F3,group_mean,-0.04432864829852909,-0.052739;-0.067861;-0.012386,0.998000199980002,-2.992637346478574,10000,4993006989049555597,,,,,-0.2543921101861231,-0.06912777276834262,False
FFA,crossnobis,weights_sorted_fMRI1_test_100_choice_probability_rdm.csv,L3,spearman,100,4950,0.641256712364811,0.17425323555080593,0.5983485885574125,0.6809623576505021,0.07490893285500401,0.2681272384416834,False,3,pattern,1000,274131568,,sub-01,subject,-0.05273858479545786,,0.9882011798820118,-2.3464761814401243,10000,4993006989049555598,0.6808495925393919,0.22686754418265662,,,-0.3026548381081922,-0.08224254620426472,False
FFA,crossnobis,weights_sorted_fMRI1_test_100_choice_probability_rdm.csv,L3,spearman,100,4950,0.641256712364811,0.17425323555080593,0.5983485885574125,0.6809623576505021,0.07490893285500401,0.2681272384416834,False,3,pattern,1000,274131568,,sub-02,subject,-0.06786143360687044,,0.9977002299770023,-3.022113049319665,10000,4993006989049555599,0.6705667766702996,0.2113455033842053,,,-0.3894414550889903,-0.10582568930407402,False
FFA,crossnobis,weights_sorted_fMRI1_test_100_choice_probability_rdm.csv,L3,spearman,100,4950,0.641256712364811,0.17425323555080593,0.5983485885574125,0.6809623576505021,0.07490893285500401,0.2681272384416834,False,3,pattern,1000,274131568,,sub-03,subject,-0.012385926493258976,,0.7153284671532847,-0.5553414399660535,10000,4993006989049555600,0.5723537678847411,0.08454665908555588,,,-0.07108003736118683,-0.019315082796689108,False
FFA,crossnobis,weights_sorted_fMRI1_test_100_cosine_rdm.csv,L1,cosine,100,4950,0.9555138602965355,0.8999152758957027,0.9478458301078908,0.9622844530319155,0.8829294778749534,0.9150039482084429,False,3,pattern,1000,274131568,0.2607311040005725,F1+F2+F3,group_mean,0.9021271245758696,0.948090;0.919103;0.839188,9.999000099990002e-05,4.364928917670268,10000,14251058320612823816,,,0.8956591143348672,,1.5196815601456342,0.10806177750958298,False
FFA,crossnobis,weights_sorted_fMRI1_test_100_cosine_rdm.csv,L1,cosine,100,4950,0.9555138602965355,0.8999152758957027,0.9478458301078908,0.9622844530319155,0.8829294778749534,0.9150039482084429,False,3,pattern,1000,274131568,0.2607311040005725,sub-01,subject,0.9480895771070692,,9.999000099990002e-05,4.752692894697397,10000,14251058320612823817,0.9722147917372985,0.9361662934445845,0.9413224359557354,0.2381588180767275,-0.16342925091995492,0.47684721341735853,False
FFA,crossnobis,weights_sorted_fMRI1_test_100_cosine_rdm.csv,L1,cosine,100,4950,0.9555138602965355,0.8999152758957027,0.9478458301078908,0.9622844530319155,0.8829294778749534,0.9150039482084429,False,3,pattern,1000,274131568,0.2607311040005725,sub-02,subject,0.9191034225702366,,9.999000099990002e-05,4.0798578279116375,10000,14251058320612823818,0.9626535873213387,0.9149499817471545,0.9104897126694048,0.35986206150240513,-0.8145785998033958,0.19131311429072584,False
FFA,crossnobis,weights_sorted_fMRI1_test_100_cosine_rdm.csv,L1,cosine,100,4950,0.9555138602965355,0.8999152758957027,0.9478458301078908,0.9622844530319155,0.8829294778749534,0.9150039482084429,False,3,pattern,1000,274131568,0.2607311040005725,sub-03,subject,0.8391883740503031,,0.0963903609639036,1.3090770381113346,10000,14251058320612823819,0.931673201830969,0.8486295524953694,0.8351651943794617,0.5851756353167077,0.062133970747701744,0.03342936658403505,False
FFA,crossnobis,weights_sorted_fMRI1_test_100_cosine_rdm.csv,L2,corr,100,4950,0.6537075400591542,0.19022903454077808,0.6134027993317079,0.6917644074718036,0.09365653133252255,0.2809171455831978,False,3,pattern,1000,274131568,,F1+F2+F3,group_mean,0.08254244759112604,0.115604;0.100656;0.031367,9.999000099990002e-05,5.04094809341388,10000,14251058320612823816,,,,,0.4339108790116473,0.12626815897466434,False
FFA,crossnobis,weights_sorted_fMRI1_test_100_cosine_rdm.csv,L2,corr,100,4950,0.6537075400591542,0.19022903454077808,0.6134027993317079,0.6917644074718036,0.09365653133252255,0.2809171455831978,False,3,pattern,1000,274131568,,sub-01,subject,0.11560413216878444,,9.999000099990002e-05,4.752692894698039,10000,14251058320612823817,0.697264527981633,0.25287374354771675,,,0.6077102396480027,0.1768438102432219,False
FFA,crossnobis,weights_sorted_fMRI1_test_100_cosine_rdm.csv,L2,corr,100,4950,0.6537075400591542,0.19022903454077808,0.6134027993317079,0.6917644074718036,0.09365653133252255,0.2809171455831978,False,3,pattern,1000,274131568,,sub-02,subject,0.10065575458695031,,9.999000099990002e-05,4.079857827911334,10000,14251058320612823818,0.6845731646814527,0.2330128566082175,,,0.5291292931698784,0.1539767379428451,False
FFA,crossnobis,weights_sorted_fMRI1_test_100_cosine_rdm.csv,L2,corr,100,4950,0.6537075400591542,0.19022903454077808,0.6134027993317079,0.6917644074718036,0.09365653133252255,0.2809171455831978,False,3,pattern,1000,274131568,,sub-03,subject,0.031367456017643354,,0.0963903609639036,1.3090770381121957,10000,14251058320612823819,0.579284927514377,0.0848005034664,,,0.16489310421706066,0.047983928737925986,False
FFA,crossnobis,weights_sorted_fMRI1_test_100_cosine_rdm.csv,L3,spearman,100,4950,0.641256712364811,0.17425323555080593,0.5983485885574125,0.6809623576505021,0.07490893285500401,0.2681272384416834,False,3,pattern,1000,274131568,,F1+F2+F3,group_mean,0.0673245345713554,0.086039;0.090704;0.025231,0.0008999100089991,3.152982935795665,10000,14251058320612823816,,,,,0.38636031267107235,0.10498842861710969,False
FFA,crossnobis,weights_sorted_fMRI1_test_100_cosine_rdm.csv,L3,spearman,100,4950,0.641256712364811,0.17425323555080593,0.5983485885574125,0.6809623576505021,0.07490893285500401,0.2681272384416834,False,3,pattern,1000,274131568,,sub-01,subject,0.08603904130906663,,0.0032996700329967,2.749059357551044,10000,14251058320612823817,0.6808495925393919,0.22686754418265662,,,0.4937586440624843,0.13417253909401422,False
FFA,crossnobis,weights_sorted_fMRI1_test_100_cosine_rdm.csv,L3,spearman,100,4950,0.641256712364811,0.17425323555080593,0.5983485885574125,0.6809623576505021,0.07490893285500401,0.2681272384416834,False,3,pattern,1000,274131568,,sub-02,subject,0.0907037698110266,,0.0032996700329967,2.8697759816607276,10000,14251058320612823818,0.6705667766702996,0.2113455033842053,,,0.5205284683771663,0.14144689336121166,False
FFA,crossnobis,weights_sorted_fMRI1_test_100_cosine_rdm.csv,L3,spearman,100,4950,0.641256712364811,0.17425323555080593,0.5983485885574125,0.6809623576505021,0.07490893285500401,0.2681272384416834,False,3,pattern,1000,274131568,,sub-03,subject,0.02523079259397298,,0.20757924207579243,0.8199260345051506,10000,14251058320612823819,0.5723537678847411,0.08454665908555588,,,0.14479382557356643,0.03934585339610321,False
FFA,crossnobis,weights_sorted_fMRI1_test_100_dot_product_rdm.csv,L1,cosine,100,4950,0.9555138602965355,0.8999152758957027,0.9478458301078908,0.9622844530319155,0.8829294778749534,0.9150039482084429,False,3,pattern,1000,274131568,0.5589913503125625,F1+F2+F3,group_mean,0.7976378577378718,0.835938;0.805075;0.751901,0.9999000099990001,-3.786797052478553,10000,14760038578712336941,,,0.8079408018907968,,-0.11201960396506773,-0.06981588824023674,False
FFA,crossnobis,weights_sorted_fMRI1_test_100_dot_product_rdm.csv,L1,cosine,100,4950,0.9555138602965355,0.8999152758957027,0.9478458301078908,0.9622844530319155,0.8829294778749534,0.9150039482084429,False,3,pattern,1000,274131568,0.5589913503125625,sub-01,subject,0.8359379335208617,,1.0,-4.923193260599326,10000,14760038578712336942,0.9722147917372985,0.9361662934445845,0.8491319873506346,0.2381588180767275,-0.259810937963651,-0.12402539515808822,False
FFA,crossnobis,weights_sorted_fMRI1_test_100_dot_product_rdm.csv,L1,cosine,100,4950,0.9555138602965355,0.8999152758957027,0.9478458301078908,0.9622844530319155,0.8829294778749534,0.9150039482084429,False,3,pattern,1000,274131568,0.5589913503125625,sub-02,subject,0.8050745032287246,,1.0,-4.150269136702339,10000,14760038578712336943,0.9626535873213387,0.9149499817471545,0.8213189335026487,0.35986206150240513,-0.20668175870941916,-0.12105100142030178,False
FFA,crossnobis,weights_sorted_fMRI1_test_100_dot_product_rdm.csv,L1,cosine,100,4950,0.9555138602965355,0.8999152758957027,0.9478458301078908,0.9622844530319155,0.8829294778749534,0.9150039482084429,False,3,pattern,1000,274131568,0.5589913503125625,sub-03,subject,0.7519011364640289,,0.6018398160183982,-0.24692498722888956,10000,14760038578712336944,0.931673201830969,0.8486295524953694,0.7533714848191072,0.5851756353167077,-0.01003350837504803,-0.007273825449045902,False
FFA,crossnobis,weights_sorted_fMRI1_test_100_dot_product_rdm.csv,L2,corr,100,4950,0.6537075400591542,0.19022903454077808,0.6134027993317079,0.6917644074718036,0.09365653133252255,0.2809171455831978,False,3,pattern,1000,274131568,,F1+F2+F3,group_mean,-0.07386440782748817,-0.116958;-0.098516;-0.006120,1.0,-4.713901446537932,10000,14760038578712336941,,,,,-0.3882919765944266,-0.11299304857460288,False
FFA,crossnobis,weights_sorted_fMRI1_test_100_dot_product_rdm.csv,L2,corr,100,4950,0.6537075400591542,0.19022903454077808,0.6134027993317079,0.6917644074718036,0.09365653133252255,0.2809171455831978,False,3,pattern,1000,274131568,,sub-01,subject,-0.11695779687222663,,1.0,-4.9231932605991116,10000,14760038578712336942,0.697264527981633,0.25287374354771675,,,-0.6148262128048344,-0.17891455996001374,False
FFA,crossnobis,weights_sorted_fMRI1_test_100_dot_product_rdm.csv,L2,corr,100,4950,0.6537075400591542,0.19022903454077808,0.6134027993317079,0.6917644074718036,0.09365653133252255,0.2809171455831978,False,3,pattern,1000,274131568,,sub-02,subject,-0.09851569941619709,,1.0,-4.150269136702899,10000,14760038578712336943,0.6845731646814527,0.2330128566082175,,,-0.5178794060224228,-0.15070301836702446,False
FFA,crossnobis,weights_sorted_fMRI1_test_100_dot_product_rdm.csv,L2,corr,100,4950,0.6537075400591542,0.19022903454077808,0.6134027993317079,0.6917644074718036,0.09365653133252255,0.2809171455831978,False,3,pattern,1000,274131568,,sub-03,subject,-0.006119727194040812,,0.6018398160183982,-0.24692498722881617,10000,14760038578712336944,0.579284927514377,0.0848005034664,,,-0.03217031095602269,-0.009361567396770482,False
FFA,crossnobis,weights_sorted_fMRI1_test_100_dot_product_rdm.csv,L3,spearman,100,4950,0.641256712364811,0.17425323555080593,0.5983485885574125,0.6809623576505021,0.07490893285500401,0.2681272384416834,False,3,pattern,1000,274131568,,F1+F2+F3,group_mean,-0.058422877526974636,-0.087002;-0.087642;-0.000625,0.9977002299770023,-2.8227616648391467,10000,14760038578712336941,,,,,-0.33527571147992047,-0.09110684753930164,False
FFA,crossnobis,weights_sorted_fMRI1_test_100_dot_product_rdm.csv,L3,spearman,100,4950,0.641256712364811,0.17425323555080593,0.5983485885574125,0.6809623576505021,0.07490893285500401,0.2681272384416834,False,3,pattern,1000,274131568,,sub-01,subject,-0.08700187574064724,,0.9971002899710029,-2.7860881653846654,10000,14760038578712336942,0.6808495925393919,0.22686754418265662,,,-0.49928413360956303,-0.13567401956667843,False
FFA,crossnobis,weights_sorted_fMRI1_test_100_dot_product_rdm.csv,L3,spearman,100,4950,0.641256712364811,0.17425323555080593,0.5983485885574125,0.6809623576505021,0.07490893285500401,0.2681272384416834,False,3,pattern,1000,274131568,,sub-02,subject,-0.08764214804573546,,0.9969003099690031,-2.824062031523114,10000,14760038578712336943,0.6705667766702996,0.2113455033842053,,,-0.5029585118962235,-0.13667248444469435,False
FFA,crossnobis,weights_sorted_fMRI1_test_100_dot_product_rdm.csv,L3,spearman,100,4950,0.641256712364811,0.17425323555080593,0.5983485885574125,0.6809623576505021,0.07490893285500401,0.2681272384416834,False,3,pattern,1000,274131568,,sub-03,subject,-0.0006246087945411757,,0.5052494750524947,-0.0017530563353558763,10000,14760038578712336944,0.5723537678847411,0.08454665908555588,,,-0.003584488933974844,-0.0009740386065320994,False
FFA,crossnobis,weights_sorted_fMRI1_test_100_euclidean_rdm.csv,L1,cosine,100,4950,0.9555138602965355,0.8999152758957027,0.9478458301078908,0.9622844530319155,0.8829294778749534,0.9150039482084429,False,3,pattern,1000,274131568,0.1584528529687979,F1+F2+F3,group_mean,0.9192761380014359,0.964946;0.934715;0.858167,9.999000099990002e-05,4.08736032098257,10000,2324856031409411307,,,0.9141969944082362,,-0.35563952536540516,0.12293148291865244,False
FFA,crossnobis,weights_sorted_fMRI1_test_100_euclidean_rdm.csv,L1,cosine,100,4950,0.9555138602965355,0.8999152758957027,0.9478458301078908,0.9622844530319155,0.8829294778749534,0.9150039482084429,False,3,pattern,1000,274131568,0.1584528529687979,sub-01,subject,0.9649463023178697,,0.0004999500049995,3.402981751923348,10000,2324856031409411308,0.9722147917372985,0.9361662934445845,0.9608054313820452,0.2381588180767275,-0.06800558978295401,-0.7825409257306853,False
FFA,crossnobis,weights_sorted_fMRI1_test_100_euclidean_rdm.csv,L1,cosine,100,4950,0.9555138602965355,0.8999152758957027,0.9478458301078908,0.9622844530319155,0.8829294778749534,0.9150039482084429,False,3,pattern,1000,274131568,0.1584528529687979,sub-02,subject,0.9347154431611908,,0.0017998200179982,3.0227493235993683,10000,2324856031409411309,0.9626535873213387,0.9149499817471545,0.9293345486470255,0.35986206150240513,-0.18290372299986293,0.2055399540753797,False
FFA,crossnobis,weights_sorted_fMRI1_test_100_euclidean_rdm.csv,L1,cosine,100,4950,0.9555138602965355,0.8999152758957027,0.9478458301078908,0.9622844530319155,0.8829294778749534,0.9150039482084429,False,3,pattern,1000,274131568,0.1584528529687979,sub-03,subject,0.8581666685252473,,0.013298670132986702,2.21614385604442,10000,2324856031409411310,0.931673201830969,0.8486295524953694,0.852451003195638,0.5851756353167077,0.12042037103839195,0.05545805240013512,False
FFA,crossnobis,weights_sorted_fMRI1_test_100_euclidean_rdm.csv,L2,corr,100,4950,0.6537075400591542,0.19022903454077808,0.6134027993317079,0.6917644074718036,0.09365653133252255,0.2809171455831978,False,3,pattern,1000,274131568,,F1+F2+F3,group_mean,0.09578459876732609,0.114019;0.101315;0.072020,9.999000099990002e-05,4.301410467899844,10000,2324856031409411307,,,,,0.5035224985426365,0.14652515520726364,False
FFA,crossnobis,weights_sorted_fMRI1_test_100_euclidean_rdm.csv,L2,corr,100,4950,0.6537075400591542,0.19022903454077808,0.6134027993317079,0.6917644074718036,0.09365653133252255,0.2809171455831978,False,3,pattern,1000,274131568,,sub-01,subject,0.11401905835915362,,0.0004999500049995,3.402981751924207,10000,2324856031409411308,0.697264527981633,0.25287374354771675,,,0.5993777902221974,0.17441906567092066,False
FFA,crossnobis,weights_sorted_fMRI1_test_100_euclidean_rdm.csv,L2,corr,100,4950,0.6537075400591542,0.19022903454077808,0.6134027993317079,0.6917644074718036,0.09365653133252255,0.2809171455831978,False,3,pattern,1000,274131568,,sub-02,subject,0.10131468063309969,,0.0017998200179982,3.0227493235987253,10000,2324856031409411309,0.6845731646814527,0.2330128566082175,,,0.5325931495035873,0.15498472087981682,False
FFA,crossnobis,weights_sorted_fMRI1_test_100_euclidean_rdm.csv,L2,corr,100,4950,0.6537075400591542,0.19022903454077808,0.6134027993317079,0.6917644074718036,0.09365653133252255,0.2809171455831978,False,3,pattern,1000,274131568,,sub-03,subject,0.07202005730972495,,0.013298670132986702,2.2161438560442104,10000,2324856031409411310,0.579284927514377,0.0848005034664,,,0.378596555902125,0.11017167907105345,False
FFA,crossnobis,weights_sorted_fMRI1_test_100_euclidean_rdm.csv,L3,spearman,100,4950,0.641256712364811,0.17425323555080593,0.5983485885574125,0.6809623576505021,0.07490893285500401,0.2681272384416834,False,3,pattern,1000,274131568,,F1+F2+F3,group_mean,0.0820102731710605,0.077194;0.091577;0.077260,0.0016998300169983002,3.0097512853710793,10000,2324856031409411307,,,,,0.4706384527772471,0.12788992550054562,False
FFA,crossnobis,weights_sorted_fMRI1_test_100_euclidean_rdm.csv,L3,spearman,100,4950,0.641256712364811,0.17425323555080593,0.5983485885574125,0.6809623576505021,0.07490893285500401,0.2681272384416834,False,3,pattern,1000,274131568,,sub-01,subject,0.07719356996643857,,0.029697030296970302,1.8987960731876576,10000,2324856031409411308,0.6808495925393919,0.22686754418265662,,,0.4429964799358444,0.12037857612712699,False
FFA,crossnobis,weights_sorted_fMRI1_test_100_euclidean_rdm.csv,L3,spearman,100,4950,0.641256712364811,0.17425323555080593,0.5983485885574125,0.6809623576505021,0.07490893285500401,0.2681272384416834,False,3,pattern,1000,274131568,,sub-02,subject,0.09157734274740342,,0.011898810118988102,2.2630708147848204,10000,2324856031409411309,0.6705667766702996,0.2113455033842053,,,0.5255417063444012,0.1428091760781524,False
FFA,crossnobis,weights_sorted_fMRI1_test_100_euclidean_rdm.csv,L3,spearman,100,4950,0.641256712364811,0.17425323555080593,0.5983485885574125,0.6809623576505021,0.07490893285500401,0.2681272384416834,False,3,pattern,1000,274131568,,sub-03,subject,0.0772599067993395,,0.027097290270972903,1.9315909004659912,10000,2324856031409411310,0.5723537678847411,0.08454665908555588,,,0.44337717205149574,0.12048202429635751,False
PPA,correlation,weights_sorted_fMRI1_test_100_choice_probability_rdm.csv,L1,cosine,100,4950,0.9963822640859744,0.9918564733101706,0.9958315522664271,0.9970489119250566,0.990617473469771,0.993357859996075,False,3,pattern,1000,274131568,0.6215286405986206,F1+F2+F3,group_mean,0.8364895311683006,0.833789;0.838716;0.836964,1.0,-5.881162771237325,10000,4007757344158572185,,,0.841607239514209,,-0.03406146052537119,-0.03306546621503171,False
PPA,correlation,weights_sorted_fMRI1_test_100_choice_probability_rdm.csv,L1,cosine,100,4950,0.9963822640859744,0.9918564733101706,0.9958315522664271,0.9970489119250566,0.990617473469771,0.993357859996075,False,3,pattern,1000,274131568,0.6215286405986206,sub-01,subject,0.8337887117696963,,1.0,-5.343938652283269,10000,4007757344158572186,0.9964642843503574,0.9920404663802618,0.840286090273345,0.14703512710906466,-0.042867071874260074,-0.041624200932995854,False
PPA,correlation,weights_sorted_fMRI1_test_100_choice_probability_rdm.csv,L1,cosine,100,4950,0.9963822640859744,0.9918564733101706,0.9958315522664271,0.9970489119250566,0.990617473469771,0.993357859996075,False,3,pattern,1000,274131568,0.6215286405986206,sub-02,subject,0.8387160203555459,,0.9999000099990001,-4.2293744187184865,10000,4007757344158572187,0.9961330191618321,0.991297257337769,0.8429701935576773,0.1229788823611646,-0.028573305808993824,-0.02773036820037382,False
PPA,correlation,weights_sorted_fMRI1_test_100_choice_probability_rdm.csv,L1,cosine,100,4950,0.9963822640859744,0.9918564733101706,0.9958315522664271,0.9970489119250566,0.990617473469771,0.993357859996075,False,3,pattern,1000,274131568,0.6215286405986206,sub-03,subject,0.8369638613796596,,0.9999000099990001,-4.151670011016433,10000,4007757344158572188,0.9965494887457338,0.992231696212481,0.8415654347116046,0.1360719157429121,-0.03061774923411105,-0.029722694558081394,False
PPA,correlation,weights_sorted_fMRI1_test_100_choice_probability_rdm.csv,L2,corr,100,4950,0.7742387956498602,0.4785422803906432,0.7252685429108692,0.8225165791298172,0.36267743586346973,0.592196000759612,False,3,pattern,1000,274131568,,F1+F2+F3,group_mean,-0.07213364904002882,-0.084957;-0.066425;-0.065019,1.0,-5.859343704201365,10000,4007757344158572185,,,,,-0.1507362086818008,-0.09316718491157909,False
PPA,correlation,weights_sorted_fMRI1_test_100_choice_probability_rdm.csv,L2,corr,100,4950,0.7742387956498602,0.4785422803906432,0.7252685429108692,0.8225165791298172,0.36267743586346973,0.592196000759612,False,3,pattern,1000,274131568,,sub-01,subject,-0.08495736650402358,,1.0,-5.343938652283093,10000,4007757344158572186,0.8032782669292675,0.5305058864488921,,,-0.17753366836190787,-0.10973018528826665,False
PPA,correlation,weights_sorted_fMRI1_test_100_choice_probability_rdm.csv,L2,corr,100,4950,0.7742387956498602,0.4785422803906432,0.7252685429108692,0.8225165791298172,0.36267743586346973,0.592196000759612,False,3,pattern,1000,274131568,,sub-02,subject,-0.06642483474860224,,0.9999000099990001,-4.229374418717274,10000,4007757344158572187,0.7357863881752718,0.41093535313419266,,,-0.13880661640676425,-0.08579373072211953,False
PPA,correlation,weights_sorted_fMRI1_test_100_choice_probability_rdm.csv,L2,corr,100,4950,0.7742387956498602,0.4785422803906432,0.7252685429108692,0.8225165791298172,0.36267743586346973,0.592196000759612,False,3,pattern,1000,274131568,,sub-03,subject,-0.06501874586746065,,0.9999000099990001,-4.151670011014278,10000,4007757344158572188,0.7836517318450412,0.4941856015888451,,,-0.13586834127673025,-0.08397763872435109,False
PPA,correlation,weights_sorted_fMRI1_test_100_choice_probability_rdm.csv,L3,spearman,100,4950,0.7569496728140978,0.4424358917262256,0.7055172561040881,0.8077169106490428,0.32312218218704,0.5603961150588354,False,3,pattern,1000,274131568,,F1+F2+F3,group_mean,-0.10640706824362378,-0.118733;-0.105929;-0.094559,1.0,-5.304452694081854,10000,4007757344158572185,,,,,-0.2405027942657674,-0.14057350450794992,False
PPA,correlation,weights_sorted_fMRI1_test_100_choice_probability_rdm.csv,L3,spearman,100,4950,0.7569496728140978,0.4424358917262256,0.7055172561040881,0.8077169106490428,0.32312218218704,0.5603961150588354,False,3,pattern,1000,274131568,,sub-01,subject,-0.11873345955199893,,1.0,-4.533819409115248,10000,4007757344158572186,0.7792385084851721,0.4844830501665517,,,-0.26836308213771654,-0.15685779889511775,False
PPA,correlation,weights_sorted_fMRI1_test_100_choice_probability_rdm.csv,L3,spearman,100,4950,0.7569496728140978,0.4424358917262256,0.7055172561040881,0.8077169106490428,0.32312218218704,0.5603961150588354,False,3,pattern,1000,274131568,,sub-02,subject,-0.10592892546605269,,0.9998000199980002,-4.128196416755111,10000,4007757344158572187,0.7229230105053907,0.38150457162404033,,,-0.23942208904606754,-0.1399418340089146,False
PPA,correlation,weights_sorted_fMRI1_test_100_choice_probability_rdm.csv,L3,spearman,100,4950,0.7569496728140978,0.4424358917262256,0.7055172561040881,0.8077169106490428,0.32312218218704,0.5603961150588354,False,3,pattern,1000,274131568,,sub-03,subject,-0.09455881971281974,,0.9994000599940006,-3.7132438609579204,10000,4007757344158572188,0.7686874994517306,0.4613200533880847,,,-0.21372321161351818,-0.12492088061981739,False
PPA,correlation,weights_sorted_fMRI1_test_100_cosine_rdm.csv,L1,cosine,100,4950,0.9963822640859744,0.9918564733101706,0.9958315522664271,0.9970489119250566,0.990617473469771,0.993357859996075,False,3,pattern,1000,274131568,0.2607311040005725,F1+F2+F3,group_mean,0.9617788627124533,0.961296;0.962728;0.961313,0.00019998000199980003,3.8705764732426826,10000,176935169134994265,,,0.9588618365081406,,0.088409101812971,0.07774501498580945,False
PPA,correlation,weights_sorted_fMRI1_test_100_cosine_rdm.csv,L1,cosine,100,4950,0.9963822640859744,0.9918564733101706,0.9958315522664271,0.9970489119250566,0.990617473469771,0.993357859996075,False,3,pattern,1000,274131568,0.2607311040005725,sub-01,subject,0.9612955638972773,,0.00039996000399960006,3.8141397937194337,10000,176935169134994266,0.9964642843503574,0.9920404663802618,0.9573566218095034,0.14703512710906466,0.11417272586514554,0.10093215275918045,False
PPA,correlation,weights_sorted_fMRI1_test_100_cosine_rdm.csv,L1,cosine,100,4950,0.9963822640859744,0.9918564733101706,0.9958315522664271,0.9970489119250566,0.990617473469771,0.993357859996075,False,3,pattern,1000,274131568,0.2607311040005725,sub-02,subject,0.9627278364603925,,0.0040995900409959,2.6310321533856107,10000,176935169134994267,0.9961330191618321,0.991297257337769,0.9604146803476857,0.1229788823611646,0.07356947218203307,0.06431224653671523,False
PPA,correlation,weights_sorted_fMRI1_test_100_cosine_rdm.csv,L1,cosine,100,4950,0.9963822640859744,0.9918564733101706,0.9958315522664271,0.9970489119250566,0.990617473469771,0.993357859996075,False,3,pattern,1000,274131568,0.2607311040005725,sub-03,subject,0.9613131877796901,,0.0052994700529947,2.639786530341081,10000,176935169134994268,0.9965494887457338,0.992231696212481,0.9588142073672324,0.1360719157429121,0.07562981354769197,0.06651875637770134,False
PPA,correlation,weights_sorted_fMRI1_test_100_cosine_rdm.csv,L2,corr,100,4950,0.7742387956498602,0.4785422803906432,0.7252685429108692,0.8225165791298172,0.36267743586346973,0.592196000759612,False,3,pattern,1000,274131568,,F1+F2+F3,group_mean,0.08508178548094736,0.107120;0.074881;0.073244,0.00039996000399960006,3.843276634392733,10000,176935169134994265,,,,,0.17779366414916037,0.10989088374153823,False
PPA,correlation,weights_sorted_fMRI1_test_100_cosine_rdm.csv,L2,corr,100,4950,0.7742387956498602,0.4785422803906432,0.7252685429108692,0.8225165791298172,0.36267743586346973,0.592196000759612,False,3,pattern,1000,274131568,,sub-01,subject,0.10712002554177588,,0.00039996000399960006,3.8141397937204906,10000,176935169134994266,0.8032782669292675,0.5305058864488921,,,0.22384652293279447,0.13835528023607277,False
PPA,correlation,weights_sorted_fMRI1_test_100_cosine_rdm.csv,L2,corr,100,4950,0.7742387956498602,0.4785422803906432,0.7252685429108692,0.8225165791298172,0.36267743586346973,0.592196000759612,False,3,pattern,1000,274131568,,sub-02,subject,0.0748813998091665,,0.0040995900409959,2.631032153384501,10000,176935169134994267,0.7357863881752718,0.41093535313419266,,,0.15647812717413262,0.0967161555709883,False
PPA,correlation,weights_sorted_fMRI1_test_100_cosine_rdm.csv,L2,corr,100,4950,0.7742387956498602,0.4785422803906432,0.7252685429108692,0.8225165791298172,0.36267743586346973,0.592196000759612,False,3,pattern,1000,274131568,,sub-03,subject,0.07324393109189968,,0.0052994700529947,2.6397865303410244,10000,176935169134994268,0.7836517318450412,0.4941856015888451,,,0.153056342340554,0.09460121541755359,False
PPA,correlation,weights_sorted_fMRI1_test_100_cosine_rdm.csv,L3,spearman,100,4950,0.7569496728140978,0.4424358917262256,0.7055172561040881,0.8077169106490428,0.32312218218704,0.5603961150588354,False,3,pattern,1000,274131568,,F1+F2+F3,group_mean,0.11744745636852072,0.142658;0.108504;0.101181,0.00029997000299970003,3.9499982329236025,10000,176935169134994265,,,,,0.26545643914711126,0.15515887064444916,False
PPA,correlation,weights_sorted_fMRI1_test_100_cosine_rdm.csv,L3,spearman,100,4950,0.7569496728140978,0.4424358917262256,0.7055172561040881,0.8077169106490428,0.32312218218704,0.5603961150588354,False,3,pattern,1000,274131568,,sub-01,subject,0.14265783099152954,,0.0005999400059994001,3.694434030160005,10000,176935169134994266,0.7792385084851721,0.4844830501665517,,,0.32243729240620606,0.18846408964175013,False
PPA,correlation,weights_sorted_fMRI1_test_100_cosine_rdm.csv,L3,spearman,100,4950,0.7569496728140978,0.4424358917262256,0.7055172561040881,0.8077169106490428,0.32312218218704,0.5603961150588354,False,3,pattern,1000,274131568,,sub-02,subject,0.1085039899585159,,0.0029997000299970002,2.7954396656819775,10000,176935169134994267,0.7229230105053907,0.38150457162404033,,,0.24524228704676826,0.14334373057475885,False
PPA,correlation,weights_sorted_fMRI1_test_100_cosine_rdm.csv,L3,spearman,100,4950,0.7569496728140978,0.4424358917262256,0.7055172561040881,0.8077169106490428,0.32312218218704,0.5603961150588354,False,3,pattern,1000,274131568,,sub-03,subject,0.1011805481555167,,0.0047995200479952005,2.678295201510644,10000,176935169134994268,0.7686874994517306,0.4613200533880847,,,0.22868973798835945,0.13366879171683854,False
PPA,correlation,weights_sorted_fMRI1_test_100_dot_product_rdm.csv,L1,cosine,100,4950,0.9963822640859744,0.9918564733101706,0.9958315522664271,0.9970489119250566,0.990617473469771,0.993357859996075,False,3,pattern,1000,274131568,0.5589913503125625,F1+F2+F3,group_mean,0.8608938056392285,0.857940;0.863024;0.861717,0.9985001499850015,-2.9299901189535893,10000,11240882193412125773,,,0.8649536287767007,,-0.031991584998722886,-0.030889943640659206,False
PPA,correlation,weights_sorted_fMRI1_test_100_dot_product_rdm.csv,L1,cosine,100,4950,0.9963822640859744,0.9918564733101706,0.9958315522664271,0.9970489119250566,0.990617473469771,0.993357859996075,False,3,pattern,1000,274131568,0.5589913503125625,sub-01,subject,0.8579404039812443,,0.9986001399860014,-3.0055711694901306,10000,11240882193412125774,0.9964642843503574,0.9920404663802618,0.8635958305349691,0.14703512710906466,-0.04409323414694684,-0.042590394232950975,False
PPA,correlation,weights_sorted_fMRI1_test_100_dot_product_rdm.csv,L1,cosine,100,4950,0.9963822640859744,0.9918564733101706,0.9958315522664271,0.9970489119250566,0.990617473469771,0.993357859996075,False,3,pattern,1000,274131568,0.5589913503125625,sub-02,subject,0.8630235999030388,,0.98000199980002,-2.082929776965608,10000,11240882193412125775,0.9961330191618321,0.991297257337769,0.8663543914964157,0.1229788823611646,-0.026539731813531173,-0.02561598161257901,False
PPA,correlation,weights_sorted_fMRI1_test_100_dot_product_rdm.csv,L1,cosine,100,4950,0.9963822640859744,0.9918564733101706,0.9958315522664271,0.9970489119250566,0.990617473469771,0.993357859996075,False,3,pattern,1000,274131568,0.5589913503125625,sub-03,subject,0.8617174130334024,,0.9611038896110389,-1.7985651866927335,10000,11240882193412125776,0.9965494887457338,0.992231696212481,0.864910664298717,0.1360719157429121,-0.025154444169373465,-0.02428852520606549,False
PPA,correlation,weights_sorted_fMRI1_test_100_dot_product_rdm.csv,L2,corr,100,4950,0.7742387956498602,0.4785422803906432,0.7252685429108692,0.8225165791298172,0.36267743586346973,0.592196000759612,False,3,pattern,1000,274131568,,F1+F2+F3,group_mean,-0.06173483603019939,-0.080009;-0.056308;-0.048888,0.9982001799820018,-2.9114297945840244,10000,11240882193412125773,,,,,-0.1290060221634002,-0.07973616974125151,False
PPA,correlation,weights_sorted_fMRI1_test_100_dot_product_rdm.csv,L2,corr,100,4950,0.7742387956498602,0.4785422803906432,0.7252685429108692,0.8225165791298172,0.36267743586346973,0.592196000759612,False,3,pattern,1000,274131568,,sub-01,subject,-0.0800088817173222,,0.9986001399860014,-3.005571169490896,10000,11240882193412125774,0.8032782669292675,0.5305058864488921,,,-0.16719292107692016,-0.10333876598132292,False
PPA,correlation,weights_sorted_fMRI1_test_100_dot_product_rdm.csv,L2,corr,100,4950,0.7742387956498602,0.4785422803906432,0.7252685429108692,0.8225165791298172,0.36267743586346973,0.592196000759612,False,3,pattern,1000,274131568,,sub-02,subject,-0.05630798590359308,,0.98000199980002,-2.0829297769662967,10000,11240882193412125775,0.7357863881752718,0.41093535313419266,,,-0.1176656446273207,-0.07272689798026817,False
PPA,correlation,weights_sorted_fMRI1_test_100_dot_product_rdm.csv,L2,corr,100,4950,0.7742387956498602,0.4785422803906432,0.7252685429108692,0.8225165791298172,0.36267743586346973,0.592196000759612,False,3,pattern,1000,274131568,,sub-03,subject,-0.04888764046968291,,0.9611038896110389,-1.7985651866927146,10000,11240882193412125776,0.7836517318450412,0.4941856015888451,,,-0.10215950078595978,-0.06314284526216345,False
PPA,correlation,weights_sorted_fMRI1_test_100_dot_product_rdm.csv,L3,spearman,100,4950,0.7569496728140978,0.4424358917262256,0.7055172561040881,0.8077169106490428,0.32312218218704,0.5603961150588354,False,3,pattern,1000,274131568,,F1+F2+F3,group_mean,-0.09951461970874849,-0.120695;-0.094198;-0.083650,0.9997000299970003,-3.436584438179934,10000,11240882193412125773,,,,,-0.22492438242403495,-0.13146794731911943,False
PPA,correlation,weights_sorted_fMRI1_test_100_dot_product_rdm.csv,L3,spearman,100,4950,0.7569496728140978,0.4424358917262256,0.7055172561040881,0.8077169106490428,0.32312218218704,0.5603961150588354,False,3,pattern,1000,274131568,,sub-01,subject,-0.12069521101797526,,0.9992000799920008,-3.2468828012868958,10000,11240882193412125774,0.7792385084851721,0.4844830501665517,,,-0.27279706116758745,-0.15944945265551,False
PPA,correlation,weights_sorted_fMRI1_test_100_dot_product_rdm.csv,L3,spearman,100,4950,0.7569496728140978,0.4424358917262256,0.7055172561040881,0.8077169106490428,0.32312218218704,0.5603961150588354,False,3,pattern,1000,274131568,,sub-02,subject,-0.09419836114255,,0.9928007199280072,-2.5118027983803835,10000,11240882193412125775,0.7229230105053907,0.38150457162404033,,,-0.21290849794084718,-0.12444468176114074,False
PPA,correlation,weights_sorted_fMRI1_test_100_dot_product_rdm.csv,L3,spearman,100,4950,0.7569496728140978,0.4424358917262256,0.7055172561040881,0.8077169106490428,0.32312218218704,0.5603961150588354,False,3,pattern,1000,274131568,,sub-03,subject,-0.08365028696572022,,0.9854014598540146,-2.23671972867352,10000,11240882193412125776,0.7686874994517306,0.4613200533880847,,,-0.18906758816367022,-0.11050970754070756,False
PPA,correlation,weights_sorted_fMRI1_test_100_euclidean_rdm.csv,L1,cosine,100,4950,0.9963822640859744,0.9918564733101706,0.9958315522664271,0.9970489119250566,0.990617473469771,0.993357859996075,False,3,pattern,1000,274131568,0.1584528529687979,F1+F2+F3,group_mean,0.9806061971469945,0.979706;0.981779;0.980334,0.0026997300269973002,2.865302840200081,10000,10147154977821119691,,,0.978707853198674,,0.14437590653795102,0.10740634923704684,False
PPA,correlation,weights_sorted_fMRI1_test_100_euclidean_rdm.csv,L1,cosine,100,4950,0.9963822640859744,0.9918564733101706,0.9958315522664271,0.9970489119250566,0.990617473469771,0.993357859996075,False,3,pattern,1000,274131568,0.1584528529687979,sub-01,subject,0.9797059147429181,,0.0035996400359964,2.78939085117761,10000,10147154977821119692,0.9964642843503574,0.9920404663802618,0.9771714843598944,0.14703512710906466,0.1725864685091262,0.1319275125300111,False
PPA,correlation,weights_sorted_fMRI1_test_100_euclidean_rdm.csv,L1,cosine,100,4950,0.9963822640859744,0.9918564733101706,0.9958315522664271,0.9970489119250566,0.990617473469771,0.993357859996075,False,3,pattern,1000,274131568,0.1584528529687979,sub-02,subject,0.9817786081326221,,0.026797320267973202,1.9467638973656325,10000,10147154977821119693,0.9961330191618321,0.991297257337769,0.9802928369812058,0.1229788823611646,0.1284864993284734,0.0923445652689452,False
PPA,correlation,weights_sorted_fMRI1_test_100_euclidean_rdm.csv,L1,cosine,100,4950,0.9963822640859744,0.9918564733101706,0.9958315522664271,0.9970489119250566,0.990617473469771,0.993357859996075,False,3,pattern,1000,274131568,0.1584528529687979,sub-03,subject,0.9803340685654433,,0.024197580241975804,1.988096888876128,10000,10147154977821119694,0.9965494887457338,0.992231696212481,0.978659238254922,0.1360719157429121,0.1269076669097594,0.09450024654293665,False
PPA,correlation,weights_sorted_fMRI1_test_100_euclidean_rdm.csv,L2,corr,100,4950,0.7742387956498602,0.4785422803906432,0.7252685429108692,0.8225165791298172,0.36267743586346973,0.592196000759612,False,3,pattern,1000,274131568,,F1+F2+F3,group_mean,0.08930900576024403,0.111148;0.077591;0.079188,0.0028997100289971,2.845159118708685,10000,10147154977821119691,,,,,0.18662719976872133,0.1153507241719684,False
PPA,correlation,weights_sorted_fMRI1_test_100_euclidean_rdm.csv,L2,corr,100,4950,0.7742387956498602,0.4785422803906432,0.7252685429108692,0.8225165791298172,0.36267743586346973,0.592196000759612,False,3,pattern,1000,274131568,,sub-01,subject,0.11114790607298418,,0.0035996400359964,2.7893908511790886,10000,10147154977821119692,0.8032782669292675,0.5305058864488921,,,0.2322635023644139,0.14355765520596495,False
PPA,correlation,weights_sorted_fMRI1_test_100_euclidean_rdm.csv,L2,corr,100,4950,0.7742387956498602,0.4785422803906432,0.7252685429108692,0.8225165791298172,0.36267743586346973,0.592196000759612,False,3,pattern,1000,274131568,,sub-02,subject,0.07759073865230846,,0.026797320267973202,1.9467638973677555,10000,10147154977821119693,0.7357863881752718,0.41093535313419266,,,0.16213977705161112,0.10021551372555852,False
PPA,correlation,weights_sorted_fMRI1_test_100_euclidean_rdm.csv,L2,corr,100,4950,0.7742387956498602,0.4785422803906432,0.7252685429108692,0.8225165791298172,0.36267743586346973,0.592196000759612,False,3,pattern,1000,274131568,,sub-03,subject,0.07918837255543945,,0.024197580241975804,1.9880968888767114,10000,10147154977821119694,0.7836517318450412,0.4941856015888451,,,0.165478319890139,0.10227900358438174,False
PPA,correlation,weights_sorted_fMRI1_test_100_euclidean_rdm.csv,L3,spearman,100,4950,0.7569496728140978,0.4424358917262256,0.7055172561040881,0.8077169106490428,0.32312218218704,0.5603961150588354,False,3,pattern,1000,274131568,,F1+F2+F3,group_mean,0.12926935036629564,0.155406;0.120773;0.111629,0.0008999100089991,3.283635597245644,10000,10147154977821119691,,,,,0.29217645490272764,0.1707766777753049,False
PPA,correlation,weights_sorted_fMRI1_test_100_euclidean_rdm.csv,L3,spearman,100,4950,0.7569496728140978,0.4424358917262256,0.7055172561040881,0.8077169106490428,0.32312218218704,0.5603961150588354,False,3,pattern,1000,274131568,,sub-01,subject,0.155406322704744,,0.0012998700129987,3.0812057683050877,10000,10147154977821119692,0.7792385084851721,0.4844830501665517,,,0.351251617716647,0.20530601740931176,False
PPA,correlation,weights_sorted_fMRI1_test_100_euclidean_rdm.csv,L3,spearman,100,4950,0.7569496728140978,0.4424358917262256,0.7055172561040881,0.8077169106490428,0.32312218218704,0.5603961150588354,False,3,pattern,1000,274131568,,sub-02,subject,0.1207727244474125,,0.0086991300869913,2.4047322023996083,10000,10147154977821119693,0.7229230105053907,0.38150457162404033,,,0.2729722581416277,0.1595518550109388,False
PPA,correlation,weights_sorted_fMRI1_test_100_euclidean_rdm.csv,L3,spearman,100,4950,0.7569496728140978,0.4424358917262256,0.7055172561040881,0.8077169106490428,0.32312218218704,0.5603961150588354,False,3,pattern,1000,274131568,,sub-03,subject,0.1116290039467304,,0.012598740125987402,2.217945365476844,10000,10147154977821119694,0.7686874994517306,0.4613200533880847,,,0.2523054888499082,0.1474721609056641,False
PPA,euclidean_centered,weights_sorted_fMRI1_test_100_choice_probability_rdm.csv,L1,cosine,100,4950,0.9993052780093429,0.9984367405318578,0.9992000082945642,0.9994279264852046,0.9981998401047691,0.9987127537150101,False,3,pattern,1000,274131568,0.6215286405986206,F1+F2+F3,group_mean,0.8456919440255103,0.844750;0.846407;0.845919,1.0,-8.154952219243503,10000,11648163128181741068,,,0.848145014515063,,-0.016322059467721802,-0.016228276088216167,False
PPA,euclidean_centered,weights_sorted_fMRI1_test_100_choice_probability_rdm.csv,L1,cosine,100,4950,0.9993052780093429,0.9984367405318578,0.9992000082945642,0.9994279264852046,0.9981998401047691,0.9987127537150101,False,3,pattern,1000,274131568,0.6215286405986206,sub-01,subject,0.8447500526663059,,1.0,-6.65084112726777,10000,11648163128181741069,0.9992819465706853,0.9983842724588364,0.8478703453839772,0.058516413250985964,-0.02072369943244442,-0.020604841059959505,False
PPA,euclidean_centered,weights_sorted_fMRI1_test_100_choice_probability_rdm.csv,L1,cosine,100,4950,0.9993052780093429,0.9984367405318578,0.9992000082945642,0.9994279264852046,0.9981998401047691,0.9987127537150101,False,3,pattern,1000,274131568,0.6215286405986206,sub-02,subject,0.8464068685054766,,1.0,-5.757412129252383,10000,11648163128181741070,0.9993304907329854,0.9984934400587916,0.8484684189558611,0.04483380130175216,-0.013746572800975044,-0.013667418317518248,False
PPA,euclidean_centered,weights_sorted_fMRI1_test_100_choice_probability_rdm.csv,L1,cosine,100,4950,0.9993052780093429,0.9984367405318578,0.9992000082945642,0.9994279264852046,0.9981998401047691,0.9987127537150101,False,3,pattern,1000,274131568,0.6215286405986206,sub-03,subject,0.8459189109047482,,1.0,-5.062038109227702,10000,11648163128181741071,0.9993033967243581,0.9984325090779452,0.8480962792053506,0.05375514052434651,-0.014482916184975358,-0.01439972698598971,False
PPA,euclidean_centered,weights_sorted_fMRI1_test_100_choice_probability_rdm.csv,L2,corr,100,4950,0.7047444929012591,0.31154031330201143,0.647499203252953,0.7487276467183251,0.17197485303627794,0.41734290579053496,False,3,pattern,1000,274131568,,F1+F2+F3,group_mean,-0.08930810698739115,-0.101989;-0.088228;-0.077708,1.0,-8.172892968343376,10000,11648163128181741068,,,,,-0.28666629381223824,-0.12672409346503968,False
PPA,euclidean_centered,weights_sorted_fMRI1_test_100_choice_probability_rdm.csv,L2,corr,100,4950,0.7047444929012591,0.31154031330201143,0.647499203252953,0.7487276467183251,0.17197485303627794,0.41734290579053496,False,3,pattern,1000,274131568,,sub-01,subject,-0.10198866334238023,,1.0,-6.650841127263903,10000,11648163128181741069,0.7360559683263694,0.3622361960089079,,,-0.3273690722764056,-0.14471721931805112,False
PPA,euclidean_centered,weights_sorted_fMRI1_test_100_choice_probability_rdm.csv,L2,corr,100,4950,0.7047444929012591,0.31154031330201143,0.647499203252953,0.7487276467183251,0.17197485303627794,0.41734290579053496,False,3,pattern,1000,274131568,,sub-02,subject,-0.08822773520265184,,1.0,-5.757412129253997,10000,11648163128181741070,0.6716753125553042,0.25904001087617534,,,-0.28319845437506086,-0.12519109562593395,False
PPA,euclidean_centered,weights_sorted_fMRI1_test_100_choice_probability_rdm.csv,L2,corr,100,4950,0.7047444929012591,0.31154031330201143,0.647499203252953,0.7487276467183251,0.17197485303627794,0.41734290579053496,False,3,pattern,1000,274131568,,sub-03,subject,-0.07770792241714139,,1.0,-5.062038109226761,10000,11648163128181741071,0.7065021978221036,0.313344733020951,,,-0.2494313547852482,-0.11026396545113401,False
PPA,euclidean_centered,weights_sorted_fMRI1_test_100_choice_probability_rdm.csv,L3,spearman,100,4950,0.6674242628865029,0.233331838571732,0.6183907230585368,0.71006745140327,0.11985134844151626,0.33418494449808916,False,3,pattern,1000,274131568,,F1+F2+F3,group_mean,-0.06623197982352493,-0.074119;-0.070729;-0.053848,0.9999000099990001,-4.350625844949463,10000,11648163128181741068,,,,,-0.28385316049855563,-0.09923519941735746,False
PPA,euclidean_centered,weights_sorted_fMRI1_test_100_choice_probability_rdm.csv,L3,spearman,100,4950,0.6674242628865029,0.233331838571732,0.6183907230585368,0.71006745140327,0.11985134844151626,0.33418494449808916,False,3,pattern,1000,274131568,,sub-01,subject,-0.07411908717530974,,0.9981001899810019,-3.4593026318916302,10000,11648163128181741069,0.6858636390032979,0.2636012264134315,,,-0.3176552656894429,-0.1110524314096053,False
PPA,euclidean_centered,weights_sorted_fMRI1_test_100_choice_probability_rdm.csv,L3,spearman,100,4950,0.6674242628865029,0.233331838571732,0.6183907230585368,0.71006745140327,0.11985134844151626,0.33418494449808916,False,3,pattern,1000,274131568,,sub-02,subject,-0.07072934362797655,,0.9985001499850015,-3.192697573112629,10000,11648163128181741070,0.6522085075875652,0.21073427770864964,,,-0.3031277002783852,-0.10597358765784672,False
PPA,euclidean_centered,weights_sorted_fMRI1_test_100_choice_probability_rdm.csv,L3,spearman,100,4950,0.6674242628865029,0.233331838571732,0.6183907230585368,0.71006745140327,0.11985134844151626,0.33418494449808916,False,3,pattern,1000,274131568,,sub-03,subject,-0.053847508667288484,,0.9887011298870113,-2.3964159873402235,10000,11648163128181741071,0.6642006420686458,0.22566001159311488,,,-0.2307765155278388,-0.08067957918462035,False
PPA,euclidean_centered,weights_sorted_fMRI1_test_100_cosine_rdm.csv,L1,cosine,100,4950,0.9993052780093429,0.9984367405318578,0.9992000082945642,0.9994279264852046,0.9981998401047691,0.9987127537150101,False,3,pattern,1000,274131568,0.2607311040005725,F1+F2+F3,group_mean,0.9672621123036285,0.967400;0.967413;0.966973,0.00019998000199980003,4.1042600114361765,10000,3170025994207525380,,,0.9663104688982497,,0.029621968469669805,0.02884221582172559,False
PPA,euclidean_centered,weights_sorted_fMRI1_test_100_cosine_rdm.csv,L1,cosine,100,4950,0.9993052780093429,0.9984367405318578,0.9992000082945642,0.9994279264852046,0.9981998401047691,0.9987127537150101,False,3,pattern,1000,274131568,0.2607311040005725,sub-01,subject,0.9674003834613614,,0.00019998000199980003,4.010345845358552,10000,3170025994207525381,0.9992819465706853,0.9983842724588364,0.9659975322514391,0.058516413250985964,0.0432455440279359,0.04211786712072342,False
PPA,euclidean_centered,weights_sorted_fMRI1_test_100_cosine_rdm.csv,L1,cosine,100,4950,0.9993052780093429,0.9984367405318578,0.9992000082945642,0.9994279264852046,0.9981998401047691,0.9987127537150101,False,3,pattern,1000,274131568,0.2607311040005725,sub-02,subject,0.9674131865644654,,0.0053994600539946005,2.6268393465491644,10000,3170025994207525382,0.9993304907329854,0.9984934400587916,0.9666789307667784,0.04483380130175216,0.023120479753437655,0.02250499549422836,False
PPA,euclidean_centered,weights_sorted_fMRI1_test_100_cosine_rdm.csv,L1,cosine,100,4950,0.9993052780093429,0.9984367405318578,0.9992000082945642,0.9994279264852046,0.9981998401047691,0.9987127537150101,False,3,pattern,1000,274131568,0.2607311040005725,sub-03,subject,0.9669727668850585,,0.016698330166983303,2.1633485688716227,10000,3170025994207525383,0.9993033967243581,0.9984325090779452,0.9662549436765315,0.05375514052434651,0.022305255724345156,0.021719090684488088,False
PPA,euclidean_centered,weights_sorted_fMRI1_test_100_cosine_rdm.csv,L2,corr,100,4950,0.7047444929012591,0.31154031330201143,0.647499203252953,0.7487276467183251,0.17197485303627794,0.41734290579053496,False,3,pattern,1000,274131568,,F1+F2+F3,group_mean,0.07057242042953558,0.094759;0.064423;0.052535,0.00019998000199980003,4.058339404436587,10000,3170025994207525380,,,,,0.22652741047070116,0.10013901653776158,False
PPA,euclidean_centered,weights_sorted_fMRI1_test_100_cosine_rdm.csv,L2,corr,100,4950,0.7047444929012591,0.31154031330201143,0.647499203252953,0.7487276467183251,0.17197485303627794,0.41734290579053496,False,3,pattern,1000,274131568,,sub-01,subject,0.09475872448141097,,0.00019998000199980003,4.010345845357923,10000,3170025994207525381,0.7360559683263694,0.3622361960089079,,,0.30416199905901287,0.1344582688277743,False
PPA,euclidean_centered,weights_sorted_fMRI1_test_100_cosine_rdm.csv,L2,corr,100,4950,0.7047444929012591,0.31154031330201143,0.647499203252953,0.7487276467183251,0.17197485303627794,0.41734290579053496,False,3,pattern,1000,274131568,,sub-02,subject,0.06442327265543094,,0.0053994600539946005,2.6268393465491324,10000,3170025994207525382,0.6716753125553042,0.25904001087617534,,,0.20678952259054237,0.09141365885700821,False
PPA,euclidean_centered,weights_sorted_fMRI1_test_100_cosine_rdm.csv,L2,corr,100,4950,0.7047444929012591,0.31154031330201143,0.647499203252953,0.7487276467183251,0.17197485303627794,0.41734290579053496,False,3,pattern,1000,274131568,,sub-03,subject,0.05253526415176484,,0.016698330166983303,2.1633485688720158,10000,3170025994207525383,0.7065021978221036,0.313344733020951,,,0.16863070976254826,0.07454512192850224,False
PPA,euclidean_centered,weights_sorted_fMRI1_test_100_cosine_rdm.csv,L3,spearman,100,4950,0.6674242628865029,0.233331838571732,0.6183907230585368,0.71006745140327,0.11985134844151626,0.33418494449808916,False,3,pattern,1000,274131568,,F1+F2+F3,group_mean,0.04667729551449698,0.064891;0.045027;0.030114,0.014798520147985201,2.189643609859539,10000,3170025994207525380,,,,,0.20004683372923932,0.06993646786621925,False
PPA,euclidean_centered,weights_sorted_fMRI1_test_100_cosine_rdm.csv,L3,spearman,100,4950,0.6674242628865029,0.233331838571732,0.6183907230585368,0.71006745140327,0.11985134844151626,0.33418494449808916,False,3,pattern,1000,274131568,,sub-01,subject,0.06489079377972712,,0.0168983101689831,2.1884230264766957,10000,3170025994207525381,0.6858636390032979,0.2636012264134315,,,0.2781051834886137,0.09722570393093719,False
PPA,euclidean_centered,weights_sorted_fMRI1_test_100_cosine_rdm.csv,L3,spearman,100,4950,0.6674242628865029,0.233331838571732,0.6183907230585368,0.71006745140327,0.11985134844151626,0.33418494449808916,False,3,pattern,1000,274131568,,sub-02,subject,0.04502696212926913,,0.07729227077292271,1.4355036740142686,10000,3170025994207525382,0.6522085075875652,0.21073427770864964,,,0.19297393105410568,0.06746377773941681,False
PPA,euclidean_centered,weights_sorted_fMRI1_test_100_cosine_rdm.csv,L3,spearman,100,4950,0.6674242628865029,0.233331838571732,0.6183907230585368,0.71006745140327,0.11985134844151626,0.33418494449808916,False,3,pattern,1000,274131568,,sub-03,subject,0.030114130634494703,,0.17328267173282672,0.9340149581413373,10000,3170025994207525383,0.6642006420686458,0.22566001159311488,,,0.1290613866449986,0.04511992192830377,False
PPA,euclidean_centered,weights_sorted_fMRI1_test_100_dot_product_rdm.csv,L1,cosine,100,4950,0.9993052780093429,0.9984367405318578,0.9992000082945642,0.9994279264852046,0.9981998401047691,0.9987127537150101,False,3,pattern,1000,274131568,0.5589913503125625,F1+F2+F3,group_mean,0.8694698254345429,0.868496;0.870136;0.869778,1.0,-5.205891386124842,10000,10880535819652313516,,,0.8716727632441968,,-0.017378263579210067,-0.017260004738663588,False
PPA,euclidean_centered,weights_sorted_fMRI1_test_100_dot_product_rdm.csv,L1,cosine,100,4950,0.9993052780093429,0.9984367405318578,0.9992000082945642,0.9994279264852046,0.9981998401047691,0.9987127537150101,False,3,pattern,1000,274131568,0.5589913503125625,sub-01,subject,0.86849646538133,,1.0,-4.528988254466152,10000,10880535819652313517,0.9992819465706853,0.9983842724588364,0.8713904747246937,0.058516413250985964,-0.02277917674303268,-0.02262450685182741,False
PPA,euclidean_centered,weights_sorted_fMRI1_test_100_dot_product_rdm.csv,L1,cosine,100,4950,0.9993052780093429,0.9984367405318578,0.9992000082945642,0.9994279264852046,0.9981998401047691,0.9987127537150101,False,3,pattern,1000,274131568,0.5589913503125625,sub-02,subject,0.8701355016416276,,1.0,-3.6316707013756035,10000,10880535819652313518,0.9993304907329854,0.9984934400587916,0.8720051390027422,0.04483380130175216,-0.014787737705625121,-0.014686844615446419,False
PPA,euclidean_centered,weights_sorted_fMRI1_test_100_dot_product_rdm.csv,L1,cosine,100,4950,0.9993052780093429,0.9984367405318578,0.9992000082945642,0.9994279264852046,0.9981998401047691,0.9987127537150101,False,3,pattern,1000,274131568,0.5589913503125625,sub-03,subject,0.8697775092806712,,0.9985001499850015,-3.0324479233831423,10000,10880535819652313519,0.9993033967243581,0.9984325090779452,0.8716226760051545,0.05375514052434651,-0.014550174157494796,-0.01445119926693528,False
PPA,euclidean_centered,weights_sorted_fMRI1_test_100_dot_product_rdm.csv,L2,corr,100,4950,0.7047444929012591,0.31154031330201143,0.647499203252953,0.7487276467183251,0.17197485303627794,0.41734290579053496,False,3,pattern,1000,274131568,,F1+F2+F3,group_mean,-0.08670123041072082,-0.102296;-0.086535;-0.071273,1.0,-5.199942879795865,10000,10880535819652313516,,,,,-0.27829859157479714,-0.12302505558261728,False
PPA,euclidean_centered,weights_sorted_fMRI1_test_100_dot_product_rdm.csv,L2,corr,100,4950,0.7047444929012591,0.31154031330201143,0.647499203252953,0.7487276467183251,0.17197485303627794,0.41734290579053496,False,3,pattern,1000,274131568,,sub-01,subject,-0.1022962561301904,,1.0,-4.528988254468469,10000,10880535819652313517,0.7360559683263694,0.3622361960089079,,,-0.3283564012822412,-0.14515367932718704,False
PPA,euclidean_centered,weights_sorted_fMRI1_test_100_dot_product_rdm.csv,L2,corr,100,4950,0.7047444929012591,0.31154031330201143,0.647499203252953,0.7487276467183251,0.17197485303627794,0.41734290579053496,False,3,pattern,1000,274131568,,sub-02,subject,-0.08653457957403539,,1.0,-3.631670701377694,10000,10880535819652313518,0.6716753125553042,0.25904001087617534,,,-0.27776366614277487,-0.12278858571536173,False
PPA,euclidean_centered,weights_sorted_fMRI1_test_100_dot_product_rdm.csv,L2,corr,100,4950,0.7047444929012591,0.31154031330201143,0.647499203252953,0.7487276467183251,0.17197485303627794,0.41734290579053496,False,3,pattern,1000,274131568,,sub-03,subject,-0.0712728555279367,,0.9985001499850015,-3.0324479233841233,10000,10880535819652313519,0.7065021978221036,0.313344733020951,,,-0.2287757072993755,-0.10113290170530309,False
PPA,euclidean_centered,weights_sorted_fMRI1_test_100_dot_product_rdm.csv,L3,spearman,100,4950,0.6674242628865029,0.233331838571732,0.6183907230585368,0.71006745140327,0.11985134844151626,0.33418494449808916,False,3,pattern,1000,274131568,,F1+F2+F3,group_mean,-0.0610660760716198,-0.074385;-0.065841;-0.042973,0.9981001899810019,-2.916535733346234,10000,10880535819652313516,,,,,-0.26171343116060247,-0.09149513954964539,False
PPA,euclidean_centered,weights_sorted_fMRI1_test_100_dot_product_rdm.csv,L3,spearman,100,4950,0.6674242628865029,0.233331838571732,0.6183907230585368,0.71006745140327,0.11985134844151626,0.33418494449808916,False,3,pattern,1000,274131568,,sub-01,subject,-0.07438453760091239,,0.9933006699330067,-2.5856319550140956,10000,10880535819652313517,0.6858636390032979,0.2636012264134315,,,-0.31879291765853346,-0.11145015507708873,False
PPA,euclidean_centered,weights_sorted_fMRI1_test_100_dot_product_rdm.csv,L3,spearman,100,4950,0.6674242628865029,0.233331838571732,0.6183907230585368,0.71006745140327,0.11985134844151626,0.33418494449808916,False,3,pattern,1000,274131568,,sub-02,subject,-0.06584100671576892,,0.9831016898310169,-2.121800620121543,10000,10880535819652313518,0.6522085075875652,0.21073427770864964,,,-0.28217755073115647,-0.09864940544866788,False
PPA,euclidean_centered,weights_sorted_fMRI1_test_100_dot_product_rdm.csv,L3,spearman,100,4950,0.6674242628865029,0.233331838571732,0.6183907230585368,0.71006745140327,0.11985134844151626,0.33418494449808916,False,3,pattern,1000,274131568,,sub-03,subject,-0.04297268389817807,,0.9163083691630837,-1.3923108982787433,10000,10880535819652313519,0.6642006420686458,0.22566001159311488,,,-0.18416982509211746,-0.06438585812317955,False
PPA,euclidean_centered,weights_sorted_fMRI1_test_100_euclidean_rdm.csv,L1,cosine,100,4950,0.9993052780093429,0.9984367405318578,0.9992000082945642,0.9994279264852046,0.9981998401047691,0.9987127537150101,False,3,pattern,1000,274131568,0.1584528529687979,F1+F2+F3,group_mean,0.9867336406381021,0.986783;0.986898;0.986521,0.014998500149985002,2.1952096575116067,10000,2171651615044906185,,,0.9863106534543791,,0.03488241351232072,0.03255093534514208,False
PPA,euclidean_centered,weights_sorted_fMRI1_test_100_euclidean_rdm.csv,L1,cosine,100,4950,0.9993052780093429,0.9984367405318578,0.9992000082945642,0.9994279264852046,0.9981998401047691,0.9987127537150101,False,3,pattern,1000,274131568,0.1584528529687979,sub-01,subject,0.9867826274175748,,0.004999500049995001,2.675098579585096,10000,2171651615044906186,0.9992819465706853,0.9983842724588364,0.9859912398098623,0.058516413250985964,0.06358824971291989,0.05944008841310451,False
PPA,euclidean_centered,weights_sorted_fMRI1_test_100_euclidean_rdm.csv,L1,cosine,100,4950,0.9993052780093429,0.9984367405318578,0.9992000082945642,0.9994279264852046,0.9981998401047691,0.9987127537150101,False,3,pattern,1000,274131568,0.1584528529687979,sub-02,subject,0.9868976145180164,,0.18498150184981502,0.8877523826506394,10000,2171651615044906187,0.9993304907329854,0.9984934400587916,0.986686741552375,0.04483380130175216,0.017946636932444658,0.01671136477360104,False
PPA,euclidean_centered,weights_sorted_fMRI1_test_100_euclidean_rdm.csv,L1,cosine,100,4950,0.9993052780093429,0.9984367405318578,0.9992000082945642,0.9994279264852046,0.9981998401047691,0.9987127537150101,False,3,pattern,1000,274131568,0.1584528529687979,sub-03,subject,0.9865206799787147,,0.17788221177882213,0.9365041527357859,10000,2171651615044906188,0.9993033967243581,0.9984325090779452,0.9862539790008998,0.05375514052434651,0.02189166857917815,0.020434822437395785,False
PPA,euclidean_centered,weights_sorted_fMRI1_test_100_euclidean_rdm.csv,L2,corr,100,4950,0.7047444929012591,0.31154031330201143,0.647499203252953,0.7487276467183251,0.17197485303627794,0.41734290579053496,False,3,pattern,1000,274131568,,F1+F2+F3,group_mean,0.049140061830369085,0.086277;0.029713;0.031430,0.018998100189981004,2.107911865936249,10000,2171651615044906185,,,,,0.15773259424931,0.06972748609651647,False
PPA,euclidean_centered,weights_sorted_fMRI1_test_100_euclidean_rdm.csv,L2,corr,100,4950,0.7047444929012591,0.31154031330201143,0.647499203252953,0.7487276467183251,0.17197485303627794,0.41734290579053496,False,3,pattern,1000,274131568,,sub-01,subject,0.08627741176422875,,0.004999500049995001,2.6750985795839477,10000,2171651615044906186,0.7360559683263694,0.3622361960089079,,,0.2769381941289577,0.12242367642923459,False
PPA,euclidean_centered,weights_sorted_fMRI1_test_100_euclidean_rdm.csv,L2,corr,100,4950,0.7047444929012591,0.31154031330201143,0.647499203252953,0.7487276467183251,0.17197485303627794,0.41734290579053496,False,3,pattern,1000,274131568,,sub-02,subject,0.029713177724846714,,0.18498150184981502,0.8877523826517743,10000,2171651615044906187,0.6716753125553042,0.25904001087617534,,,0.09537506530027257,0.04216163166103633,False
PPA,euclidean_centered,weights_sorted_fMRI1_test_100_euclidean_rdm.csv,L2,corr,100,4950,0.7047444929012591,0.31154031330201143,0.647499203252953,0.7487276467183251,0.17197485303627794,0.41734290579053496,False,3,pattern,1000,274131568,,sub-03,subject,0.03142959600203179,,0.17788221177882213,0.9365041527253436,10000,2171651615044906188,0.7065021978221036,0.313344733020951,,,0.10088452331869972,0.04459715019927847,False
PPA,euclidean_centered,weights_sorted_fMRI1_test_100_euclidean_rdm.csv,L3,spearman,100,4950,0.6674242628865029,0.233331838571732,0.6183907230585368,0.71006745140327,0.11985134844151626,0.33418494449808916,False,3,pattern,1000,274131568,,F1+F2+F3,group_mean,0.018773610451453596,0.046979;-0.000435;0.009776,0.24677532246775322,0.6842145873706388,10000,2171651615044906185,,,,,0.08045884593534423,0.028128450665339526,False
PPA,euclidean_centered,weights_sorted_fMRI1_test_100_euclidean_rdm.csv,L3,spearman,100,4950,0.6674242628865029,0.233331838571732,0.6183907230585368,0.71006745140327,0.11985134844151626,0.33418494449808916,False,3,pattern,1000,274131568,,sub-01,subject,0.046979168001178045,,0.11198880111988802,1.218339977264141,10000,2171651615044906186,0.6858636390032979,0.2636012264134315,,,0.20134058124577578,0.07038876261105743,False
PPA,euclidean_centered,weights_sorted_fMRI1_test_100_euclidean_rdm.csv,L3,spearman,100,4950,0.6674242628865029,0.233331838571732,0.6183907230585368,0.71006745140327,0.11985134844151626,0.33418494449808916,False,3,pattern,1000,274131568,,sub-02,subject,-0.0004346185260531998,,0.5061493850614939,-0.01761775064763817,10000,2171651615044906187,0.6522085075875652,0.21073427770864964,,,-0.001862662758385574,-0.0006511877829756209,False
PPA,euclidean_centered,weights_sorted_fMRI1_test_100_euclidean_rdm.csv,L3,spearman,100,4950,0.6674242628865029,0.233331838571732,0.6183907230585368,0.71006745140327,0.11985134844151626,0.33418494449808916,False,3,pattern,1000,274131568,,sub-03,subject,0.00977628187923595,,0.40455954404559547,0.22674663086979077,10000,2171651615044906188,0.6642006420686458,0.22566001159311488,,,0.04189861931864252,0.014647777167936775,False
PPA,crossnobis,weights_sorted_fMRI1_test_100_choice_probability_rdm.csv,L1,cosine,100,4950,0.9912730793770249,0.9803479190309828,0.9904011874017808,0.9923254314974382,0.9783831758509821,0.9827187713649134,False,3,pattern,1000,274131568,0.6215286405986206,F1+F2+F3,group_mean,0.8324739359986341,0.836084;0.833676;0.827661,1.0,-6.524030300728208,10000,2498037292188144672,,,0.8376876357090796,,-0.03654625933050431,-0.03394657453161781,False
PPA,crossnobis,weights_sorted_fMRI1_test_100_choice_probability_rdm.csv,L1,cosine,100,4950,0.9912730793770249,0.9803479190309828,0.9904011874017808,0.9923254314974382,0.9783831758509821,0.9827187713649134,False,3,pattern,1000,274131568,0.6215286405986206,sub-01,subject,0.8360844001361272,,1.0,-4.7559500695601375,10000,2498037292188144673,0.9924583592551541,0.9829950131555971,0.8413067989665151,0.13835421767950284,-0.03756010328431237,-0.034823820502131314,False
PPA,crossnobis,weights_sorted_fMRI1_test_100_choice_probability_rdm.csv,L1,cosine,100,4950,0.9912730793770249,0.9803479190309828,0.9904011874017808,0.9923254314974382,0.9783831758509821,0.9827187713649134,False,3,pattern,1000,274131568,0.6215286405986206,sub-02,subject,0.8336763203154307,,1.0,-6.104179417156695,10000,2498037292188144674,0.9923360398542235,0.9827210690984028,0.8406665697772583,0.1438568145425989,-0.05004425787103562,-0.04641399286394731,False
PPA,crossnobis,weights_sorted_fMRI1_test_100_choice_probability_rdm.csv,L1,cosine,100,4950,0.9912730793770249,0.9803479190309828,0.9904011874017808,0.9923254314974382,0.9783831758509821,0.9827187713649134,False,3,pattern,1000,274131568,0.6215286405986206,sub-03,subject,0.8276610875443445,,0.9798020197980202,-2.0741063645914393,10000,2498037292188144675,0.9890248390216972,0.9753276748389484,0.8310895383834652,0.2106043757417382,-0.022969905101792414,-0.021403265390784017,False
PPA,crossnobis,weights_sorted_fMRI1_test_100_choice_probability_rdm.csv,L2,corr,100,4950,0.6003655413387765,0.05656885058994534,0.565060057593925,0.6324631462910201,-0.02845029589222221,0.13580131153371613,False,3,pattern,1000,274131568,,F1+F2+F3,group_mean,-0.065890153498016,-0.072549;-0.093353;-0.031769,1.0,-7.164023513482519,10000,2498037292188144672,,,,,-1.1647780149474602,-0.10975005885761731,False
PPA,crossnobis,weights_sorted_fMRI1_test_100_choice_probability_rdm.csv,L2,corr,100,4950,0.6003655413387765,0.05656885058994534,0.565060057593925,0.6324631462910201,-0.02845029589222221,0.13580131153371613,False,3,pattern,1000,274131568,,sub-01,subject,-0.07254939213070671,,1.0,-4.755950069558351,10000,2498037292188144673,0.5881390002086143,0.04067271672215263,,,-1.2824971936693688,-0.1208420322874065,False
PPA,crossnobis,weights_sorted_fMRI1_test_100_choice_probability_rdm.csv,L2,corr,100,4950,0.6003655413387765,0.05656885058994534,0.565060057593925,0.6324631462910201,-0.02845029589222221,0.13580131153371613,False,3,pattern,1000,274131568,,sub-02,subject,-0.09335255622597616,,1.0,-6.1041794171560095,10000,2498037292188144674,0.5941308514097913,0.04832126259536864,,,-1.6502466508055376,-0.15549286192842776,False
PPA,crossnobis,weights_sorted_fMRI1_test_100_choice_probability_rdm.csv,L2,corr,100,4950,0.6003655413387765,0.05656885058994534,0.565060057593925,0.6324631462910201,-0.02845029589222221,0.13580131153371613,False,3,pattern,1000,274131568,,sub-03,subject,-0.03176851213736512,,0.9798020197980202,-2.074106364590355,10000,2498037292188144675,0.618826772397924,0.08071257245231477,,,-0.5615902003674743,-0.05291528235701766,False
PPA,crossnobis,weights_sorted_fMRI1_test_100_choice_probability_rdm.csv,L3,spearman,100,4950,0.58945903548641,0.048604531691127266,0.5541827474924664,0.6209728298446769,-0.03404889183435664,0.12555152102414127,False,3,pattern,1000,274131568,,F1+F2+F3,group_mean,-0.060914115945908426,-0.065218;-0.089627;-0.027897,1.0,-4.658199546903317,10000,2498037292188144672,,,,,-1.2532600114945305,-0.10333901472159689,False
PPA,crossnobis,weights_sorted_fMRI1_test_100_choice_probability_rdm.csv,L3,spearman,100,4950,0.58945903548641,0.048604531691127266,0.5541827474924664,0.6209728298446769,-0.03404889183435664,0.12555152102414127,False,3,pattern,1000,274131568,,sub-01,subject,-0.06521805637915225,,0.9986001399860014,-2.9847209010049975,10000,2498037292188144673,0.5739984445803652,0.033937985584273626,,,-1.341810199789617,-0.1106405236885301,False
PPA,crossnobis,weights_sorted_fMRI1_test_100_choice_probability_rdm.csv,L3,spearman,100,4950,0.58945903548641,0.048604531691127266,0.5541827474924664,0.6209728298446769,-0.03404889183435664,0.12555152102414127,False,3,pattern,1000,274131568,,sub-02,subject,-0.08962745174141898,,1.0,-3.997923296117553,10000,2498037292188144674,0.5835491740073817,0.041484033020474445,,,-1.844014305311791,-0.15205034844781057,False
PPA,crossnobis,weights_sorted_fMRI1_test_100_choice_probability_rdm.csv,L3,spearman,100,4950,0.58945903548641,0.048604531691127266,0.5541827474924664,0.6209728298446769,-0.03404889183435664,0.12555152102414127,False,3,pattern,1000,274131568,,sub-03,subject,-0.027896839717154048,,0.8888111188881112,-1.2426304588660162,10000,2498037292188144675,0.610829487871483,0.07039157646863373,,,-0.5739555293821832,-0.04732617202844999,False
PPA,crossnobis,weights_sorted_fMRI1_test_100_cosine_rdm.csv,L1,cosine,100,4950,0.9912730793770249,0.9803479190309828,0.9904011874017808,0.9923254314974382,0.9783831758509821,0.9827187713649134,False,3,pattern,1000,274131568,0.2607311040005725,F1+F2+F3,group_mean,0.9568072791287925,0.961445;0.960847;0.948130,0.00019998000199980003,3.960251568822484,10000,3231613748183133420,,,0.9543961447620237,,0.0929082667635838,0.06538326441558233,False
PPA,crossnobis,weights_sorted_fMRI1_test_100_cosine_rdm.csv,L1,cosine,100,4950,0.9912730793770249,0.9803479190309828,0.9904011874017808,0.9923254314974382,0.9783831758509821,0.9827187713649134,False,3,pattern,1000,274131568,0.2607311040005725,sub-01,subject,0.9614451873989043,,0.00019998000199980003,3.5972515470969513,10000,3231613748183133421,0.9924583592551541,0.9829950131555971,0.958519537913502,0.13835421767950284,0.13402961354103124,0.08932314964049155,False
PPA,crossnobis,weights_sorted_fMRI1_test_100_cosine_rdm.csv,L1,cosine,100,4950,0.9912730793770249,0.9803479190309828,0.9904011874017808,0.9923254314974382,0.9783831758509821,0.9827187713649134,False,3,pattern,1000,274131568,0.2607311040005725,sub-02,subject,0.9608466202743214,,0.00039996000399960006,3.432159927328091,10000,3231613748183133422,0.9923360398542235,0.9827210690984028,0.9577901105661907,0.1438568145425989,0.13549674884868843,0.09128550474119704,False
PPA,crossnobis,weights_sorted_fMRI1_test_100_cosine_rdm.csv,L1,cosine,100,4950,0.9912730793770249,0.9803479190309828,0.9904011874017808,0.9923254314974382,0.9783831758509821,0.9827187713649134,False,3,pattern,1000,274131568,0.2607311040005725,sub-03,subject,0.9481300297131519,,0.16428357164283572,0.9835106987296116,10000,3231613748183133423,0.9890248390216972,0.9753276748389484,0.9468787858063786,0.2106043757417382,0.037385010791178674,0.02818479147059913,False
PPA,crossnobis,weights_sorted_fMRI1_test_100_cosine_rdm.csv,L2,corr,100,4950,0.6003655413387765,0.05656885058994534,0.565060057593925,0.6324631462910201,-0.02845029589222221,0.13580131153371613,False,3,pattern,1000,274131568,,F1+F2+F3,group_mean,0.06438135388615455,0.084398;0.084871;0.023874,9.999000099990002e-05,4.4601140402906765,10000,3231613748183133420,,,,,1.1381060992884628,0.10723692392902544,False
PPA,crossnobis,weights_sorted_fMRI1_test_100_cosine_rdm.csv,L2,corr,100,4950,0.6003655413387765,0.05656885058994534,0.565060057593925,0.6324631462910201,-0.02845029589222221,0.13580131153371613,False,3,pattern,1000,274131568,,sub-01,subject,0.08439831542389287,,0.00019998000199980003,3.597251547097625,10000,3231613748183133421,0.5881390002086143,0.04067271672215263,,,1.4919574031241496,0.14057821379236732,False
PPA,crossnobis,weights_sorted_fMRI1_test_100_cosine_rdm.csv,L2,corr,100,4950,0.6003655413387765,0.05656885058994534,0.565060057593925,0.6324631462910201,-0.02845029589222221,0.13580131153371613,False,3,pattern,1000,274131568,,sub-02,subject,0.08487131578113866,,0.00039996000399960006,3.4321599273282373,10000,3231613748183133422,0.5941308514097913,0.04832126259536864,,,1.5003189015868719,0.14136606773247026,False
PPA,crossnobis,weights_sorted_fMRI1_test_100_cosine_rdm.csv,L2,corr,100,4950,0.6003655413387765,0.05656885058994534,0.565060057593925,0.6324631462910201,-0.02845029589222221,0.13580131153371613,False,3,pattern,1000,274131568,,sub-03,subject,0.02387443045343212,,0.16428357164283572,0.9835106987291837,10000,3231613748183133423,0.618826772397924,0.08071257245231477,,,0.42204199315436697,0.0397664902622387,False
PPA,crossnobis,weights_sorted_fMRI1_test_100_cosine_rdm.csv,L3,spearman,100,4950,0.58945903548641,0.048604531691127266,0.5541827474924664,0.6209728298446769,-0.03404889183435664,0.12555152102414127,False,3,pattern,1000,274131568,,F1+F2+F3,group_mean,0.05827898333590753,0.080278;0.080558;0.014001,0.000999900009999,3.094919838455191,10000,3231613748183133420,,,,,1.199044231230528,0.09886858938012014,False
PPA,crossnobis,weights_sorted_fMRI1_test_100_cosine_rdm.csv,L3,spearman,100,4950,0.58945903548641,0.048604531691127266,0.5541827474924664,0.6209728298446769,-0.03404889183435664,0.12555152102414127,False,3,pattern,1000,274131568,,sub-01,subject,0.08027760834443125,,0.004299570042995701,2.650464275485192,10000,3231613748183133421,0.5739984445803652,0.033937985584273626,,,1.6516486333945253,0.136188612798492,False
PPA,crossnobis,weights_sorted_fMRI1_test_100_cosine_rdm.csv,L3,spearman,100,4950,0.58945903548641,0.048604531691127266,0.5541827474924664,0.6209728298446769,-0.03404889183435664,0.12555152102414127,False,3,pattern,1000,274131568,,sub-02,subject,0.08055810257879362,,0.006399360063993601,2.498959515286946,10000,3231613748183133422,0.5835491740073817,0.041484033020474445,,,1.6574195815880983,0.13666446305690888,False
PPA,crossnobis,weights_sorted_fMRI1_test_100_cosine_rdm.csv,L3,spearman,100,4950,0.58945903548641,0.048604531691127266,0.5541827474924664,0.6209728298446769,-0.03404889183435664,0.12555152102414127,False,3,pattern,1000,274131568,,sub-03,subject,0.014001239084497736,,0.33166683331666835,0.4479534299871309,10000,3231613748183133423,0.610829487871483,0.07039157646863373,,,0.2880644787089607,0.023752692284959527,False
PPA,crossnobis,weights_sorted_fMRI1_test_100_dot_product_rdm.csv,L1,cosine,100,4950,0.9912730793770249,0.9803479190309828,0.9904011874017808,0.9923254314974382,0.9783831758509821,0.9827187713649134,False,3,pattern,1000,274131568,0.5589913503125625,F1+F2+F3,group_mean,0.8556096757311332,0.858748;0.856868;0.851213,1.0,-4.704631213560528,10000,11185729123978581226,,,0.8609252942098893,,-0.044510983464978754,-0.040780274647092926,False
PPA,crossnobis,weights_sorted_fMRI1_test_100_dot_product_rdm.csv,L1,cosine,100,4950,0.9912730793770249,0.9803479190309828,0.9904011874017808,0.9923254314974382,0.9783831758509821,0.9827187713649134,False,3,pattern,1000,274131568,0.5589913503125625,sub-01,subject,0.8587479858440242,,1.0,-3.9545269355246964,10000,11185729123978581227,0.9924583592551541,0.9829950131555971,0.8646448539352324,0.13835421767950284,-0.050965530483813706,-0.046568354493120315,False
PPA,crossnobis,weights_sorted_fMRI1_test_100_dot_product_rdm.csv,L1,cosine,100,4950,0.9912730793770249,0.9803479190309828,0.9904011874017808,0.9923254314974382,0.9783831758509821,0.9827187713649134,False,3,pattern,1000,274131568,0.5589913503125625,sub-02,subject,0.8568677831835092,,1.0,-4.306833568868701,10000,11185729123978581228,0.9923360398542235,0.9827210690984028,0.8639868646327449,0.1438568145425989,-0.061180963734404584,-0.055929712919329244,False
PPA,crossnobis,weights_sorted_fMRI1_test_100_dot_product_rdm.csv,L1,cosine,100,4950,0.9912730793770249,0.9803479190309828,0.9904011874017808,0.9923254314974382,0.9783831758509821,0.9827187713649134,False,3,pattern,1000,274131568,0.5589913503125625,sub-03,subject,0.8512132581658667,,0.8874112588741125,-1.233793653399361,10000,11185729123978581229,0.9890248390216972,0.9753276748389484,0.8541441640616908,0.2106043757417382,-0.02322360294697468,-0.021373361621685485,False
PPA,crossnobis,weights_sorted_fMRI1_test_100_dot_product_rdm.csv,L2,corr,100,4950,0.6003655413387765,0.05656885058994534,0.565060057593925,0.6324631462910201,-0.02845029589222221,0.13580131153371613,False,3,pattern,1000,274131568,,F1+F2+F3,group_mean,-0.07357881313508169,-0.088534;-0.102809;-0.029393,1.0,-5.261981742084089,10000,11185729123978581226,,,,,-1.3006948588798044,-0.1225566893313125,False
PPA,crossnobis,weights_sorted_fMRI1_test_100_dot_product_rdm.csv,L2,corr,100,4950,0.6003655413387765,0.05656885058994534,0.565060057593925,0.6324631462910201,-0.02845029589222221,0.13580131153371613,False,3,pattern,1000,274131568,,sub-01,subject,-0.08853434224153198,,1.0,-3.954526935525273,10000,11185729123978581227,0.5881390002086143,0.04067271672215263,,,-1.5650723201589718,-0.14746739468775322,False
PPA,crossnobis,weights_sorted_fMRI1_test_100_dot_product_rdm.csv,L2,corr,100,4950,0.6003655413387765,0.05656885058994534,0.565060057593925,0.6324631462910201,-0.02845029589222221,0.13580131153371613,False,3,pattern,1000,274131568,,sub-02,subject,-0.10280897715705829,,1.0,-4.3068335688682735,10000,11185729123978581228,0.5941308514097913,0.04832126259536864,,,-1.8174132245022452,-0.17124396734662833,False
PPA,crossnobis,weights_sorted_fMRI1_test_100_dot_product_rdm.csv,L2,corr,100,4950,0.6003655413387765,0.05656885058994534,0.565060057593925,0.6324631462910201,-0.02845029589222221,0.13580131153371613,False,3,pattern,1000,274131568,,sub-03,subject,-0.02939312000665477,,0.8874112588741125,-1.233793653400561,10000,11185729123978581229,0.618826772397924,0.08071257245231477,,,-0.5195990319781955,-0.04895870595955591,False
PPA,crossnobis,weights_sorted_fMRI1_test_100_dot_product_rdm.csv,L3,spearman,100,4950,0.58945903548641,0.048604531691127266,0.5541827474924664,0.6209728298446769,-0.03404889183435664,0.12555152102414127,False,3,pattern,1000,274131568,,F1+F2+F3,group_mean,-0.06698024912776152,-0.081640;-0.099567;-0.019734,0.9998000199980002,-3.636154692407338,10000,11185729123978581226,,,,,-1.3780659291896589,-0.11363003210645628,False
PPA,crossnobis,weights_sorted_fMRI1_test_100_dot_product_rdm.csv,L3,spearman,100,4950,0.58945903548641,0.048604531691127266,0.5541827474924664,0.6209728298446769,-0.03404889183435664,0.12555152102414127,False,3,pattern,1000,274131568,,sub-01,subject,-0.08164008270537977,,0.9977002299770023,-2.7738063765270575,10000,11185729123978581227,0.5739984445803652,0.033937985584273626,,,-1.6796804714463103,-0.13850001067166945,False
PPA,crossnobis,weights_sorted_fMRI1_test_100_dot_product_rdm.csv,L3,spearman,100,4950,0.58945903548641,0.048604531691127266,0.5541827474924664,0.6209728298446769,-0.03404889183435664,0.12555152102414127,False,3,pattern,1000,274131568,,sub-02,subject,-0.09956677791778042,,0.9992000799920008,-3.1525090736196395,10000,11185729123978581228,0.5835491740073817,0.041484033020474445,,,-2.0485081216399474,-0.16891212437793895,False
PPA,crossnobis,weights_sorted_fMRI1_test_100_dot_product_rdm.csv,L3,spearman,100,4950,0.58945903548641,0.048604531691127266,0.5541827474924664,0.6209728298446769,-0.03404889183435664,0.12555152102414127,False,3,pattern,1000,274131568,,sub-03,subject,-0.019733886760124372,,0.7311268873112688,-0.6181784561217119,10000,11185729123978581229,0.610829487871483,0.07039157646863373,,,-0.40600919448271905,-0.03347796126976043,False
PPA,crossnobis,weights_sorted_fMRI1_test_100_euclidean_rdm.csv,L1,cosine,100,4950,0.9912730793770249,0.9803479190309828,0.9904011874017808,0.9923254314974382,0.9783831758509821,0.9827187713649134,False,3,pattern,1000,274131568,0.1584528529687979,F1+F2+F3,group_mean,0.9752420025622675,0.980078;0.978559;0.967089,0.0160983901609839,2.148976755565476,10000,13827873179054520212,,,0.974149732919526,,0.17622407960975542,0.06378832814324721,False
PPA,crossnobis,weights_sorted_fMRI1_test_100_euclidean_rdm.csv,L1,cosine,100,4950,0.9912730793770249,0.9803479190309828,0.9904011874017808,0.9923254314974382,0.9783831758509821,0.9827187713649134,False,3,pattern,1000,274131568,0.1584528529687979,sub-01,subject,0.9800782631624572,,0.004999500049995001,2.515718331533109,10000,13827873179054520213,0.9924583592551541,0.9829950131555971,0.9783584698882155,0.13835421767950284,0.8644570184133566,0.13316649456043306,False
PPA,crossnobis,weights_sorted_fMRI1_test_100_euclidean_rdm.csv,L1,cosine,100,4950,0.9912730793770249,0.9803479190309828,0.9904011874017808,0.9923254314974382,0.9783831758509821,0.9827187713649134,False,3,pattern,1000,274131568,0.1584528529687979,sub-02,subject,0.9785586792643037,,0.10568943105689431,1.2507040610540008,10000,13827873179054520214,0.9923360398542235,0.9827210690984028,0.9776139452382918,0.1438568145425989,0.3455534316157525,0.06916500097417909,False
PPA,crossnobis,weights_sorted_fMRI1_test_100_euclidean_rdm.csv,L1,cosine,100,4950,0.9912730793770249,0.9803479190309828,0.9904011874017808,0.9923254314974382,0.9783831758509821,0.9827187713649134,False,3,pattern,1000,274131568,0.1584528529687979,sub-03,subject,0.9670890652600417,,0.2930706929307069,0.5535081355878099,10000,13827873179054520215,0.9890248390216972,0.9753276748389484,0.9664767836320706,0.2106043757417382,0.04414070012027458,0.02469246351426106,False
PPA,crossnobis,weights_sorted_fMRI1_test_100_euclidean_rdm.csv,L2,corr,100,4950,0.6003655413387765,0.05656885058994534,0.565060057593925,0.6324631462910201,-0.02845029589222221,0.13580131153371613,False,3,pattern,1000,274131568,,F1+F2+F3,group_mean,0.04699663459106585,0.080000;0.042205;0.018785,0.0084991500849915,2.4197772466366034,10000,13827873179054520212,,,,,0.8307864505102589,0.07828003333813327,False
PPA,crossnobis,weights_sorted_fMRI1_test_100_euclidean_rdm.csv,L2,corr,100,4950,0.6003655413387765,0.05656885058994534,0.565060057593925,0.6324631462910201,-0.02845029589222221,0.13580131153371613,False,3,pattern,1000,274131568,,sub-01,subject,0.08000006022411969,,0.004999500049995001,2.5157183315310743,10000,13827873179054520213,0.5881390002086143,0.04067271672215263,,,1.414206924655794,0.13325225169606622,False
PPA,crossnobis,weights_sorted_fMRI1_test_100_euclidean_rdm.csv,L2,corr,100,4950,0.6003655413387765,0.05656885058994534,0.565060057593925,0.6324631462910201,-0.02845029589222221,0.13580131153371613,False,3,pattern,1000,274131568,,sub-02,subject,0.042204664362185,,0.10568943105689431,1.2507040610526694,10000,13827873179054520214,0.5941308514097913,0.04832126259536864,,,0.746076045775032,0.07029827905857373,False
PPA,crossnobis,weights_sorted_fMRI1_test_100_euclidean_rdm.csv,L2,corr,100,4950,0.6003655413387765,0.05656885058994534,0.565060057593925,0.6324631462910201,-0.02845029589222221,0.13580131153371613,False,3,pattern,1000,274131568,,sub-03,subject,0.018785179186892882,,0.2930706929307069,0.5535081355888508,10000,13827873179054520215,0.618826772397924,0.08071257245231477,,,0.3320763810999511,0.03128956925975988,False
PPA,crossnobis,weights_sorted_fMRI1_test_100_euclidean_rdm.csv,L3,spearman,100,4950,0.58945903548641,0.048604531691127266,0.5541827474924664,0.6209728298446769,-0.03404889183435664,0.12555152102414127,False,3,pattern,1000,274131568,,F1+F2+F3,group_mean,0.036447924595756374,0.077942;0.028400;0.003002,0.0653934606539346,1.5269556192994578,10000,13827873179054520212,,,,,0.7498873732057771,0.06183283723131034,False
PPA,crossnobis,weights_sorted_fMRI1_test_100_euclidean_rdm.csv,L3,spearman,100,4950,0.58945903548641,0.048604531691127266,0.5541827474924664,0.6209728298446769,-0.03404889183435664,0.12555152102414127,False,3,pattern,1000,274131568,,sub-01,subject,0.07794174527902546,,0.021597840215978402,1.9953283859647974,10000,13827873179054520213,0.5739984445803652,0.033937985584273626,,,1.6035900885606864,0.13222588947968109,False
PPA,crossnobis,weights_sorted_fMRI1_test_100_euclidean_rdm.csv,L3,spearman,100,4950,0.58945903548641,0.048604531691127266,0.5541827474924664,0.6209728298446769,-0.03404889183435664,0.12555152102414127,False,3,pattern,1000,274131568,,sub-02,subject,0.028400296886477015,,0.25037496250374963,0.6691675298685704,10000,13827873179054520214,0.5835491740073817,0.041484033020474445,,,0.5843137645468041,0.04818027237981287,False
PPA,crossnobis,weights_sorted_fMRI1_test_100_euclidean_rdm.csv,L3,spearman,100,4950,0.58945903548641,0.048604531691127266,0.5541827474924664,0.6209728298446769,-0.03404889183435664,0.12555152102414127,False,3,pattern,1000,274131568,,sub-03,subject,0.003001731621766664,,0.4794520547945205,0.0621834930230413,10000,13827873179054520215,0.610829487871483,0.07039157646863373,,,0.06175826650984127,0.005092349834437085,False
Early_VC,correlation,weights_sorted_fMRI1_test_100_choice_probability_rdm.csv,L1,cosine,100,4950,0.9930671905162095,0.9843898289573617,0.991877176228215,0.9944262979429856,0.9817164358271531,0.9874528868501851,False,3,pattern,1000,274131568,0.6215286405986206,F1+F2+F3,group_mean,0.8166608889839333,0.812319;0.808660;0.829004,0.2588741125887411,0.6613537479299056,10000,13190223936466109686,,,0.8152215127743213,,0.00850854487464768,0.008093400007735858,False
Early_VC,correlation,weights_sorted_fMRI1_test_100_choice_probability_rdm.csv,L1,cosine,100,4950,0.9930671905162095,0.9843898289573617,0.991877176228215,0.9944262979429856,0.9817164358271531,0.9874528868501851,False,3,pattern,1000,274131568,0.6215286405986206,sub-01,subject,0.8123191589975701,,0.41725827417258277,0.24027091406772458,10000,13190223936466109687,0.9942086969002398,0.9869451525671873,0.8116827820850565,0.3080434065495642,0.0036847188579637617,0.0035084433001591757,False
Early_VC,correlation,weights_sorted_fMRI1_test_100_choice_probability_rdm.csv,L1,cosine,100,4950,0.9930671905162095,0.9843898289573617,0.991877176228215,0.9944262979429856,0.9817164358271531,0.9874528868501851,False,3,pattern,1000,274131568,0.6215286405986206,sub-02,subject,0.8086596083403796,,0.09149085091490851,1.3056230332992453,10000,13190223936466109688,0.9933318018233687,0.9849800358509335,0.805121386878388,0.3358708699190942,0.019737001230997312,0.018825753986026515,False
Early_VC,correlation,weights_sorted_fMRI1_test_100_choice_probability_rdm.csv,L1,cosine,100,4950,0.9930671905162095,0.9843898289573617,0.991877176228215,0.9944262979429856,0.9817164358271531,0.9874528868501851,False,3,pattern,1000,274131568,0.6215286405986206,sub-03,subject,0.8290038996138505,,0.49755024497550243,0.05546543114437405,10000,13190223936466109689,0.9916610728250204,0.9812442984539645,0.8288603693595196,0.22356030477459493,0.0009228493090763872,0.0008740821685716249,False
Early_VC,correlation,weights_sorted_fMRI1_test_100_choice_probability_rdm.csv,L2,corr,100,4950,0.9154024325600134,0.8082209852299105,0.8623949294708587,0.9468867461633707,0.6876100416541518,0.879806135486094,False,3,pattern,1000,274131568,,F1+F2+F3,group_mean,0.008594505827680636,0.003903;0.020871;0.001009,0.28147185281471854,0.5925358095386306,10000,13190223936466109686,,,,,0.010633856314972817,0.009388773201798525,False
Early_VC,correlation,weights_sorted_fMRI1_test_100_choice_probability_rdm.csv,L2,corr,100,4950,0.9154024325600134,0.8082209852299105,0.8623949294708587,0.9468867461633707,0.6876100416541518,0.879806135486094,False,3,pattern,1000,274131568,,sub-01,subject,0.0039029092072010176,,0.41725827417258277,0.24027091406812964,10000,13190223936466109687,0.9250225081324307,0.8279470183151092,,,0.0048290124588769206,0.004263599339894855,False
Early_VC,correlation,weights_sorted_fMRI1_test_100_choice_probability_rdm.csv,L2,corr,100,4950,0.9154024325600134,0.8082209852299105,0.8623949294708587,0.9468867461633707,0.6876100416541518,0.879806135486094,False,3,pattern,1000,274131568,,sub-02,subject,0.0208713674671369,,0.09149085091490851,1.3056230332991432,10000,13190223936466109688,0.9312667739922661,0.8413433552876898,,,0.025823837599564095,0.022800209749025965,False
Early_VC,correlation,weights_sorted_fMRI1_test_100_choice_probability_rdm.csv,L2,corr,100,4950,0.9154024325600134,0.8082209852299105,0.8623949294708587,0.9468867461633707,0.6876100416541518,0.879806135486094,False,3,pattern,1000,274131568,,sub-03,subject,0.0010092408087039957,,0.49755024497550243,0.05546543114443108,10000,13190223936466109689,0.8899180155553434,0.7553725820869326,,,0.0012487188864774429,0.001102510516474764,False
Early_VC,correlation,weights_sorted_fMRI1_test_100_choice_probability_rdm.csv,L3,spearman,100,4950,0.8886703550165477,0.7472266798742301,0.8451415139901408,0.9190180498924421,0.6474184297777992,0.817451539904343,False,3,pattern,1000,274131568,,F1+F2+F3,group_mean,0.02670666784731722,0.019123;0.038763;0.022234,0.1207879212078792,1.1560733141109714,10000,13190223936466109686,,,,,0.03574105230264579,0.030052389726469408,False
Early_VC,correlation,weights_sorted_fMRI1_test_100_choice_probability_rdm.csv,L3,spearman,100,4950,0.8886703550165477,0.7472266798742301,0.8451415139901408,0.9190180498924421,0.6474184297777992,0.817451539904343,False,3,pattern,1000,274131568,,sub-01,subject,0.019122953206453835,,0.23647635236476353,0.7349853836025737,10000,13190223936466109687,0.898509908784313,0.7660469508969432,,,0.02559190366392234,0.02151861272124662,False
Early_VC,correlation,weights_sorted_fMRI1_test_100_choice_probability_rdm.csv,L3,spearman,100,4950,0.8886703550165477,0.7472266798742301,0.8451415139901408,0.9190180498924421,0.6474184297777992,0.817451539904343,False,3,pattern,1000,274131568,,sub-02,subject,0.03876297411727084,,0.05729427057294271,1.509419892426586,10000,13190223936466109688,0.903516951335284,0.7778646530096711,,,0.051875789718583455,0.04361906965665468,False
Early_VC,correlation,weights_sorted_fMRI1_test_100_choice_probability_rdm.csv,L3,spearman,100,4950,0.8886703550165477,0.7472266798742301,0.8451415139901408,0.9190180498924421,0.6474184297777992,0.817451539904343,False,3,pattern,1000,274131568,,sub-03,subject,0.02223407621822698,,0.18738126187381263,0.8769684937875106,10000,13190223936466109689,0.8639842049300462,0.6977684357160757,,,0.029755463525431562,0.025019486801506917,False
Early_VC,correlation,weights_sorted_fMRI1_test_100_cosine_rdm.csv,L1,cosine,100,4950,0.9930671905162095,0.9843898289573617,0.991877176228215,0.9944262979429856,0.9817164358271531,0.9874528868501851,False,3,pattern,1000,274131568,0.2607311040005725,F1+F2+F3,group_mean,0.9263161868322086,0.922922;0.913335;0.942692,0.9185081491850815,-1.3609530119900406,10000,1484417892230900956,,,0.9287999914912008,,-0.04468091241504693,-0.03864809259892735,False
Early_VC,correlation,weights_sorted_fMRI1_test_100_cosine_rdm.csv,L1,cosine,100,4950,0.9930671905162095,0.9843898289573617,0.991877176228215,0.9944262979429856,0.9817164358271531,0.9874528868501851,False,3,pattern,1000,274131568,0.2607311040005725,sub-01,subject,0.9229220952312264,,0.812018798120188,-0.8925317623137746,10000,1484417892230900957,0.9942086969002398,0.9869451525671873,0.9247682369526172,0.3080434065495642,-0.03096431442561865,-0.02703030756791816,False
Early_VC,correlation,weights_sorted_fMRI1_test_100_cosine_rdm.csv,L1,cosine,100,4950,0.9930671905162095,0.9843898289573617,0.991877176228215,0.9944262979429856,0.9817164358271531,0.9874528868501851,False,3,pattern,1000,274131568,0.2607311040005725,sub-02,subject,0.9133348797741815,,0.9598040195980402,-1.7143432795007416,10000,1484417892230900958,0.9933318018233687,0.9849800358509335,0.9172926935369576,0.3358708699190942,-0.05898632986308668,-0.05223147523974798,False
Early_VC,correlation,weights_sorted_fMRI1_test_100_cosine_rdm.csv,L1,cosine,100,4950,0.9930671905162095,0.9843898289573617,0.991877176228215,0.9944262979429856,0.9817164358271531,0.9874528868501851,False,3,pattern,1000,274131568,0.2607311040005725,sub-03,subject,0.9426915854912179,,0.8585141485851415,-1.0895688663283443,10000,1484417892230900959,0.9916610728250204,0.9812442984539645,0.9443390439840277,0.22356030477459493,-0.04113423729164529,-0.0338091762164962,False
Early_VC,correlation,weights_sorted_fMRI1_test_100_cosine_rdm.csv,L2,corr,100,4950,0.9154024325600134,0.8082209852299105,0.8623949294708587,0.9468867461633707,0.6876100416541518,0.879806135486094,False,3,pattern,1000,274131568,,F1+F2+F3,group_mean,-0.03488233668874793,-0.025050;-0.049469;-0.030128,0.9145085491450855,-1.3373909038723741,10000,1484417892230900956,,,,,-0.04315940482394815,-0.03810601266504834,False
Early_VC,correlation,weights_sorted_fMRI1_test_100_cosine_rdm.csv,L2,corr,100,4950,0.9154024325600134,0.8082209852299105,0.8623949294708587,0.9468867461633707,0.6876100416541518,0.879806135486094,False,3,pattern,1000,274131568,,sub-01,subject,-0.02504951222014958,,0.812018798120188,-0.8925317623129907,10000,1484417892230900957,0.9250225081324307,0.8279470183151092,,,-0.030993394972321675,-0.02736448072362681,False
Early_VC,correlation,weights_sorted_fMRI1_test_100_cosine_rdm.csv,L2,corr,100,4950,0.9154024325600134,0.8082209852299105,0.8623949294708587,0.9468867461633707,0.6876100416541518,0.879806135486094,False,3,pattern,1000,274131568,,sub-02,subject,-0.049469486399393636,,0.9598040195980402,-1.7143432795008138,10000,1484417892230900958,0.9312667739922661,0.8413433552876898,,,-0.0612078717373582,-0.05404124420015722,False
Early_VC,correlation,weights_sorted_fMRI1_test_100_cosine_rdm.csv,L2,corr,100,4950,0.9154024325600134,0.8082209852299105,0.8623949294708587,0.9468867461633707,0.6876100416541518,0.879806135486094,False,3,pattern,1000,274131568,,sub-03,subject,-0.03012801144670058,,0.8585141485851415,-1.0895688663284184,10000,1484417892230900959,0.8899180155553434,0.7553725820869326,,,-0.0372769477621646,-0.03291231307136099,False
Early_VC,correlation,weights_sorted_fMRI1_test_100_cosine_rdm.csv,L3,spearman,100,4950,0.8886703550165477,0.7472266798742301,0.8451415139901408,0.9190180498924421,0.6474184297777992,0.817451539904343,False,3,pattern,1000,274131568,,F1+F2+F3,group_mean,-0.053725703668186686,-0.037597;-0.074881;-0.048700,0.9444055594440556,-1.5760178316393287,10000,1484417892230900956,,,,,-0.07190014103515356,-0.06045627983976834,False
Early_VC,correlation,weights_sorted_fMRI1_test_100_cosine_rdm.csv,L3,spearman,100,4950,0.8886703550165477,0.7472266798742301,0.8451415139901408,0.9190180498924421,0.6474184297777992,0.817451539904343,False,3,pattern,1000,274131568,,sub-01,subject,-0.03759661926975719,,0.8459154084591541,-1.0189618297512824,10000,1484417892230900957,0.898509908784313,0.7660469508969432,,,-0.0503148780448863,-0.04230659778119538,False
Early_VC,correlation,weights_sorted_fMRI1_test_100_cosine_rdm.csv,L3,spearman,100,4950,0.8886703550165477,0.7472266798742301,0.8451415139901408,0.9190180498924421,0.6474184297777992,0.817451539904343,False,3,pattern,1000,274131568,,sub-02,subject,-0.07488071368235592,,0.9794020597940206,-1.965389911593608,10000,1484417892230900958,0.903516951335284,0.7778646530096711,,,-0.10021150970540763,-0.08426151863810241,False
Early_VC,correlation,weights_sorted_fMRI1_test_100_cosine_rdm.csv,L3,spearman,100,4950,0.8886703550165477,0.7472266798742301,0.8451415139901408,0.9190180498924421,0.6474184297777992,0.817451539904343,False,3,pattern,1000,274131568,,sub-03,subject,-0.04869977805244694,,0.9114088591140886,-1.330346592556283,10000,1484417892230900959,0.8639842049300462,0.6977684357160757,,,-0.06517403535516675,-0.05480072310000722,False
Early_VC,correlation,weights_sorted_fMRI1_test_100_dot_product_rdm.csv,L1,cosine,100,4950,0.9930671905162095,0.9843898289573617,0.991877176228215,0.9944262979429856,0.9817164358271531,0.9874528868501851,False,3,pattern,1000,274131568,0.5589913503125625,F1+F2+F3,group_mean,0.8397272346173965,0.834155;0.832500;0.852527,0.2882711728827117,0.5740704627674232,10000,6133063835197106936,,,0.8378359555675802,,0.012905008964083855,0.012183624323044406,False
Early_VC,correlation,weights_sorted_fMRI1_test_100_dot_product_rdm.csv,L1,cosine,100,4950,0.9930671905162095,0.9843898289573617,0.991877176228215,0.9944262979429856,0.9817164358271531,0.9874528868501851,False,3,pattern,1000,274131568,0.5589913503125625,sub-01,subject,0.8341550673356501,,0.5169483051694831,-0.02781717043096819,10000,6133063835197106937,0.9942086969002398,0.9869451525671873,0.8341990596293871,0.3080434065495642,-0.00029290943733635875,-0.00027691075290809574,False
Early_VC,correlation,weights_sorted_fMRI1_test_100_dot_product_rdm.csv,L1,cosine,100,4950,0.9930671905162095,0.9843898289573617,0.991877176228215,0.9944262979429856,0.9817164358271531,0.9874528868501851,False,3,pattern,1000,274131568,0.5589913503125625,sub-02,subject,0.8324998025301557,,0.1141885811418858,1.1866569128546594,10000,6133063835197106938,0.9933318018233687,0.9849800358509335,0.8274556497258294,0.3358708699190942,0.03214183697283921,0.030457737306549118,False
Early_VC,correlation,weights_sorted_fMRI1_test_100_dot_product_rdm.csv,L1,cosine,100,4950,0.9930671905162095,0.9843898289573617,0.991877176228215,0.9944262979429856,0.9817164358271531,0.9874528868501851,False,3,pattern,1000,274131568,0.5589913503125625,sub-03,subject,0.8525268339863838,,0.41285871412858716,0.22997723888022928,10000,6133063835197106939,0.9916610728250204,0.9812442984539645,0.8518531573475241,0.22356030477459493,0.005082945200577609,0.00477060688476352,False
Early_VC,correlation,weights_sorted_fMRI1_test_100_dot_product_rdm.csv,L2,corr,100,4950,0.9154024325600134,0.8082209852299105,0.8623949294708587,0.9468867461633707,0.6876100416541518,0.879806135486094,False,3,pattern,1000,274131568,,F1+F2+F3,group_mean,0.012631052757544439,-0.000497;0.032292;0.006098,0.30156984301569845,0.5315630444411387,10000,6133063835197106936,,,,,0.015628216772856186,0.013798360489626897,False
Early_VC,correlation,weights_sorted_fMRI1_test_100_dot_product_rdm.csv,L2,corr,100,4950,0.9154024325600134,0.8082209852299105,0.8623949294708587,0.9468867461633707,0.6876100416541518,0.879806135486094,False,3,pattern,1000,274131568,,sub-01,subject,-0.000496848944613161,,0.5169483051694831,-0.027817170430875757,10000,6133063835197106937,0.9250225081324307,0.8279470183151092,,,-0.000614743929807545,-0.0005427655935146182,False
Early_VC,correlation,weights_sorted_fMRI1_test_100_dot_product_rdm.csv,L2,corr,100,4950,0.9154024325600134,0.8082209852299105,0.8623949294708587,0.9468867461633707,0.6876100416541518,0.879806135486094,False,3,pattern,1000,274131568,,sub-02,subject,0.032291570758803005,,0.1141885811418858,1.1866569128546123,10000,6133063835197106938,0.9312667739922661,0.8413433552876898,,,0.03995388804414326,0.03527581925743461,False
Early_VC,correlation,weights_sorted_fMRI1_test_100_dot_product_rdm.csv,L2,corr,100,4950,0.9154024325600134,0.8082209852299105,0.8623949294708587,0.9468867461633707,0.6876100416541518,0.879806135486094,False,3,pattern,1000,274131568,,sub-03,subject,0.006098436458443469,,0.41285871412858716,0.22997723888024713,10000,6133063835197106939,0.8899180155553434,0.7553725820869326,,,0.007545506204232842,0.006662027804960698,False
Early_VC,correlation,weights_sorted_fMRI1_test_100_dot_product_rdm.csv,L3,spearman,100,4950,0.8886703550165477,0.7472266798742301,0.8451415139901408,0.9190180498924421,0.6474184297777992,0.817451539904343,False,3,pattern,1000,274131568,,F1+F2+F3,group_mean,0.03807448195221214,0.017273;0.059451;0.037500,0.1222877712228777,1.1751623143575165,10000,6133063835197106936,,,,,0.05095439306131397,0.04284432549964286,False
Early_VC,correlation,weights_sorted_fMRI1_test_100_dot_product_rdm.csv,L3,spearman,100,4950,0.8886703550165477,0.7472266798742301,0.8451415139901408,0.9190180498924421,0.6474184297777992,0.817451539904343,False,3,pattern,1000,274131568,,sub-01,subject,0.01727254919565304,,0.32966703329667035,0.45837262606910595,10000,6133063835197106937,0.898509908784313,0.7660469508969432,,,0.023115541322159802,0.019436396294924694,False
Early_VC,correlation,weights_sorted_fMRI1_test_100_dot_product_rdm.csv,L3,spearman,100,4950,0.8886703550165477,0.7472266798742301,0.8451415139901408,0.9190180498924421,0.6474184297777992,0.817451539904343,False,3,pattern,1000,274131568,,sub-02,subject,0.059451287656970685,,0.0514948505149485,1.6126947982687159,10000,6133063835197106938,0.903516951335284,0.7778646530096711,,,0.07956258690733214,0.06689914580965589,False
Early_VC,correlation,weights_sorted_fMRI1_test_100_dot_product_rdm.csv,L3,spearman,100,4950,0.8886703550165477,0.7472266798742301,0.8451415139901408,0.9190180498924421,0.6474184297777992,0.817451539904343,False,3,pattern,1000,274131568,,sub-03,subject,0.0374996090040127,,0.14128587141285873,1.05939577344528,10000,6133063835197106939,0.8639842049300462,0.6977684357160757,,,0.05018505095444996,0.042197434394347984,False
Early_VC,correlation,weights_sorted_fMRI1_test_100_euclidean_rdm.csv,L1,cosine,100,4950,0.9930671905162095,0.9843898289573617,0.991877176228215,0.9944262979429856,0.9817164358271531,0.9874528868501851,False,3,pattern,1000,274131568,0.1584528529687979,F1+F2+F3,group_mean,0.9461323491699423,0.941804;0.934012;0.962581,0.8796120387961204,-1.175932062863831,10000,16073631361197851580,,,0.9480238039649859,,-0.052011590363262014,-0.04199184252926067,False
Early_VC,correlation,weights_sorted_fMRI1_test_100_euclidean_rdm.csv,L1,cosine,100,4950,0.9930671905162095,0.9843898289573617,0.991877176228215,0.9944262979429856,0.9817164358271531,0.9874528868501851,False,3,pattern,1000,274131568,0.1584528529687979,sub-01,subject,0.9418039802323468,,0.8742125787421258,-1.154096395221882,10000,16073631361197851581,0.9942086969002398,0.9869451525671873,0.9439086022968803,0.3080434065495642,-0.05199007634292174,-0.04281290697656789,False
Early_VC,correlation,weights_sorted_fMRI1_test_100_euclidean_rdm.csv,L1,cosine,100,4950,0.9930671905162095,0.9843898289573617,0.991877176228215,0.9944262979429856,0.9817164358271531,0.9874528868501851,False,3,pattern,1000,274131568,0.1584528529687979,sub-02,subject,0.934012308943971,,0.8729127087291271,-1.1214639767308512,10000,16073631361197851582,0.9933318018233687,0.9849800358509335,0.936278334025408,0.3358708699190942,-0.047099452732490936,-0.03990263621180812,False
Early_VC,correlation,weights_sorted_fMRI1_test_100_euclidean_rdm.csv,L1,cosine,100,4950,0.9930671905162095,0.9843898289573617,0.991877176228215,0.9944262979429856,0.9817164358271531,0.9874528868501851,False,3,pattern,1000,274131568,0.1584528529687979,sub-03,subject,0.9625807583335091,,0.8439156084391561,-1.0073426256021563,10000,16073631361197851583,0.9916610728250204,0.9812442984539645,0.9638844755726697,0.22356030477459493,-0.06357935972631573,-0.044674295783750054,False
Early_VC,correlation,weights_sorted_fMRI1_test_100_euclidean_rdm.csv,L2,corr,100,4950,0.9154024325600134,0.8082209852299105,0.8623949294708587,0.9468867461633707,0.6876100416541518,0.879806135486094,False,3,pattern,1000,274131568,,F1+F2+F3,group_mean,-0.043346337860893945,-0.045919;-0.045724;-0.038395,0.8796120387961204,-1.1704905159040713,10000,16073631361197851580,,,,,-0.053631789638032515,-0.04735222053067046,False
Early_VC,correlation,weights_sorted_fMRI1_test_100_euclidean_rdm.csv,L2,corr,100,4950,0.9154024325600134,0.8082209852299105,0.8623949294708587,0.9468867461633707,0.6876100416541518,0.879806135486094,False,3,pattern,1000,274131568,,sub-01,subject,-0.045919443029567554,,0.8742125787421258,-1.1540963952218064,10000,16073631361197851581,0.9250225081324307,0.8279470183151092,,,-0.05681545501630979,-0.05016312104518806,False
Early_VC,correlation,weights_sorted_fMRI1_test_100_euclidean_rdm.csv,L2,corr,100,4950,0.9154024325600134,0.8082209852299105,0.8623949294708587,0.9468867461633707,0.6876100416541518,0.879806135486094,False,3,pattern,1000,274131568,,sub-02,subject,-0.04572408250231117,,0.8729127087291271,-1.1214639767310803,10000,16073631361197851582,0.9312667739922661,0.8413433552876898,,,-0.056573738294241734,-0.04994970613573667,False
Early_VC,correlation,weights_sorted_fMRI1_test_100_euclidean_rdm.csv,L2,corr,100,4950,0.9154024325600134,0.8082209852299105,0.8623949294708587,0.9468867461633707,0.6876100416541518,0.879806135486094,False,3,pattern,1000,274131568,,sub-03,subject,-0.0383954880508031,,0.8439156084391561,-1.0073426256023996,10000,16073631361197851583,0.8899180155553434,0.7553725820869326,,,-0.04750617560354602,-0.041943834411086636,False
Early_VC,correlation,weights_sorted_fMRI1_test_100_euclidean_rdm.csv,L3,spearman,100,4950,0.8886703550165477,0.7472266798742301,0.8451415139901408,0.9190180498924421,0.6474184297777992,0.817451539904343,False,3,pattern,1000,274131568,,F1+F2+F3,group_mean,-0.06915819787783418,-0.072883;-0.082008;-0.052584,0.9423057694230577,-1.5446024141632755,10000,16073631361197851580,,,,,-0.09255316992893588,-0.07782210522432292,False
Early_VC,correlation,weights_sorted_fMRI1_test_100_euclidean_rdm.csv,L3,spearman,100,4950,0.8886703550165477,0.7472266798742301,0.8451415139901408,0.9190180498924421,0.6474184297777992,0.817451539904343,False,3,pattern,1000,274131568,,sub-01,subject,-0.07288273961547574,,0.9314068593140686,-1.4735894719235891,10000,16073631361197851581,0.898509908784313,0.7660469508969432,,,-0.097537657016935,-0.08201324507344303,False
Early_VC,correlation,weights_sorted_fMRI1_test_100_euclidean_rdm.csv,L3,spearman,100,4950,0.8886703550165477,0.7472266798742301,0.8451415139901408,0.9190180498924421,0.6474184297777992,0.817451539904343,False,3,pattern,1000,274131568,,sub-02,subject,-0.08200815895257349,,0.9536046395360464,-1.6436396380969878,10000,16073631361197851582,0.903516951335284,0.7778646530096711,,,-0.10975004126776729,-0.09228186637445157,False
Early_VC,correlation,weights_sorted_fMRI1_test_100_euclidean_rdm.csv,L3,spearman,100,4950,0.8886703550165477,0.7472266798742301,0.8451415139901408,0.9190180498924421,0.6474184297777992,0.817451539904343,False,3,pattern,1000,274131568,,sub-03,subject,-0.05258369506545336,,0.8716128387161284,-1.1317148997589526,10000,16073631361197851583,0.8639842049300462,0.6977684357160757,,,-0.07037181150210538,-0.05917120422507423,False
Early_VC,euclidean_centered,weights_sorted_fMRI1_test_100_choice_probability_rdm.csv,L1,cosine,100,4950,0.998488179684184,0.9965979740505425,0.9982684360953802,0.99873678254833,0.9961036420774724,0.9971574008298763,False,3,pattern,1000,274131568,0.6215286405986206,F1+F2+F3,group_mean,0.8441683600544341,0.843603;0.842849;0.846053,0.7942205779422058,-0.8045141118320892,10000,11113987321669296153,,,0.8447349138724437,,-0.0037306888017744305,-0.003684824611812367,False
Early_VC,euclidean_centered,weights_sorted_fMRI1_test_100_choice_probability_rdm.csv,L1,cosine,100,4950,0.998488179684184,0.9965979740505425,0.9982684360953802,0.99873678254833,0.9961036420774724,0.9971574008298763,False,3,pattern,1000,274131568,0.6215286405986206,sub-01,subject,0.8436030483138566,,0.7041295870412959,-0.5141559701273446,10000,11113987321669296154,0.9987480898111308,0.9971820280044653,0.8440391592757669,0.11204529850440066,-0.0028586415183819726,-0.002823656380319468,False
Early_VC,euclidean_centered,weights_sorted_fMRI1_test_100_choice_probability_rdm.csv,L1,cosine,100,4950,0.998488179684184,0.9965979740505425,0.9982684360953802,0.99873678254833,0.9961036420774724,0.9971574008298763,False,3,pattern,1000,274131568,0.6215286405986206,sub-02,subject,0.8428493775134532,,0.8756124387561244,-1.1425700786391306,10000,11113987321669296155,0.998692336411497,0.9970566743528217,0.8438663816075899,0.11388073916313636,-0.006658767042689587,-0.00657736559002401,False
Early_VC,euclidean_centered,weights_sorted_fMRI1_test_100_choice_probability_rdm.csv,L1,cosine,100,4950,0.998488179684184,0.9965979740505425,0.9982684360953802,0.99873678254833,0.9961036420774724,0.9971574008298763,False,3,pattern,1000,274131568,0.6215286405986206,sub-03,subject,0.8460526543359925,,0.661033896610339,-0.38865620041098803,10000,11113987321669296156,0.9980241128299243,0.9955552197943403,0.8462992007339744,0.08457729978396485,-0.0016403753173855765,-0.0016200016563780793,False
Early_VC,euclidean_centered,weights_sorted_fMRI1_test_100_choice_probability_rdm.csv,L2,corr,100,4950,0.8470893829969252,0.6532340768455288,0.7918272399309491,0.8910747222218709,0.5285816426519473,0.7535425946418182,False,3,pattern,1000,274131568,,F1+F2+F3,group_mean,-0.01046038366859916,-0.007843;-0.017446;-0.006092,0.7887211278872113,-0.7813707829093662,10000,11113987321669296153,,,,,-0.016013224109667417,-0.012348618550254136,False
Early_VC,euclidean_centered,weights_sorted_fMRI1_test_100_choice_probability_rdm.csv,L2,corr,100,4950,0.8470893829969252,0.6532340768455288,0.7918272399309491,0.8910747222218709,0.5285816426519473,0.7535425946418182,False,3,pattern,1000,274131568,,sub-01,subject,-0.007843121247600919,,0.7041295870412959,-0.5141559701260685,10000,11113987321669296154,0.8821974581730385,0.7201094226921003,,,-0.012006601501065892,-0.009258906326806588,False
Early_VC,euclidean_centered,weights_sorted_fMRI1_test_100_choice_probability_rdm.csv,L2,corr,100,4950,0.8470893829969252,0.6532340768455288,0.7918272399309491,0.8910747222218709,0.5285816426519473,0.7535425946418182,False,3,pattern,1000,274131568,,sub-02,subject,-0.017445944343931916,,0.8756124387561244,-1.1425700786392423,10000,11113987321669296155,0.8805929152031113,0.7167630805100892,,,-0.0267070334544984,-0.020595163502356448,False
Early_VC,euclidean_centered,weights_sorted_fMRI1_test_100_choice_probability_rdm.csv,L2,corr,100,4950,0.8470893829969252,0.6532340768455288,0.7918272399309491,0.8910747222218709,0.5285816426519473,0.7535425946418182,False,3,pattern,1000,274131568,,sub-03,subject,-0.006092085414264648,,0.661033896610339,-0.38865620040932275,10000,11113987321669296156,0.7784777756146256,0.5228297273343968,,,-0.009326037373437963,-0.0071917858215993745,False
Early_VC,euclidean_centered,weights_sorted_fMRI1_test_100_choice_probability_rdm.csv,L3,spearman,100,4950,0.818769569206653,0.5892461448742176,0.7779527463571858,0.8528749548521706,0.4966561215077422,0.6677093750457336,False,3,pattern,1000,274131568,,F1+F2+F3,group_mean,0.008091278536218867,0.009374;-0.005337;0.020237,0.3474652534746525,0.41975821111066425,10000,11113987321669296153,,,,,0.013731576534872465,0.009882241402863706,False
Early_VC,euclidean_centered,weights_sorted_fMRI1_test_100_choice_probability_rdm.csv,L3,spearman,100,4950,0.818769569206653,0.5892461448742176,0.7779527463571858,0.8528749548521706,0.4966561215077422,0.6677093750457336,False,3,pattern,1000,274131568,,sub-01,subject,0.009373715742466131,,0.36506349365063495,0.397422063567636,10000,11113987321669296154,0.8538249693928104,0.6507936496684212,,,0.015907979753464616,0.011448539485350922,False
Early_VC,euclidean_centered,weights_sorted_fMRI1_test_100_choice_probability_rdm.csv,L3,spearman,100,4950,0.818769569206653,0.5892461448742176,0.7779527463571858,0.8528749548521706,0.4966561215077422,0.6677093750457336,False,3,pattern,1000,274131568,,sub-02,subject,-0.005337064376390937,,0.6073392660733926,-0.23410486767178249,10000,11113987321669296155,0.8535699114685119,0.6499774651288271,,,-0.009057444707644554,-0.006518396111817257,False
Early_VC,euclidean_centered,weights_sorted_fMRI1_test_100_choice_probability_rdm.csv,L3,spearman,100,4950,0.818769569206653,0.5892461448742176,0.7779527463571858,0.8528749548521706,0.4966561215077422,0.6677093750457336,False,3,pattern,1000,274131568,,sub-03,subject,0.020237184242581408,,0.1845815418458154,0.895926729887581,10000,11113987321669296156,0.7489138267586365,0.4669673198254043,,,0.034344194558797336,0.024716580835057456,False
Early_VC,euclidean_centered,weights_sorted_fMRI1_test_100_cosine_rdm.csv,L1,cosine,100,4950,0.998488179684184,0.9965979740505425,0.9982684360953802,0.99873678254833,0.9961036420774724,0.9971574008298763,False,3,pattern,1000,274131568,0.2607311040005725,F1+F2+F3,group_mean,0.962494615096694,0.961632;0.961907;0.963945,0.45515448455154484,0.0995778699785812,10000,11853412961312000797,,,0.9624252654311943,,0.0020293874352232868,0.001923018894511624,False
Early_VC,euclidean_centered,weights_sorted_fMRI1_test_100_cosine_rdm.csv,L1,cosine,100,4950,0.998488179684184,0.9965979740505425,0.9982684360953802,0.99873678254833,0.9961036420774724,0.9971574008298763,False,3,pattern,1000,274131568,0.2607311040005725,sub-01,subject,0.9616317801091807,,0.48485151484851513,0.009334140995455691,10000,11853412961312000798,0.9987480898111308,0.9971820280044653,0.9616325767529059,0.11204529850440066,-2.278377443928617e-05,-2.161526774354555e-05,False
Early_VC,euclidean_centered,weights_sorted_fMRI1_test_100_cosine_rdm.csv,L1,cosine,100,4950,0.998488179684184,0.9965979740505425,0.9982684360953802,0.99873678254833,0.9961036420774724,0.9971574008298763,False,3,pattern,1000,274131568,0.2607311040005725,sub-02,subject,0.9619073549008124,,0.2602739726027397,0.6423734622930022,10000,11853412961312000799,0.998692336411497,0.9970566743528217,0.9614357273147862,0.11388073916313636,0.013412896780186432,0.01272864698196525,False
Early_VC,euclidean_centered,weights_sorted_fMRI1_test_100_cosine_rdm.csv,L1,cosine,100,4950,0.998488179684184,0.9965979740505425,0.9982684360953802,0.99873678254833,0.9961036420774724,0.9971574008298763,False,3,pattern,1000,274131568,0.2607311040005725,sub-03,subject,0.9639447102800889,,0.6904309569043096,-0.5003922812087864,10000,11853412961312000800,0.9980241128299243,0.9955552197943403,0.9642074922258909,0.08457729978396485,-0.008112937227194462,-0.007665597316905907,False
Early_VC,euclidean_centered,weights_sorted_fMRI1_test_100_cosine_rdm.csv,L2,corr,100,4950,0.8470893829969252,0.6532340768455288,0.7918272399309491,0.8910747222218709,0.5285816426519473,0.7535425946418182,False,3,pattern,1000,274131568,,F1+F2+F3,group_mean,0.0010957432700286912,-0.000291;0.016264;-0.012685,0.4784521547845215,0.04181120171329096,10000,11853412961312000797,,,,,0.0016774129042992397,0.0012935391376905838,False
Early_VC,euclidean_centered,weights_sorted_fMRI1_test_100_cosine_rdm.csv,L2,corr,100,4950,0.8470893829969252,0.6532340768455288,0.7918272399309491,0.8910747222218709,0.5285816426519473,0.7535425946418182,False,3,pattern,1000,274131568,,sub-01,subject,-0.0002913761828527994,,0.48485151484851513,0.009334140994613337,10000,11853412961312000798,0.8821974581730385,0.7201094226921003,,,-0.00044605171894867565,-0.0003439733618451656,False
Early_VC,euclidean_centered,weights_sorted_fMRI1_test_100_cosine_rdm.csv,L2,corr,100,4950,0.8470893829969252,0.6532340768455288,0.7918272399309491,0.8910747222218709,0.5285816426519473,0.7535425946418182,False,3,pattern,1000,274131568,,sub-02,subject,0.016264041542021657,,0.2602739726027397,0.642373462290369,10000,11853412961312000799,0.8805929152031113,0.7167630805100892,,,0.02489772367749216,0.019199911920134045,False
Early_VC,euclidean_centered,weights_sorted_fMRI1_test_100_cosine_rdm.csv,L2,corr,100,4950,0.8470893829969252,0.6532340768455288,0.7918272399309491,0.8910747222218709,0.5285816426519473,0.7535425946418182,False,3,pattern,1000,274131568,,sub-03,subject,-0.012685435549082785,,0.6904309569043096,-0.5003922812118369,10000,11853412961312000800,0.7784777756146256,0.5228297273343968,,,-0.019419433245645767,-0.01497532114521713,False
Early_VC,euclidean_centered,weights_sorted_fMRI1_test_100_cosine_rdm.csv,L3,spearman,100,4950,0.818769569206653,0.5892461448742176,0.7779527463571858,0.8528749548521706,0.4966561215077422,0.6677093750457336,False,3,pattern,1000,274131568,,F1+F2+F3,group_mean,-0.017286769769479394,-0.017450;0.004027;-0.038437,0.724027597240276,-0.6166700545713666,10000,11853412961312000797,,,,,-0.02933709438721824,-0.02111310730103149,False
Early_VC,euclidean_centered,weights_sorted_fMRI1_test_100_cosine_rdm.csv,L3,spearman,100,4950,0.818769569206653,0.5892461448742176,0.7779527463571858,0.8528749548521706,0.4966561215077422,0.6677093750457336,False,3,pattern,1000,274131568,,sub-01,subject,-0.017450132368502125,,0.684031596840316,-0.49841479856971677,10000,11853412961312000798,0.8538249693928104,0.6507936496684212,,,-0.02961433438351487,-0.02131262937069148,False
Early_VC,euclidean_centered,weights_sorted_fMRI1_test_100_cosine_rdm.csv,L3,spearman,100,4950,0.818769569206653,0.5892461448742176,0.7779527463571858,0.8528749548521706,0.4966561215077422,0.6677093750457336,False,3,pattern,1000,274131568,,sub-02,subject,0.004027012027704529,,0.44055594440555945,0.13096527246233838,10000,11853412961312000799,0.8535699114685119,0.6499774651288271,,,0.006834176282246442,0.004918370417218245,False
Early_VC,euclidean_centered,weights_sorted_fMRI1_test_100_cosine_rdm.csv,L3,spearman,100,4950,0.818769569206653,0.5892461448742176,0.7779527463571858,0.8528749548521706,0.4966561215077422,0.6677093750457336,False,3,pattern,1000,274131568,,sub-03,subject,-0.03843718896764058,,0.8834116588341165,-1.1819816777282515,10000,11853412961312000800,0.7489138267586365,0.4669673198254043,,,-0.0652311250603863,-0.04694506294962123,False
Early_VC,euclidean_centered,weights_sorted_fMRI1_test_100_dot_product_rdm.csv,L1,cosine,100,4950,0.998488179684184,0.9965979740505425,0.9982684360953802,0.99873678254833,0.9961036420774724,0.9971574008298763,False,3,pattern,1000,274131568,0.5589913503125625,F1+F2+F3,group_mean,0.8674524816380078,0.866867;0.865762;0.869729,0.7614238576142386,-0.6980996352376374,10000,15002009512093258088,,,0.8681680655813894,,-0.005571785823965072,-0.005490970816808193,False
Early_VC,euclidean_centered,weights_sorted_fMRI1_test_100_dot_product_rdm.csv,L1,cosine,100,4950,0.998488179684184,0.9965979740505425,0.9982684360953802,0.99873678254833,0.9961036420774724,0.9971574008298763,False,3,pattern,1000,274131568,0.5589913503125625,sub-01,subject,0.8668665991970702,,0.6745325467453255,-0.44454526352378765,10000,15002009512093258089,0.9987480898111308,0.9971820280044653,0.8674530105831921,0.11204529850440066,-0.004540722072140072,-0.004475221348170735,False
Early_VC,euclidean_centered,weights_sorted_fMRI1_test_100_dot_product_rdm.csv,L1,cosine,100,4950,0.998488179684184,0.9965979740505425,0.9982684360953802,0.99873678254833,0.9961036420774724,0.9971574008298763,False,3,pattern,1000,274131568,0.5589913503125625,sub-02,subject,0.8657623111608047,,0.8651134886511349,-1.1012312865706473,10000,15002009512093258090,0.998692336411497,0.9970566743528217,0.8672754400205296,0.11388073916313636,-0.011700426929259777,-0.011531874600008901,False
Early_VC,euclidean_centered,weights_sorted_fMRI1_test_100_dot_product_rdm.csv,L1,cosine,100,4950,0.998488179684184,0.9965979740505425,0.9982684360953802,0.99873678254833,0.9961036420774724,0.9971574008298763,False,3,pattern,1000,274131568,0.5589913503125625,sub-03,subject,0.8697285345561484,,0.532046795320468,-0.07835759382323482,10000,15002009512093258091,0.9980241128299243,0.9955552197943403,0.8697757461404464,0.08457729978396485,-0.0003722658486291415,-0.000366798940849389,False
Early_VC,euclidean_centered,weights_sorted_fMRI1_test_100_dot_product_rdm.csv,L2,corr,100,4950,0.8470893829969252,0.6532340768455288,0.7918272399309491,0.8910747222218709,0.5285816426519473,0.7535425946418182,False,3,pattern,1000,274131568,,F1+F2+F3,group_mean,-0.013560577264603309,-0.011199;-0.027810;-0.001672,0.7485251474852515,-0.6534036094271932,10000,15002009512093258088,,,,,-0.02075913940388324,-0.01600843728748815,False
Early_VC,euclidean_centered,weights_sorted_fMRI1_test_100_dot_product_rdm.csv,L2,corr,100,4950,0.8470893829969252,0.6532340768455288,0.7918272399309491,0.8910747222218709,0.5285816426519473,0.7535425946418182,False,3,pattern,1000,274131568,,sub-01,subject,-0.011199335608134152,,0.6745325467453255,-0.444545263524716,10000,15002009512093258089,0.8821974581730385,0.7201094226921003,,,-0.01714444485538141,-0.013220960896135803,False
Early_VC,euclidean_centered,weights_sorted_fMRI1_test_100_dot_product_rdm.csv,L2,corr,100,4950,0.8470893829969252,0.6532340768455288,0.7918272399309491,0.8910747222218709,0.5285816426519473,0.7535425946418182,False,3,pattern,1000,274131568,,sub-02,subject,-0.027810140938214347,,0.8651134886511349,-1.1012312865721177,10000,15002009512093258090,0.8805929152031113,0.7167630805100892,,,-0.042573010080107394,-0.03283023196421681,False
Early_VC,euclidean_centered,weights_sorted_fMRI1_test_100_dot_product_rdm.csv,L2,corr,100,4950,0.8470893829969252,0.6532340768455288,0.7918272399309491,0.8910747222218709,0.5285816426519473,0.7535425946418182,False,3,pattern,1000,274131568,,sub-03,subject,-0.001672255247461429,,0.532046795320468,-0.07835759382526955,10000,15002009512093258091,0.7784777756146256,0.5228297273343968,,,-0.0025599632761609124,-0.0019741190021118457,False
Early_VC,euclidean_centered,weights_sorted_fMRI1_test_100_dot_product_rdm.csv,L3,spearman,100,4950,0.818769569206653,0.5892461448742176,0.7779527463571858,0.8528749548521706,0.4966561215077422,0.6677093750457336,False,3,pattern,1000,274131568,,F1+F2+F3,group_mean,0.011412735830856613,0.011683;-0.012652;0.035208,0.34926507349265073,0.4009332438318467,10000,15002009512093258088,,,,,0.0193683674134055,0.013938886177603043,False
Early_VC,euclidean_centered,weights_sorted_fMRI1_test_100_dot_product_rdm.csv,L3,spearman,100,4950,0.818769569206653,0.5892461448742176,0.7779527463571858,0.8528749548521706,0.4966561215077422,0.6677093750457336,False,3,pattern,1000,274131568,,sub-01,subject,0.011682927920820228,,0.36076392360763926,0.3677916437000072,10000,15002009512093258089,0.8538249693928104,0.6507936496684212,,,0.019826905992425467,0.014268883896284036,False
Early_VC,euclidean_centered,weights_sorted_fMRI1_test_100_dot_product_rdm.csv,L3,spearman,100,4950,0.818769569206653,0.5892461448742176,0.7779527463571858,0.8528749548521706,0.4966561215077422,0.6677093750457336,False,3,pattern,1000,274131568,,sub-02,subject,-0.01265232029820899,,0.6448355164483551,-0.36433551779674495,10000,15002009512093258090,0.8535699114685119,0.6499774651288271,,,-0.021472045949337177,-0.015452846287959211,False
Early_VC,euclidean_centered,weights_sorted_fMRI1_test_100_dot_product_rdm.csv,L3,spearman,100,4950,0.818769569206653,0.5892461448742176,0.7779527463571858,0.8528749548521706,0.4966561215077422,0.6677093750457336,False,3,pattern,1000,274131568,,sub-03,subject,0.0352075998699586,,0.13088691130886912,1.1226285320244966,10000,15002009512093258091,0.7489138267586365,0.4669673198254043,,,0.05975024219712821,0.0430006209244843,False
Early_VC,euclidean_centered,weights_sorted_fMRI1_test_100_euclidean_rdm.csv,L1,cosine,100,4950,0.998488179684184,0.9965979740505425,0.9982684360953802,0.99873678254833,0.9961036420774724,0.9971574008298763,False,3,pattern,1000,274131568,0.1584528529687979,F1+F2+F3,group_mean,0.982473229626577,0.981605;0.981644;0.984170,0.38786121387861217,0.24719812985010367,10000,11235205156980393617,,,0.9823450360946047,,0.00899418297958335,0.007941051336191086,False
Early_VC,euclidean_centered,weights_sorted_fMRI1_test_100_euclidean_rdm.csv,L1,cosine,100,4950,0.998488179684184,0.9965979740505425,0.9982684360953802,0.99873678254833,0.9961036420774724,0.9971574008298763,False,3,pattern,1000,274131568,0.1584528529687979,sub-01,subject,0.9816049579580911,,0.45265473452654736,0.11047673820115404,10000,11235205156980393618,0.9987480898111308,0.9971820280044653,0.9815359407640326,0.11204529850440066,0.004582196357268067,0.004071273085731122,False
Early_VC,euclidean_centered,weights_sorted_fMRI1_test_100_euclidean_rdm.csv,L1,cosine,100,4950,0.998488179684184,0.9965979740505425,0.9982684360953802,0.99873678254833,0.9961036420774724,0.9971574008298763,False,3,pattern,1000,274131568,0.1584528529687979,sub-02,subject,0.9816442665671692,,0.31086891310868914,0.48477205870841666,10000,11235205156980393619,0.998692336411497,0.9970566743528217,0.9813350170400401,0.11388073916313636,0.0202614425839161,0.018028717709072266,False
Early_VC,euclidean_centered,weights_sorted_fMRI1_test_100_euclidean_rdm.csv,L1,cosine,100,4950,0.998488179684184,0.9965979740505425,0.9982684360953802,0.99873678254833,0.9961036420774724,0.9971574008298763,False,3,pattern,1000,274131568,0.1584528529687979,sub-03,subject,0.9841704643544706,,0.4981501849815019,-0.006069182891726271,10000,11235205156980393620,0.9980241128299243,0.9955552197943403,0.9841641504797415,0.08457729978396485,0.0005077983207020242,0.0004407890153700461,False
Early_VC,euclidean_centered,weights_sorted_fMRI1_test_100_euclidean_rdm.csv,L2,corr,100,4950,0.8470893829969252,0.6532340768455288,0.7918272399309491,0.8910747222218709,0.5285816426519473,0.7535425946418182,False,3,pattern,1000,274131568,,F1+F2+F3,group_mean,0.007083533731535234,0.003751;0.017259;0.000241,0.39646035396460355,0.22998225901637415,10000,11235205156980393617,,,,,0.010843790890000198,0.00836220341526928,False
Early_VC,euclidean_centered,weights_sorted_fMRI1_test_100_euclidean_rdm.csv,L2,corr,100,4950,0.8470893829969252,0.6532340768455288,0.7918272399309491,0.8910747222218709,0.5285816426519473,0.7535425946418182,False,3,pattern,1000,274131568,,sub-01,subject,0.0037514211721897126,,0.45265473452654736,0.1104767382001352,10000,11235205156980393618,0.8821974581730385,0.7201094226921003,,,0.005742843653082747,0.00442860133474643,False
Early_VC,euclidean_centered,weights_sorted_fMRI1_test_100_euclidean_rdm.csv,L2,corr,100,4950,0.8470893829969252,0.6532340768455288,0.7918272399309491,0.8910747222218709,0.5285816426519473,0.7535425946418182,False,3,pattern,1000,274131568,,sub-02,subject,0.017258558238172305,,0.31086891310868914,0.4847720587077029,10000,11235205156980393619,0.8805929152031113,0.7167630805100892,,,0.02642017440595565,0.020373951774856507,False
Early_VC,euclidean_centered,weights_sorted_fMRI1_test_100_euclidean_rdm.csv,L2,corr,100,4950,0.8470893829969252,0.6532340768455288,0.7918272399309491,0.8910747222218709,0.5285816426519473,0.7535425946418182,False,3,pattern,1000,274131568,,sub-03,subject,0.0002406217842436827,,0.4981501849815019,-0.00606918289354603,10000,11235205156980393620,0.7784777756146256,0.5228297273343968,,,0.00036835461096219397,0.0002840571362049005,False
Early_VC,euclidean_centered,weights_sorted_fMRI1_test_100_euclidean_rdm.csv,L3,spearman,100,4950,0.818769569206653,0.5892461448742176,0.7779527463571858,0.8528749548521706,0.4966561215077422,0.6677093750457336,False,3,pattern,1000,274131568,,F1+F2+F3,group_mean,-0.012916781371004757,-0.017500;-0.002906;-0.018345,0.6382361763823617,-0.36038935468793293,10000,11235205156980393617,,,,,-0.0219208585128071,-0.015775844458313804,False
Early_VC,euclidean_centered,weights_sorted_fMRI1_test_100_euclidean_rdm.csv,L3,spearman,100,4950,0.818769569206653,0.5892461448742176,0.7779527463571858,0.8528749548521706,0.4966561215077422,0.6677093750457336,False,3,pattern,1000,274131568,,sub-01,subject,-0.0174998797741678,,0.6584341565843416,-0.40708405809944315,10000,11235205156980393618,0.8538249693928104,0.6507936496684212,,,-0.029698759892444238,-0.02137338810860339,False
Early_VC,euclidean_centered,weights_sorted_fMRI1_test_100_euclidean_rdm.csv,L3,spearman,100,4950,0.818769569206653,0.5892461448742176,0.7779527463571858,0.8528749548521706,0.4966561215077422,0.6677093750457336,False,3,pattern,1000,274131568,,sub-02,subject,-0.002905696098898964,,0.5187481251874813,-0.048828120215581965,10000,11235205156980393619,0.8535699114685119,0.6499774651288271,,,-0.004931209349734861,-0.0035488569778117656,False
Early_VC,euclidean_centered,weights_sorted_fMRI1_test_100_euclidean_rdm.csv,L3,spearman,100,4950,0.818769569206653,0.5892461448742176,0.7779527463571858,0.8528749548521706,0.4966561215077422,0.6677093750457336,False,3,pattern,1000,274131568,,sub-03,subject,-0.018344768239947504,,0.6733326667333267,-0.4556056112469962,10000,11235205156980393620,0.7489138267586365,0.4669673198254043,,,-0.03113260629624219,-0.022405288288526247,False
Early_VC,crossnobis,weights_sorted_fMRI1_test_100_choice_probability_rdm.csv,L1,cosine,100,4950,0.9989696623366665,0.9976814922420297,0.9988422034749056,0.9991054349884266,0.9973946831037305,0.9979870131040333,False,3,pattern,1000,274131568,0.6215286405986206,F1+F2+F3,group_mean,0.846882964806143,0.846705;0.846245;0.847699,0.40485951404859516,0.2572360898125761,10000,2800807306657969870,,,0.8467154004078842,,0.00110994724857098,0.001100556372846908,False
Early_VC,crossnobis,weights_sorted_fMRI1_test_100_choice_probability_rdm.csv,L1,cosine,100,4950,0.9989696623366665,0.9976814922420297,0.9988422034749056,0.9991054349884266,0.9973946831037305,0.9979870131040333,False,3,pattern,1000,274131568,0.6215286405986206,sub-01,subject,0.8467047824460532,,0.286971302869713,0.5749370718381142,10000,2800807306657969871,0.9990815861593204,0.9979331000866096,0.8462779958523831,0.0848751555158209,0.002818868809817724,0.0027950876658619384,False
Early_VC,crossnobis,weights_sorted_fMRI1_test_100_choice_probability_rdm.csv,L1,cosine,100,4950,0.9989696623366665,0.9976814922420297,0.9988422034749056,0.9991054349884266,0.9973946831037305,0.9979870131040333,False,3,pattern,1000,274131568,0.6215286405986206,sub-02,subject,0.8462451630241041,,0.5528447155284472,-0.12263379008650574,10000,2800807306657969872,0.9990845944747662,0.9979398649044061,0.8462910686573984,0.08469164870639863,-0.00030322679735852743,-0.000300668431559912,False
Early_VC,crossnobis,weights_sorted_fMRI1_test_100_choice_probability_rdm.csv,L1,cosine,100,4950,0.9989696623366665,0.9976814922420297,0.9988422034749056,0.9991054349884266,0.9973946831037305,0.9979870131040333,False,3,pattern,1000,274131568,0.6215286405986206,sub-03,subject,0.8476989489482719,,0.4363563643635636,0.17683641480839987,10000,2800807306657969873,0.9987428063759126,0.9971715117350735,0.8475771367138708,0.06417581080340415,0.0008115169874484895,0.0008046119443479769,False
Early_VC,crossnobis,weights_sorted_fMRI1_test_100_choice_probability_rdm.csv,L2,corr,100,4950,0.8126783076191066,0.5724555125703267,0.7679281004439767,0.8510885779578328,0.46906170591204666,0.6608530673275972,False,3,pattern,1000,274131568,,F1+F2+F3,group_mean,0.0034408668016584413,0.009014;-0.001579;0.002888,0.40705929407059294,0.25543273929602844,10000,2800807306657969870,,,,,0.006010714764906256,0.0042339838154891885,False
Early_VC,crossnobis,weights_sorted_fMRI1_test_100_choice_probability_rdm.csv,L2,corr,100,4950,0.8126783076191066,0.5724555125703267,0.7679281004439767,0.8510885779578328,0.46906170591204666,0.6608530673275972,False,3,pattern,1000,274131568,,sub-01,subject,0.009014234100149508,,0.286971302869713,0.5749370718388599,10000,2800807306657969871,0.8479422599605703,0.6367747399251498,,,0.015746610701110334,0.011092007766958116,False
Early_VC,crossnobis,weights_sorted_fMRI1_test_100_choice_probability_rdm.csv,L2,corr,100,4950,0.8126783076191066,0.5724555125703267,0.7679281004439767,0.8510885779578328,0.46906170591204666,0.6608530673275972,False,3,pattern,1000,274131568,,sub-02,subject,-0.0015791770128989705,,0.5528447155284472,-0.12263379008639048,10000,2800807306657969872,0.8478182412450227,0.6365258435259749,,,-0.0027586021589843055,-0.001943176036684756,False
Early_VC,crossnobis,weights_sorted_fMRI1_test_100_choice_probability_rdm.csv,L2,corr,100,4950,0.8126783076191066,0.5724555125703267,0.7679281004439767,0.8510885779578328,0.46906170591204666,0.6608530673275972,False,3,pattern,1000,274131568,,sub-03,subject,0.0028875433177247855,,0.4363563643635636,0.17683641481150525,10000,2800807306657969873,0.742274421651727,0.4440659542598553,,,0.005044135752592736,0.0035531197161942033,False
Early_VC,crossnobis,weights_sorted_fMRI1_test_100_choice_probability_rdm.csv,L3,spearman,100,4950,0.7992145393443728,0.5449586740974479,0.75553841249134,0.8357536828361911,0.44783321829598804,0.6279218102239169,False,3,pattern,1000,274131568,,F1+F2+F3,group_mean,0.025251561054851976,0.039073;0.025320;0.011362,0.102989701029897,1.2540994556283638,10000,2800807306657969870,,,,,0.046336653135530356,0.0315954725693139,False
Early_VC,crossnobis,weights_sorted_fMRI1_test_100_choice_probability_rdm.csv,L3,spearman,100,4950,0.7992145393443728,0.5449586740974479,0.75553841249134,0.8357536828361911,0.44783321829598804,0.6279218102239169,False,3,pattern,1000,274131568,,sub-01,subject,0.039072945814938136,,0.05699430056994301,1.5725035122873396,10000,2800807306657969871,0.8362859792590368,0.6061915651516857,,,0.07169891529784371,0.04888918293077002,False
Early_VC,crossnobis,weights_sorted_fMRI1_test_100_choice_probability_rdm.csv,L3,spearman,100,4950,0.7992145393443728,0.5449586740974479,0.75553841249134,0.8357536828361911,0.44783321829598804,0.6279218102239169,False,3,pattern,1000,274131568,,sub-02,subject,0.025320143034958983,,0.15058494150584942,1.0174549675644915,10000,2800807306657969872,0.8438684232577619,0.6195189161474226,,,0.04646250117386205,0.031681284296617145,False
Early_VC,crossnobis,weights_sorted_fMRI1_test_100_choice_probability_rdm.csv,L3,spearman,100,4950,0.7992145393443728,0.5449586740974479,0.75553841249134,0.8357536828361911,0.44783321829598804,0.6279218102239169,False,3,pattern,1000,274131568,,sub-03,subject,0.011361594314658817,,0.32556744325567444,0.4682690497535545,10000,2800807306657969873,0.7174892155163198,0.4091655409932352,,,0.020848542934885316,0.014215950480554547,False
Early_VC,crossnobis,weights_sorted_fMRI1_test_100_cosine_rdm.csv,L1,cosine,100,4950,0.9989696623366665,0.9976814922420297,0.9988422034749056,0.9991054349884266,0.9973946831037305,0.9979870131040333,False,3,pattern,1000,274131568,0.2607311040005725,F1+F2+F3,group_mean,0.964437604657617,0.963643;0.964143;0.965527,0.702929707029297,-0.5503179965260779,10000,1744895520482114094,,,0.9646816777662975,,-0.007396196389530169,-0.007118327651474133,False
Early_VC,crossnobis,weights_sorted_fMRI1_test_100_cosine_rdm.csv,L1,cosine,100,4950,0.9989696623366665,0.9976814922420297,0.9988422034749056,0.9991054349884266,0.9973946831037305,0.9979870131040333,False,3,pattern,1000,274131568,0.2607311040005725,sub-01,subject,0.9636428192313847,,0.8291170882911709,-0.9589614628423099,10000,1744895520482114095,0.9990815861593204,0.9979331000866096,0.9641833330329195,0.0848751555158209,-0.016135626980593846,-0.015538109721640735,False
Early_VC,crossnobis,weights_sorted_fMRI1_test_100_cosine_rdm.csv,L1,cosine,100,4950,0.9989696623366665,0.9976814922420297,0.9988422034749056,0.9991054349884266,0.9973946831037305,0.9979870131040333,False,3,pattern,1000,274131568,0.2607311040005725,sub-02,subject,0.9641430367827889,,0.5453454654534546,-0.12853683195844998,10000,1744895520482114096,0.9990845944747662,0.9979398649044061,0.9641982271702758,0.08469164870639863,-0.0016482976605967897,-0.001587233521504456,False
Early_VC,crossnobis,weights_sorted_fMRI1_test_100_cosine_rdm.csv,L1,cosine,100,4950,0.9989696623366665,0.9976814922420297,0.9988422034749056,0.9991054349884266,0.9973946831037305,0.9979870131040333,False,3,pattern,1000,274131568,0.2607311040005725,sub-03,subject,0.9655269579586769,,0.6344365563443656,-0.34528434796111884,10000,1744895520482114097,0.9987428063759126,0.9971715117350735,0.9656634730956973,0.06417581080340415,-0.004263697151172335,-0.0040987918501488195,False
Early_VC,crossnobis,weights_sorted_fMRI1_test_100_cosine_rdm.csv,L2,corr,100,4950,0.8126783076191066,0.5724555125703267,0.7679281004439767,0.8510885779578328,0.46906170591204666,0.6608530673275972,False,3,pattern,1000,274131568,,F1+F2+F3,group_mean,-0.01247880229685387,-0.025660;-0.002916;-0.008859,0.7016298370162983,-0.5437701672506924,10000,1744895520482114094,,,,,-0.021798728500008704,-0.015355156129874882,False
Early_VC,crossnobis,weights_sorted_fMRI1_test_100_cosine_rdm.csv,L2,corr,100,4950,0.8126783076191066,0.5724555125703267,0.7679281004439767,0.8510885779578328,0.46906170591204666,0.6608530673275972,False,3,pattern,1000,274131568,,sub-01,subject,-0.025660443635942963,,0.8291170882911709,-0.9589614628424992,10000,1744895520482114095,0.8479422599605703,0.6367747399251498,,,-0.0448252188553963,-0.03157515513256413,False
Early_VC,crossnobis,weights_sorted_fMRI1_test_100_cosine_rdm.csv,L2,corr,100,4950,0.8126783076191066,0.5724555125703267,0.7679281004439767,0.8510885779578328,0.46906170591204666,0.6608530673275972,False,3,pattern,1000,274131568,,sub-02,subject,-0.00291649413813914,,0.5453454654534546,-0.1285368319578202,10000,1744895520482114096,0.8478182412450227,0.6365258435259749,,,-0.00509470880111552,-0.00358874367729041,False
Early_VC,crossnobis,weights_sorted_fMRI1_test_100_cosine_rdm.csv,L2,corr,100,4950,0.8126783076191066,0.5724555125703267,0.7679281004439767,0.8510885779578328,0.46906170591204666,0.6608530673275972,False,3,pattern,1000,274131568,,sub-03,subject,-0.008859469116479507,,0.6344365563443656,-0.3452843479597757,10000,1744895520482114097,0.742274421651727,0.4440659542598553,,,-0.015476257843514281,-0.010901569579770107,False
Early_VC,crossnobis,weights_sorted_fMRI1_test_100_cosine_rdm.csv,L3,spearman,100,4950,0.7992145393443728,0.5449586740974479,0.75553841249134,0.8357536828361911,0.44783321829598804,0.6279218102239169,False,3,pattern,1000,274131568,,F1+F2+F3,group_mean,-0.0332112436796959,-0.056979;-0.027750;-0.014905,0.8687131286871312,-1.1161193992494698,10000,1744895520482114094,,,,,-0.06094268291939722,-0.04155485422842831,False
Early_VC,crossnobis,weights_sorted_fMRI1_test_100_cosine_rdm.csv,L3,spearman,100,4950,0.7992145393443728,0.5449586740974479,0.75553841249134,0.8357536828361911,0.44783321829598804,0.6279218102239169,False,3,pattern,1000,274131568,,sub-01,subject,-0.05697879714228333,,0.9466053394660534,-1.5914203672065554,10000,1744895520482114095,0.8362859792590368,0.6061915651516857,,,-0.10455617985464812,-0.07129349422124538,False
Early_VC,crossnobis,weights_sorted_fMRI1_test_100_cosine_rdm.csv,L3,spearman,100,4950,0.7992145393443728,0.5449586740974479,0.75553841249134,0.8357536828361911,0.44783321829598804,0.6279218102239169,False,3,pattern,1000,274131568,,sub-02,subject,-0.02775000853437996,,0.7834216578342166,-0.7926951371117779,10000,1744895520482114096,0.8438684232577619,0.6195189161474226,,,-0.05092130807962474,-0.03472160123256064,False
Early_VC,crossnobis,weights_sorted_fMRI1_test_100_cosine_rdm.csv,L3,spearman,100,4950,0.7992145393443728,0.5449586740974479,0.75553841249134,0.8357536828361911,0.44783321829598804,0.6279218102239169,False,3,pattern,1000,274131568,,sub-03,subject,-0.014904925362424413,,0.6718328167183282,-0.43791554322776394,10000,1744895520482114097,0.7174892155163198,0.4091655409932352,,,-0.02735056082391884,-0.018649467231478936,False
Early_VC,crossnobis,weights_sorted_fMRI1_test_100_dot_product_rdm.csv,L1,cosine,100,4950,0.9989696623366665,0.9976814922420297,0.9988422034749056,0.9991054349884266,0.9973946831037305,0.9979870131040333,False,3,pattern,1000,274131568,0.5589913503125625,F1+F2+F3,group_mean,0.8700378075763986,0.869940;0.868910;0.871264,0.6021397860213978,-0.23504409273572743,10000,3270632268298635824,,,0.8702034912944111,,-0.0012997043943338165,-0.0012867022190023824,False
Early_VC,crossnobis,weights_sorted_fMRI1_test_100_dot_product_rdm.csv,L1,cosine,100,4950,0.9989696623366665,0.9976814922420297,0.9988422034749056,0.9991054349884266,0.9973946831037305,0.9979870131040333,False,3,pattern,1000,274131568,0.5589913503125625,sub-01,subject,0.8699402117611914,,0.44555544445555445,0.14881680341122758,10000,3270632268298635825,0.9990815861593204,0.9979331000866096,0.8697539530302888,0.0848751555158209,0.0014559705599771003,0.0014414557788866135,False
Early_VC,crossnobis,weights_sorted_fMRI1_test_100_dot_product_rdm.csv,L1,cosine,100,4950,0.9989696623366665,0.9976814922420297,0.9988422034749056,0.9991054349884266,0.9973946831037305,0.9979870131040333,False,3,pattern,1000,274131568,0.5589913503125625,sub-02,subject,0.8689095869935886,,0.7972202779722027,-0.8315848748337452,10000,3270632268298635826,0.9990845944747662,0.9979398649044061,0.8697673884780909,0.08469164870639863,-0.0067060743050302105,-0.006639213528403263,False
Early_VC,crossnobis,weights_sorted_fMRI1_test_100_dot_product_rdm.csv,L1,cosine,100,4950,0.9989696623366665,0.9976814922420297,0.9988422034749056,0.9991054349884266,0.9973946831037305,0.9979870131040333,False,3,pattern,1000,274131568,0.5589913503125625,sub-03,subject,0.8712636239744158,,0.41755824417558246,0.19703896472328025,10000,3270632268298635827,0.9987428063759126,0.9971715117350735,0.871089132374854,0.06417581080340415,0.0013783738587772984,0.001364489180752925,False
Early_VC,crossnobis,weights_sorted_fMRI1_test_100_dot_product_rdm.csv,L2,corr,100,4950,0.8126783076191066,0.5724555125703267,0.7679281004439767,0.8510885779578328,0.46906170591204666,0.6608530673275972,False,3,pattern,1000,274131568,,F1+F2+F3,group_mean,-0.004154730831944054,0.003992;-0.021359;0.004903,0.5906409359064093,-0.20082546658264946,10000,3270632268298635824,,,,,-0.007257735737907916,-0.005112392927179411,False
Early_VC,crossnobis,weights_sorted_fMRI1_test_100_dot_product_rdm.csv,L2,corr,100,4950,0.8126783076191066,0.5724555125703267,0.7679281004439767,0.8510885779578328,0.46906170591204666,0.6608530673275972,False,3,pattern,1000,274131568,,sub-01,subject,0.003992307701676771,,0.44555544445555445,0.14881680341144685,10000,3270632268298635825,0.8479422599605703,0.6367747399251498,,,0.006974005165486658,0.004912531396799534,False
Early_VC,crossnobis,weights_sorted_fMRI1_test_100_dot_product_rdm.csv,L2,corr,100,4950,0.8126783076191066,0.5724555125703267,0.7679281004439767,0.8510885779578328,0.46906170591204666,0.6608530673275972,False,3,pattern,1000,274131568,,sub-02,subject,-0.021359308572508545,,0.7972202779722027,-0.8315848748331883,10000,3270632268298635826,0.8478182412450227,0.6365258435259749,,,-0.037311735328751046,-0.026282611916989197,False
Early_VC,crossnobis,weights_sorted_fMRI1_test_100_dot_product_rdm.csv,L2,corr,100,4950,0.8126783076191066,0.5724555125703267,0.7679281004439767,0.8510885779578328,0.46906170591204666,0.6608530673275972,False,3,pattern,1000,274131568,,sub-03,subject,0.004902808374999613,,0.41755824417558246,0.1970389647214985,10000,3270632268298635827,0.742274421651727,0.4440659542598553,,,0.008564522949540639,0.006032901738651434,False
Early_VC,crossnobis,weights_sorted_fMRI1_test_100_dot_product_rdm.csv,L3,spearman,100,4950,0.7992145393443728,0.5449586740974479,0.75553841249134,0.8357536828361911,0.44783321829598804,0.6279218102239169,False,3,pattern,1000,274131568,,F1+F2+F3,group_mean,0.026564019490832386,0.044905;0.014287;0.020500,0.17698230176982302,0.9257458121851176,10000,3270632268298635824,,,,,0.04874501637179609,0.03323765795430086,False
Early_VC,crossnobis,weights_sorted_fMRI1_test_100_dot_product_rdm.csv,L3,spearman,100,4950,0.7992145393443728,0.5449586740974479,0.75553841249134,0.8357536828361911,0.44783321829598804,0.6279218102239169,False,3,pattern,1000,274131568,,sub-01,subject,0.04490493316620481,,0.101989801019898,1.2648422725698467,10000,3270632268298635825,0.8362859792590368,0.6061915651516857,,,0.08240062100227262,0.05618633164887377,False
Early_VC,crossnobis,weights_sorted_fMRI1_test_100_dot_product_rdm.csv,L3,spearman,100,4950,0.7992145393443728,0.5449586740974479,0.75553841249134,0.8357536828361911,0.44783321829598804,0.6279218102239169,False,3,pattern,1000,274131568,,sub-02,subject,0.014287286543402136,,0.34456554344565543,0.40794797681963496,10000,3270632268298635826,0.8438684232577619,0.6195189161474226,,,0.026217192646881927,0.017876659945554242,False
Early_VC,crossnobis,weights_sorted_fMRI1_test_100_dot_product_rdm.csv,L3,spearman,100,4950,0.7992145393443728,0.5449586740974479,0.75553841249134,0.8357536828361911,0.44783321829598804,0.6279218102239169,False,3,pattern,1000,274131568,,sub-03,subject,0.02049983876289022,,0.26977302269773024,0.6176316967872575,10000,3270632268298635827,0.7174892155163198,0.4091655409932352,,,0.03761723546623372,0.02564998226847455,False
Early_VC,crossnobis,weights_sorted_fMRI1_test_100_euclidean_rdm.csv,L1,cosine,100,4950,0.9989696623366665,0.9976814922420297,0.9988422034749056,0.9991054349884266,0.9973946831037305,0.9979870131040333,False,3,pattern,1000,274131568,0.1584528529687979,F1+F2+F3,group_mean,0.9844963389107706,0.983734;0.984022;0.985733,0.6548345165483451,-0.40932354218372974,10000,14613385686624878609,,,0.9846481504624286,,-0.011647937591539526,-0.010600246188468635,False
Early_VC,crossnobis,weights_sorted_fMRI1_test_100_euclidean_rdm.csv,L1,cosine,100,4950,0.9989696623366665,0.9976814922420297,0.9988422034749056,0.9991054349884266,0.9973946831037305,0.9979870131040333,False,3,pattern,1000,274131568,0.1584528529687979,sub-01,subject,0.9837342458504107,,0.7912208779122087,-0.8143109327559075,10000,14613385686624878610,0.9990815861593204,0.9979331000866096,0.984139491252533,0.0848751555158209,-0.029925075506683885,-0.02732574019701238,False
Early_VC,crossnobis,weights_sorted_fMRI1_test_100_euclidean_rdm.csv,L1,cosine,100,4950,0.9989696623366665,0.9976814922420297,0.9988422034749056,0.9991054349884266,0.9973946831037305,0.9979870131040333,False,3,pattern,1000,274131568,0.1584528529687979,sub-02,subject,0.9840215752891899,,0.6036396360363964,-0.27642236897740996,10000,14613385686624878611,0.9990845944747662,0.9979398649044061,0.9841546936608907,0.08469164870639863,-0.009841084784572515,-0.008985396770935357,False
Early_VC,crossnobis,weights_sorted_fMRI1_test_100_euclidean_rdm.csv,L1,cosine,100,4950,0.9989696623366665,0.9976814922420297,0.9988422034749056,0.9991054349884266,0.9973946831037305,0.9979870131040333,False,3,pattern,1000,274131568,0.1584528529687979,sub-03,subject,0.9857331955927112,,0.41815818418158185,0.2106276161943242,10000,14613385686624878612,0.9987428063759126,0.9971715117350735,0.9856502664738621,0.06417581080340415,0.006892823761027042,0.0062261922164723385,False
Early_VC,crossnobis,weights_sorted_fMRI1_test_100_euclidean_rdm.csv,L2,corr,100,4950,0.8126783076191066,0.5724555125703267,0.7679281004439767,0.8510885779578328,0.46906170591204666,0.6608530673275972,False,3,pattern,1000,274131568,,F1+F2+F3,group_mean,-0.011063327638747457,-0.030862;-0.010319;0.007992,0.639036096390361,-0.3612254185495476,10000,14613385686624878609,,,,,-0.01932609154041174,-0.013613415708313353,False
Early_VC,crossnobis,weights_sorted_fMRI1_test_100_euclidean_rdm.csv,L2,corr,100,4950,0.8126783076191066,0.5724555125703267,0.7679281004439767,0.8510885779578328,0.46906170591204666,0.6608530673275972,False,3,pattern,1000,274131568,,sub-01,subject,-0.030862092455626797,,0.7912208779122087,-0.8143109327573359,10000,14613385686624878610,0.8479422599605703,0.6367747399251498,,,-0.05391177441379842,-0.03797577979661236,False
Early_VC,crossnobis,weights_sorted_fMRI1_test_100_euclidean_rdm.csv,L2,corr,100,4950,0.8126783076191066,0.5724555125703267,0.7679281004439767,0.8510885779578328,0.46906170591204666,0.6608530673275972,False,3,pattern,1000,274131568,,sub-02,subject,-0.010319395883503323,,0.6036396360363964,-0.2764223689774101,10000,14613385686624878611,0.8478182412450227,0.6365258435259749,,,-0.018026546442306425,-0.012698008285388996,False
Early_VC,crossnobis,weights_sorted_fMRI1_test_100_euclidean_rdm.csv,L2,corr,100,4950,0.8126783076191066,0.5724555125703267,0.7679281004439767,0.8510885779578328,0.46906170591204666,0.6608530673275972,False,3,pattern,1000,274131568,,sub-03,subject,0.007991505422887749,,0.41815818418158185,0.21062761620035642,10000,14613385686624878612,0.742274421651727,0.4440659542598553,,,0.013960046234869622,0.009833540957061302,False
Early_VC,crossnobis,weights_sorted_fMRI1_test_100_euclidean_rdm.csv,L3,spearman,100,4950,0.7992145393443728,0.5449586740974479,0.75553841249134,0.8357536828361911,0.44783321829598804,0.6279218102239169,False,3,pattern,1000,274131568,,F1+F2+F3,group_mean,-0.03362982823618411,-0.063889;-0.042055;0.005054,0.806019398060194,-0.874760096027989,10000,14613385686624878609,,,,,-0.06171078622040709,-0.042078599150325746,False
Early_VC,crossnobis,weights_sorted_fMRI1_test_100_euclidean_rdm.csv,L3,spearman,100,4950,0.7992145393443728,0.5449586740974479,0.75553841249134,0.8357536828361911,0.44783321829598804,0.6279218102239169,False,3,pattern,1000,274131568,,sub-01,subject,-0.06388917146777559,,0.9157084291570843,-1.3577439352050265,10000,14613385686624878610,0.8362859792590368,0.6061915651516857,,,-0.11723672730521785,-0.07993995144305857,False
Early_VC,crossnobis,weights_sorted_fMRI1_test_100_euclidean_rdm.csv,L3,spearman,100,4950,0.7992145393443728,0.5449586740974479,0.75553841249134,0.8357536828361911,0.44783321829598804,0.6279218102239169,False,3,pattern,1000,274131568,,sub-02,subject,-0.04205479459153299,,0.8197180281971803,-0.9034502126629548,10000,14613385686624878611,0.8438684232577619,0.6195189161474226,,,-0.07717061236098954,-0.05262015706825378,False
Early_VC,crossnobis,weights_sorted_fMRI1_test_100_euclidean_rdm.csv,L3,spearman,100,4950,0.7992145393443728,0.5449586740974479,0.75553841249134,0.8357536828361911,0.44783321829598804,0.6279218102239169,False,3,pattern,1000,274131568,,sub-03,subject,0.005054481350756274,,0.46765323467653236,0.08709608606472256,10000,14613385686624878612,0.7174892155163198,0.4091655409932352,,,0.009274981004986162,0.006324311060335144,False
