roi,brain_metric,model_rdm,level,comparator,n_stimuli,n_cells,r_sb_model,l1_cv_model,subject,row_type,score_obs,score_per_subject,perm_p,perm_z,n_perm,perm_seed,nili_upper,nili_lower,nili_upper_ci_lo,nili_upper_ci_hi,nili_lower_ci_lo,nili_lower_ci_hi,nili_crossed,l1_baseline,l1_cv_brain,achievement_nili_lower,achievement_nili_upper,r_hh_brain,r_sb_brain,split_mode,n_splits,ceiling_one_sided,ceiling_two_sided,achievement_one_sided,achievement_two_sided,degenerate
LOC,correlation,weights_sorted_fMRI1_test_100_choice_probability_rdm.csv,L1,l1_r0,100,4950,1.0,0.6215286405986206,F1+F2+F3,nili,0.8324823205489197,0.832220;0.829365;0.835862,1.0,-4.951609520521758,1000,3589424845165706227,0.9932821775910972,0.9848752464191871,0.993282177591097,1.0000000000000002,0.9848752464191871,1.0,False,0.8374631550978231,,-0.03378850747083563,-0.03196551017458995,,,,,,,,,False
LOC,correlation,weights_sorted_fMRI1_test_100_choice_probability_rdm.csv,L1,l1_r0,100,4950,1.0,0.6215286405986206,sub-01,split_half,0.8322195968225834,,1.0,-4.556644241616321,1000,3589424845165706228,,,,,,,False,0.8381397295790025,0.1638855755675248,,,0.9873799073643864,0.993649884157101,all,462.0,0.99681988551448,0.99681988551448,-0.0373085892279206,-0.0373085892279206,False
LOC,correlation,weights_sorted_fMRI1_test_100_choice_probability_rdm.csv,L1,l1_r0,100,4950,1.0,0.6215286405986206,sub-02,split_half,0.8293650879119242,,0.998001998001998,-2.8632946257137846,1000,3589424845165706229,,,,,,,False,0.8339246173557449,0.19304229597369058,,,0.9881640080751104,0.9940467728633972,all,462.0,0.997018943081523,0.997018943081523,-0.027956395316210508,-0.027956395316210508,False
LOC,correlation,weights_sorted_fMRI1_test_100_choice_probability_rdm.csv,L1,l1_r0,100,4950,1.0,0.6215286405986206,sub-03,split_half,0.8358622769122515,,0.999000999000999,-3.7223283388097883,1000,3589424845165706230,,,,,,,False,0.8403251183587217,0.1467120805157802,,,0.9897458686497292,0.994846512053708,all,462.0,0.997419927640163,0.997419927640163,-0.028408586298194594,-0.028408586298194594,False
LOC,correlation,weights_sorted_fMRI1_test_100_choice_probability_rdm.csv,L2,pearson,100,4950,1.0,,F1+F2+F3,nili,-0.05802860201678226,-0.069659;-0.045843;-0.058584,1.0,-5.0022646132152975,1000,3589424845165706227,0.7241934905900479,0.35848481513640684,0.7241934905900479,1.0,0.35848481513640684,1.0,False,,,-0.16187185500368217,-0.08012858824442423,,,,,,,,,False
LOC,correlation,weights_sorted_fMRI1_test_100_choice_probability_rdm.csv,L2,pearson,100,4950,1.0,,sub-01,split_half,-0.06965888772964877,,1.0,-4.556644241616423,1000,3589424845165706228,,,,,,,False,,,,,0.2821658191902222,0.4401393563407107,all,462.0,0.6634299935492144,0.6634299935492144,-0.10499809837807907,-0.10499809837807907,False
LOC,correlation,weights_sorted_fMRI1_test_100_choice_probability_rdm.csv,L2,pearson,100,4950,1.0,,sub-02,split_half,-0.04584271650760077,,0.998001998001998,-2.863294625713771,1000,3589424845165706229,,,,,,,False,,,,,0.4736228051643895,0.6428005911751001,all,462.0,0.8017484587918459,0.8017484587918459,-0.05717842797812312,-0.05717842797812312,False
LOC,correlation,weights_sorted_fMRI1_test_100_choice_probability_rdm.csv,L2,pearson,100,4950,1.0,,sub-03,split_half,-0.05858420181309724,,0.999000999000999,-3.7223283388096333,1000,3589424845165706230,,,,,,,False,,,,,0.2490682284967973,0.3988064427778149,all,462.0,0.6315112372537918,0.6315112372537918,-0.09276826500801191,-0.09276826500801191,False
LOC,correlation,weights_sorted_fMRI1_test_100_choice_probability_rdm.csv,L3,spearman,100,4950,1.0,,F1+F2+F3,nili,-0.05865503456021221,-0.072449;-0.051216;-0.052299,0.998001998001998,-3.226301224069691,1000,3589424845165706227,0.7166139740598725,0.3487817515255589,0.7166139740598725,0.9999999999999999,0.3487817515255589,0.9999999999999999,False,,,-0.1681711680833564,-0.0818502522744716,,,,,,,,,False
LOC,correlation,weights_sorted_fMRI1_test_100_choice_probability_rdm.csv,L3,spearman,100,4950,1.0,,sub-01,split_half,-0.0724492278658325,,0.999000999000999,-3.1248221203355286,1000,3589424845165706228,,,,,,,False,,,,,0.2486916142364831,0.3983235114276738,all,462.0,0.6311287597849379,0.6311287597849379,-0.11479310163352427,-0.11479310163352427,False
LOC,correlation,weights_sorted_fMRI1_test_100_choice_probability_rdm.csv,L3,spearman,100,4950,1.0,,sub-02,split_half,-0.05121643722210463,,0.968031968031968,-1.9720605506012912,1000,3589424845165706229,,,,,,,False,,,,,0.4397427815640964,0.61086297801941,all,462.0,0.7815772373984609,0.7815772373984609,-0.06552959166592726,-0.06552959166592726,False
LOC,correlation,weights_sorted_fMRI1_test_100_choice_probability_rdm.csv,L3,spearman,100,4950,1.0,,sub-03,split_half,-0.052299438592699525,,0.975024975024975,-2.138267815382114,1000,3589424845165706230,,,,,,,False,,,,,0.2337793407971959,0.3789645896423285,all,462.0,0.6156009987340245,0.6156009987340245,-0.08495671498300465,-0.08495671498300465,False
LOC,correlation,weights_sorted_fMRI1_test_100_choice_probability_rdm.csv,L3,kendall,100,4950,1.0,,F1+F2+F3,nili,-0.039374032641359365,-0.048144;-0.034553;-0.035425,0.998001998001998,-3.245030893294106,1000,3589424845165706227,0.5196593248827691,0.23688202076827422,0.5196593248827691,0.9999999999999999,0.23688202076827422,0.9999999999999999,False,,,-0.16621790253924057,-0.07576893313757398,,,,,,,,,False
LOC,correlation,weights_sorted_fMRI1_test_100_choice_probability_rdm.csv,L3,kendall,100,4950,1.0,,sub-01,split_half,-0.04814350822837385,,0.999000999000999,-3.113167412130905,1000,3589424845165706228,,,,,,,False,,,,,0.1679771744291665,0.2876377691392183,all,462.0,0.5363187197359591,0.5363187197359591,-0.0897666004499636,-0.0897666004499636,False
LOC,correlation,weights_sorted_fMRI1_test_100_choice_probability_rdm.csv,L3,kendall,100,4950,1.0,,sub-02,split_half,-0.03455341452512598,,0.9690309690309691,-1.994323221257059,1000,3589424845165706229,,,,,,,False,,,,,0.3032019957892953,0.4653184951664511,all,462.0,0.6821425768609163,0.6821425768609163,-0.05065424105930154,-0.05065424105930154,False
LOC,correlation,weights_sorted_fMRI1_test_100_choice_probability_rdm.csv,L3,kendall,100,4950,1.0,,sub-03,split_half,-0.03542517517057828,,0.9790209790209791,-2.1738138207530486,1000,3589424845165706230,,,,,,,False,,,,,0.1574359485599589,0.2720426106616702,all,462.0,0.5215770419235016,0.5215770419235016,-0.06791935289163666,-0.06791935289163666,False
LOC,correlation,weights_sorted_fMRI1_test_100_cosine_rdm.csv,L1,l1_r0,100,4950,1.0,0.2607311040005725,F1+F2+F3,nili,0.9566505143285653,0.958873;0.951293;0.959785,0.001998001998001998,3.1661998541771825,1000,13730506320845282528,0.9932821775910972,0.9848752464191871,0.993282177591097,1.0000000000000002,0.9848752464191871,1.0,False,0.9541403890115218,,0.0816703095039413,0.06412903978417947,,,,,,,,,False
LOC,correlation,weights_sorted_fMRI1_test_100_cosine_rdm.csv,L1,l1_r0,100,4950,1.0,0.2607311040005725,sub-01,split_half,0.9588730843446697,,0.000999000999000999,3.61694385635651,1000,13730506320845282529,,,,,,,False,0.9549112253578592,0.1638855755675248,,,0.9873799073643864,0.993649884157101,all,462.0,0.99681988551448,0.99681988551448,0.0945355678755708,0.0945355678755708,False
LOC,correlation,weights_sorted_fMRI1_test_100_cosine_rdm.csv,L1,l1_r0,100,4950,1.0,0.2607311040005725,sub-02,split_half,0.9512929607941025,,0.18281718281718282,0.9033248102054062,1000,13730506320845282530,,,,,,,False,0.9501088543019571,0.19304229597369058,,,0.9881640080751104,0.9940467728633972,all,462.0,0.997018943081523,0.997018943081523,0.02524204329924864,0.02524204329924864,False
LOC,correlation,weights_sorted_fMRI1_test_100_cosine_rdm.csv,L1,l1_r0,100,4950,1.0,0.2607311040005725,sub-03,split_half,0.9597854978469236,,0.01098901098901099,2.6153664191189576,1000,13730506320845282531,,,,,,,False,0.9574010873747489,0.1467120805157802,,,0.9897458686497292,0.994846512053708,all,462.0,0.997419927640163,0.997419927640163,0.05958219819366791,0.05958219819366791,False
LOC,correlation,weights_sorted_fMRI1_test_100_cosine_rdm.csv,L2,pearson,100,4950,1.0,,F1+F2+F3,nili,0.06212155485911656,0.096903;0.024566;0.064896,0.001998001998001998,3.2967944742275757,1000,13730506320845282528,0.7241934905900479,0.35848481513640684,0.7241934905900479,1.0,0.35848481513640684,1.0,False,,,0.1732892224053583,0.08578032758690231,,,,,,,,,False
LOC,correlation,weights_sorted_fMRI1_test_100_cosine_rdm.csv,L2,pearson,100,4950,1.0,,sub-01,split_half,0.09690264000219638,,0.000999000999000999,3.6169438563561687,1000,13730506320845282529,,,,,,,False,,,,,0.2821658191902222,0.4401393563407107,all,462.0,0.6634299935492144,0.6634299935492144,0.1460630977562337,0.1460630977562337,False
LOC,correlation,weights_sorted_fMRI1_test_100_cosine_rdm.csv,L2,pearson,100,4950,1.0,,sub-02,split_half,0.02456609174218573,,0.18281718281718282,0.9033248102056229,1000,13730506320845282530,,,,,,,False,,,,,0.4736228051643895,0.6428005911751001,all,462.0,0.8017484587918459,0.8017484587918459,0.030640647291301757,0.030640647291301757,False
LOC,correlation,weights_sorted_fMRI1_test_100_cosine_rdm.csv,L2,pearson,100,4950,1.0,,sub-03,split_half,0.06489593283296757,,0.01098901098901099,2.615366419119044,1000,13730506320845282531,,,,,,,False,,,,,0.2490682284967973,0.3988064427778149,all,462.0,0.6315112372537918,0.6315112372537918,0.10276291062559065,0.10276291062559065,False
LOC,correlation,weights_sorted_fMRI1_test_100_cosine_rdm.csv,L3,spearman,100,4950,1.0,,F1+F2+F3,nili,0.055418825976926184,0.091444;0.024717;0.050096,0.01998001998001998,2.167155505213651,1000,13730506320845282528,0.7166139740598725,0.3487817515255589,0.7166139740598725,0.9999999999999999,0.3487817515255589,0.9999999999999999,False,,,0.1588925617080774,0.07733428035593398,,,,,,,,,False
LOC,correlation,weights_sorted_fMRI1_test_100_cosine_rdm.csv,L3,spearman,100,4950,1.0,,sub-01,split_half,0.0914440962272312,,0.003996003996003996,2.602469335704278,1000,13730506320845282529,,,,,,,False,,,,,0.2486916142364831,0.3983235114276738,all,462.0,0.6311287597849379,0.6311287597849379,0.14488976268232728,0.14488976268232728,False
LOC,correlation,weights_sorted_fMRI1_test_100_cosine_rdm.csv,L3,spearman,100,4950,1.0,,sub-02,split_half,0.024716674693862732,,0.23576423576423577,0.6891847134912455,1000,13730506320845282530,,,,,,,False,,,,,0.4397427815640964,0.61086297801941,all,462.0,0.7815772373984609,0.7815772373984609,0.0316240974163143,0.0316240974163143,False
LOC,correlation,weights_sorted_fMRI1_test_100_cosine_rdm.csv,L3,spearman,100,4950,1.0,,sub-03,split_half,0.05009570700968463,,0.07892107892107893,1.4844354957008459,1000,13730506320845282531,,,,,,,False,,,,,0.2337793407971959,0.3789645896423285,all,462.0,0.6156009987340245,0.6156009987340245,0.08137690990220257,0.08137690990220257,False
LOC,correlation,weights_sorted_fMRI1_test_100_cosine_rdm.csv,L3,kendall,100,4950,1.0,,F1+F2+F3,nili,0.03710479891526567,0.060709;0.016848;0.033757,0.01998001998001998,2.174246479474191,1000,13730506320845282528,0.5196593248827691,0.23688202076827422,0.5196593248827691,0.9999999999999999,0.23688202076827422,0.9999999999999999,False,,,0.15663830794301947,0.07140216125946784,,,,,,,,,False
LOC,correlation,weights_sorted_fMRI1_test_100_cosine_rdm.csv,L3,kendall,100,4950,1.0,,sub-01,split_half,0.060708846394843564,,0.003996003996003996,2.589417042857723,1000,13730506320845282529,,,,,,,False,,,,,0.1679771744291665,0.2876377691392183,all,462.0,0.5363187197359591,0.5363187197359591,0.11319546411643397,0.11319546411643397,False
LOC,correlation,weights_sorted_fMRI1_test_100_cosine_rdm.csv,L3,kendall,100,4950,1.0,,sub-02,split_half,0.016848297074605417,,0.23076923076923078,0.7026513437692075,1000,13730506320845282530,,,,,,,False,,,,,0.3032019957892953,0.4653184951664511,all,462.0,0.6821425768609163,0.6821425768609163,0.024699084393966304,0.024699084393966304,False
LOC,correlation,weights_sorted_fMRI1_test_100_cosine_rdm.csv,L3,kendall,100,4950,1.0,,sub-03,split_half,0.033757253276348036,,0.07792207792207792,1.4991059444835126,1000,13730506320845282531,,,,,,,False,,,,,0.1574359485599589,0.2720426106616702,all,462.0,0.5215770419235016,0.5215770419235016,0.06472150912136797,0.06472150912136797,False
LOC,correlation,weights_sorted_fMRI1_test_100_dot_product_rdm.csv,L1,l1_r0,100,4950,1.0,0.5589913503125625,F1+F2+F3,nili,0.8567218070570434,0.855565;0.854638;0.859962,0.999000999000999,-2.6816170235305132,1000,13116174186720867661,0.9932821775910972,0.9848752464191871,0.993282177591097,1.0000000000000002,0.9848752464191871,1.0,False,0.8606945864519471,,-0.03199193333286968,-0.02996343293343559,,,,,,,,,False
LOC,correlation,weights_sorted_fMRI1_test_100_dot_product_rdm.csv,L1,l1_r0,100,4950,1.0,0.5589913503125625,sub-01,split_half,0.8555650296748525,,0.991008991008991,-2.953346937023035,1000,13116174186720867662,,,,,,,False,0.861389929273584,0.1638855755675248,,,0.9873799073643864,0.993649884157101,all,462.0,0.99681988551448,0.99681988551448,-0.04301042221685816,-0.04301042221685816,False
LOC,correlation,weights_sorted_fMRI1_test_100_dot_product_rdm.csv,L1,l1_r0,100,4950,1.0,0.5589913503125625,sub-02,split_half,0.8546381961143622,,0.8461538461538461,-0.99078109402613,1000,13116174186720867663,,,,,,,False,0.8570578888133424,0.19304229597369058,,,0.9881640080751104,0.9940467728633972,all,462.0,0.997018943081523,0.997018943081523,-0.01728832861135672,-0.01728832861135672,False
LOC,correlation,weights_sorted_fMRI1_test_100_dot_product_rdm.csv,L1,l1_r0,100,4950,1.0,0.5589913503125625,sub-03,split_half,0.8599621953819155,,0.985014985014985,-2.145364850039977,1000,13116174186720867664,,,,,,,False,0.8636359412689146,0.1467120805157802,,,0.9897458686497292,0.994846512053708,all,462.0,0.997419927640163,0.997419927640163,-0.027460281208877328,-0.027460281208877328,False
LOC,correlation,weights_sorted_fMRI1_test_100_dot_product_rdm.csv,L2,pearson,100,4950,1.0,,F1+F2+F3,nili,-0.0509135913255311,-0.074119;-0.026424;-0.052197,1.0,-2.766629210063484,1000,13116174186720867661,0.7241934905900479,0.35848481513640684,0.7241934905900479,1.0,0.35848481513640684,1.0,False,,,-0.14202440152495163,-0.07030385109378498,,,,,,,,,False
LOC,correlation,weights_sorted_fMRI1_test_100_dot_product_rdm.csv,L2,pearson,100,4950,1.0,,sub-01,split_half,-0.0741190475975398,,0.991008991008991,-2.9533469370230985,1000,13116174186720867662,,,,,,,False,,,,,0.2821658191902222,0.4401393563407107,all,462.0,0.6634299935492144,0.6634299935492144,-0.11172097782468064,-0.11172097782468064,False
LOC,correlation,weights_sorted_fMRI1_test_100_dot_product_rdm.csv,L2,pearson,100,4950,1.0,,sub-02,split_half,-0.026424401830886596,,0.8461538461538461,-0.990781094026071,1000,13116174186720867663,,,,,,,False,,,,,0.4736228051643895,0.6428005911751001,all,462.0,0.8017484587918459,0.8017484587918459,-0.032958469132208255,-0.032958469132208255,False
LOC,correlation,weights_sorted_fMRI1_test_100_dot_product_rdm.csv,L2,pearson,100,4950,1.0,,sub-03,split_half,-0.05219732454816691,,0.985014985014985,-2.1453648500399294,1000,13116174186720867664,,,,,,,False,,,,,0.2490682284967973,0.3988064427778149,all,462.0,0.6315112372537918,0.6315112372537918,-0.08265462507865058,-0.08265462507865058,False
LOC,correlation,weights_sorted_fMRI1_test_100_dot_product_rdm.csv,L3,spearman,100,4950,1.0,,F1+F2+F3,nili,-0.04234800477479724,-0.069822;-0.020560;-0.036662,0.9560439560439561,-1.669839392104699,1000,13116174186720867661,0.7166139740598725,0.3487817515255589,0.7166139740598725,0.9999999999999999,0.3487817515255589,0.9999999999999999,False,,,-0.12141691642285923,-0.05909458412439373,,,,,,,,,False
LOC,correlation,weights_sorted_fMRI1_test_100_dot_product_rdm.csv,L3,spearman,100,4950,1.0,,sub-01,split_half,-0.06982201660823298,,0.973026973026973,-2.0383970508689777,1000,13116174186720867662,,,,,,,False,,,,,0.2486916142364831,0.3983235114276738,all,462.0,0.6311287597849379,0.6311287597849379,-0.11063038330249027,-0.11063038330249027,False
LOC,correlation,weights_sorted_fMRI1_test_100_dot_product_rdm.csv,L3,spearman,100,4950,1.0,,sub-02,split_half,-0.02055956659767642,,0.7222777222777222,-0.5843931173267803,1000,13116174186720867663,,,,,,,False,,,,,0.4397427815640964,0.61086297801941,all,462.0,0.7815772373984609,0.7815772373984609,-0.026305226935869445,-0.026305226935869445,False
LOC,correlation,weights_sorted_fMRI1_test_100_dot_product_rdm.csv,L3,spearman,100,4950,1.0,,sub-03,split_half,-0.0366624311184823,,0.8661338661338661,-1.075603148538283,1000,13116174186720867664,,,,,,,False,,,,,0.2337793407971959,0.3789645896423285,all,462.0,0.6156009987340245,0.6156009987340245,-0.05955550948402962,-0.05955550948402962,False
LOC,correlation,weights_sorted_fMRI1_test_100_dot_product_rdm.csv,L3,kendall,100,4950,1.0,,F1+F2+F3,nili,-0.028615950030377185,-0.046513;-0.014174;-0.025161,0.958041958041958,-1.691383721775654,1000,13116174186720867661,0.5196593248827691,0.23688202076827422,0.5196593248827691,0.9999999999999999,0.23688202076827422,0.9999999999999999,False,,,-0.1208025410183842,-0.05506674981120123,,,,,,,,,False
LOC,correlation,weights_sorted_fMRI1_test_100_dot_product_rdm.csv,L3,kendall,100,4950,1.0,,sub-01,split_half,-0.04651297782839508,,0.972027972027972,-2.0347243952070557,1000,13116174186720867662,,,,,,,False,,,,,0.1679771744291665,0.2876377691392183,all,462.0,0.5363187197359591,0.5363187197359591,-0.08672637392051948,-0.08672637392051948,False
LOC,correlation,weights_sorted_fMRI1_test_100_dot_product_rdm.csv,L3,kendall,100,4950,1.0,,sub-02,split_half,-0.014173907186637028,,0.7322677322677322,-0.604373575854181,1000,13116174186720867663,,,,,,,False,,,,,0.3032019957892953,0.4653184951664511,all,462.0,0.6821425768609163,0.6821425768609163,-0.020778511219549607,-0.020778511219549607,False
LOC,correlation,weights_sorted_fMRI1_test_100_dot_product_rdm.csv,L3,kendall,100,4950,1.0,,sub-03,split_half,-0.025160965076099443,,0.8711288711288712,-1.1070449574982062,1000,13116174186720867664,,,,,,,False,,,,,0.1574359485599589,0.2720426106616702,all,462.0,0.5215770419235016,0.5215770419235016,-0.04824016981903459,-0.04824016981903459,False
LOC,correlation,weights_sorted_fMRI1_test_100_euclidean_rdm.csv,L1,l1_r0,100,4950,1.0,0.1584528529687979,F1+F2+F3,nili,0.9758698520633194,0.977830;0.970698;0.979082,0.000999000999000999,2.8095425001057865,1000,12789112940224746655,0.9932821775910972,0.9848752464191871,0.993282177591097,1.0000000000000002,0.9848752464191871,1.0,False,0.9738886836713583,,0.18032649859963548,0.10215634171750308,,,,,,,,,False
LOC,correlation,weights_sorted_fMRI1_test_100_euclidean_rdm.csv,L1,l1_r0,100,4950,1.0,0.1584528529687979,sub-01,split_half,0.977829563398454,,0.001998001998001998,3.422867084590581,1000,12789112940224746656,,,,,,,False,0.9746754743819355,0.1638855755675248,,,0.9873799073643864,0.993649884157101,all,462.0,0.99681988551448,0.99681988551448,0.1424327338234376,0.1424327338234376,False
LOC,correlation,weights_sorted_fMRI1_test_100_euclidean_rdm.csv,L1,l1_r0,100,4950,1.0,0.1584528529687979,sub-02,split_half,0.9706979912641751,,0.1998001998001998,0.808196276222875,1000,12789112940224746657,,,,,,,False,0.9697737063821767,0.19304229597369058,,,0.9881640080751104,0.9940467728633972,all,462.0,0.997018943081523,0.997018943081523,0.03392464129410704,0.03392464129410704,False
LOC,correlation,weights_sorted_fMRI1_test_100_euclidean_rdm.csv,L1,l1_r0,100,4950,1.0,0.1584528529687979,sub-03,split_half,0.9790820015273293,,0.015984015984015984,2.2408706845820663,1000,12789112940224746658,,,,,,,False,0.9772168702499628,0.1467120805157802,,,0.9897458686497292,0.994846512053708,all,462.0,0.997419927640163,0.997419927640163,0.0923192584836761,0.0923192584836761,False
LOC,correlation,weights_sorted_fMRI1_test_100_euclidean_rdm.csv,L2,pearson,100,4950,1.0,,F1+F2+F3,nili,0.0791095864587103,0.124443;0.030966;0.081920,0.000999000999000999,2.9181675425382,1000,12789112940224746655,0.7241934905900479,0.35848481513640684,0.7241934905900479,1.0,0.35848481513640684,1.0,False,,,0.22067764970354006,0.10923819046516772,,,,,,,,,False
LOC,correlation,weights_sorted_fMRI1_test_100_euclidean_rdm.csv,L2,pearson,100,4950,1.0,,sub-01,split_half,0.12444329330079494,,0.001998001998001998,3.4228670845906555,1000,12789112940224746656,,,,,,,False,,,,,0.2821658191902222,0.4401393563407107,all,462.0,0.6634299935492144,0.6634299935492144,0.18757562140814413,0.18757562140814413,False
LOC,correlation,weights_sorted_fMRI1_test_100_euclidean_rdm.csv,L2,pearson,100,4950,1.0,,sub-02,split_half,0.03096550282382312,,0.1998001998001998,0.8081962762231426,1000,12789112940224746657,,,,,,,False,,,,,0.4736228051643895,0.6428005911751001,all,462.0,0.8017484587918459,0.8017484587918459,0.03862246629134156,0.03862246629134156,False
LOC,correlation,weights_sorted_fMRI1_test_100_euclidean_rdm.csv,L2,pearson,100,4950,1.0,,sub-03,split_half,0.08191996325151286,,0.015984015984015984,2.240870684582098,1000,12789112940224746658,,,,,,,False,,,,,0.2490682284967973,0.3988064427778149,all,462.0,0.6315112372537918,0.6315112372537918,0.12972051551727315,0.12972051551727315,False
LOC,correlation,weights_sorted_fMRI1_test_100_euclidean_rdm.csv,L3,spearman,100,4950,1.0,,F1+F2+F3,nili,0.07506037232274869,0.126445;0.034106;0.064630,0.012987012987012988,2.2146427234026445,1000,12789112940224746655,0.7166139740598725,0.3487817515255589,0.7166139740598725,0.9999999999999999,0.3487817515255589,0.9999999999999999,False,,,0.21520728075490564,0.10474310443250924,,,,,,,,,False
LOC,correlation,weights_sorted_fMRI1_test_100_euclidean_rdm.csv,L3,spearman,100,4950,1.0,,sub-01,split_half,0.12644469675348524,,0.001998001998001998,2.8152168181037878,1000,12789112940224746656,,,,,,,False,,,,,0.2486916142364831,0.3983235114276738,all,462.0,0.6311287597849379,0.6311287597849379,0.20034690987077228,0.20034690987077228,False
LOC,correlation,weights_sorted_fMRI1_test_100_euclidean_rdm.csv,L3,spearman,100,4950,1.0,,sub-02,split_half,0.03410600883088403,,0.24275724275724275,0.7143577309778463,1000,12789112940224746657,,,,,,,False,,,,,0.4397427815640964,0.61086297801941,all,462.0,0.7815772373984609,0.7815772373984609,0.04363741316777401,0.04363741316777401,False
LOC,correlation,weights_sorted_fMRI1_test_100_euclidean_rdm.csv,L3,spearman,100,4950,1.0,,sub-03,split_half,0.0646304113838768,,0.0919080919080919,1.345793670327337,1000,12789112940224746658,,,,,,,False,,,,,0.2337793407971959,0.3789645896423285,all,462.0,0.6156009987340245,0.6156009987340245,0.10498750248422015,0.10498750248422015,False
LOC,correlation,weights_sorted_fMRI1_test_100_euclidean_rdm.csv,L3,kendall,100,4950,1.0,,F1+F2+F3,nili,0.049876470640261295,0.083833;0.022905;0.042892,0.013986013986013986,2.2054275272560857,1000,12789112940224746655,0.5196593248827691,0.23688202076827422,0.5196593248827691,0.9999999999999999,0.23688202076827422,0.9999999999999999,False,,,0.21055405757895024,0.09597916991389122,,,,,,,,,False
LOC,correlation,weights_sorted_fMRI1_test_100_euclidean_rdm.csv,L3,kendall,100,4950,1.0,,sub-01,split_half,0.08383311800567811,,0.001998001998001998,2.7977755781981815,1000,12789112940224746656,,,,,,,False,,,,,0.1679771744291665,0.2876377691392183,all,462.0,0.5363187197359591,0.5363187197359591,0.15631212359499758,0.15631212359499758,False
LOC,correlation,weights_sorted_fMRI1_test_100_euclidean_rdm.csv,L3,kendall,100,4950,1.0,,sub-02,split_half,0.022904739453537187,,0.24175824175824176,0.718496781290045,1000,12789112940224746657,,,,,,,False,,,,,0.3032019957892953,0.4653184951664511,all,462.0,0.6821425768609163,0.6821425768609163,0.03357764231480788,0.03357764231480788,False
LOC,correlation,weights_sorted_fMRI1_test_100_euclidean_rdm.csv,L3,kendall,100,4950,1.0,,sub-03,split_half,0.0428915544615686,,0.09290709290709291,1.3384939306694625,1000,12789112940224746658,,,,,,,False,,,,,0.1574359485599589,0.2720426106616702,all,462.0,0.5215770419235016,0.5215770419235016,0.08223436043770384,0.08223436043770384,False
LOC,euclidean_centered,weights_sorted_fMRI1_test_100_choice_probability_rdm.csv,L1,l1_r0,100,4950,1.0,0.6215286405986206,F1+F2+F3,nili,0.841877118994914,0.841981;0.839159;0.844492,1.0,-7.862310576277713,1000,12429270699066063476,0.9982029733960712,0.9959559863421178,0.9982029733960712,1.0000000000000002,0.9959559863421177,1.0000000000000002,False,0.8460394268945949,,-0.027764163712267184,-0.027354172503073707,,,,,,,,,False
LOC,euclidean_centered,weights_sorted_fMRI1_test_100_choice_probability_rdm.csv,L1,l1_r0,100,4950,1.0,0.6215286405986206,sub-01,split_half,0.8419810248142904,,1.0,-5.650518856306284,1000,12429270699066063477,,,,,,,False,0.8460824776016806,0.08757481508298583,,,0.9970959883963916,0.9985458828116018,all,462.0,0.9992726769063597,0.9992726769063597,-0.026773597828102017,-0.026773597828102017,False
LOC,euclidean_centered,weights_sorted_fMRI1_test_100_choice_probability_rdm.csv,L1,l1_r0,100,4950,1.0,0.6215286405986206,sub-02,split_half,0.839158567598879,,1.0,-6.463556553856704,1000,12429270699066063478,,,,,,,False,0.8447475654899779,0.10419502390908592,,,0.99782719004984,0.9989124134654982,all,462.0,0.9994560587967328,0.9994560587967328,-0.03612599264357823,-0.03612599264357823,False
LOC,euclidean_centered,weights_sorted_fMRI1_test_100_choice_probability_rdm.csv,L1,l1_r0,100,4950,1.0,0.6215286405986206,sub-03,split_half,0.8444917645715726,,1.0,-5.294357200353672,1000,12429270699066063479,,,,,,,False,0.8472882375921262,0.06930655272187693,,,0.9972628766447676,0.9986295627945428,all,462.0,0.9993145464740033,0.9993145464740033,-0.018394664983456696,-0.018394664983456696,False
LOC,euclidean_centered,weights_sorted_fMRI1_test_100_choice_probability_rdm.csv,L2,pearson,100,4950,1.0,,F1+F2+F3,nili,-0.08984631325840853,-0.089607;-0.102633;-0.077298,1.0,-7.776648263866678,1000,12429270699066063476,0.7375684253257272,0.38980998237383907,0.7375684253257271,1.0,0.38980998237383907,1.0,False,,,-0.23048746138123088,-0.12181420756824064,,,,,,,,,False
LOC,euclidean_centered,weights_sorted_fMRI1_test_100_choice_probability_rdm.csv,L2,pearson,100,4950,1.0,,sub-01,split_half,-0.08960717678160485,,1.0,-5.650518856306183,1000,12429270699066063477,,,,,,,False,,,,,0.3337925436627248,0.5005164337567787,all,462.0,0.7074718607526229,0.7074718607526229,-0.12665829095489242,-0.12665829095489242,False
LOC,euclidean_centered,weights_sorted_fMRI1_test_100_choice_probability_rdm.csv,L2,pearson,100,4950,1.0,,sub-02,split_half,-0.10263336911570442,,1.0,-6.4635565538566455,1000,12429270699066063478,,,,,,,False,,,,,0.5656330558710041,0.7225614632367698,all,462.0,0.8500361540762662,0.8500361540762662,-0.12074000455573097,-0.12074000455573097,False
LOC,euclidean_centered,weights_sorted_fMRI1_test_100_choice_probability_rdm.csv,L2,pearson,100,4950,1.0,,sub-03,split_half,-0.07729839387791632,,1.0,-5.2943572003540975,1000,12429270699066063479,,,,,,,False,,,,,0.1513062403009049,0.2628427346339399,all,462.0,0.5126819039462384,0.5126819039462384,-0.15077261998703606,-0.15077261998703606,False
LOC,euclidean_centered,weights_sorted_fMRI1_test_100_choice_probability_rdm.csv,L3,spearman,100,4950,1.0,,F1+F2+F3,nili,-0.08805834148763454,-0.082360;-0.110678;-0.071137,1.0,-5.308375245629967,1000,12429270699066063476,0.718209701467412,0.3522117325727021,0.718209701467412,0.9999999999999999,0.3522117325727021,0.9999999999999999,False,,,-0.25001535537848074,-0.1226081203132148,,,,,,,,,False
LOC,euclidean_centered,weights_sorted_fMRI1_test_100_choice_probability_rdm.csv,L3,spearman,100,4950,1.0,,sub-01,split_half,-0.08235986482254504,,0.999000999000999,-3.6334819346937364,1000,12429270699066063477,,,,,,,False,,,,,0.2979383271037648,0.459094736448053,all,462.0,0.6775653005047211,0.6775653005047211,-0.12155266032837699,-0.12155266032837699,False
LOC,euclidean_centered,weights_sorted_fMRI1_test_100_choice_probability_rdm.csv,L3,spearman,100,4950,1.0,,sub-02,split_half,-0.11067779410557016,,1.0,-4.863655059901521,1000,12429270699066063478,,,,,,,False,,,,,0.362373865520051,0.5319741881303987,all,462.0,0.7293656066270184,0.7293656066270184,-0.1517452880968767,-0.1517452880968767,False
LOC,euclidean_centered,weights_sorted_fMRI1_test_100_choice_probability_rdm.csv,L3,spearman,100,4950,1.0,,sub-03,split_half,-0.07113736553478842,,1.0,-3.390086824403691,1000,12429270699066063479,,,,,,,False,,,,,0.132102260121372,0.2333751371668658,all,462.0,0.4830891606803715,0.4830891606803715,-0.1472551473409178,-0.1472551473409178,False
LOC,euclidean_centered,weights_sorted_fMRI1_test_100_choice_probability_rdm.csv,L3,kendall,100,4950,1.0,,F1+F2+F3,nili,-0.05838845109000695,-0.054767;-0.073170;-0.047228,1.0,-5.275041574050672,1000,12429270699066063476,0.5209806422366693,0.2388824031662792,0.5209806422366693,0.9999999999999999,0.23888240316627918,0.9999999999999999,False,,,-0.24442340798691822,-0.11207412782043914,,,,,,,,,False
LOC,euclidean_centered,weights_sorted_fMRI1_test_100_choice_probability_rdm.csv,L3,kendall,100,4950,1.0,,sub-01,split_half,-0.05476735428644904,,0.999000999000999,-3.621044290125273,1000,12429270699066063477,,,,,,,False,,,,,0.2014417824855195,0.3353334059496093,all,462.0,0.5790797923858242,0.5790797923858242,-0.09457652469758283,-0.09457652469758283,False
LOC,euclidean_centered,weights_sorted_fMRI1_test_100_choice_probability_rdm.csv,L3,kendall,100,4950,1.0,,sub-02,split_half,-0.07316984759700458,,1.0,-4.827537367116604,1000,12429270699066063478,,,,,,,False,,,,,0.2486990457151554,0.3983330436081505,all,462.0,0.6311363114321268,0.6311363114321268,-0.11593350956305001,-0.11593350956305001,False
LOC,euclidean_centered,weights_sorted_fMRI1_test_100_choice_probability_rdm.csv,L3,kendall,100,4950,1.0,,sub-03,split_half,-0.047228151386567226,,1.0,-3.374344965251506,1000,12429270699066063479,,,,,,,False,,,,,0.088256101164494,0.1621973009295424,all,462.0,0.4027372604186784,0.4027372604186784,-0.11726789653748373,-0.11726789653748373,False
LOC,euclidean_centered,weights_sorted_fMRI1_test_100_cosine_rdm.csv,L1,l1_r0,100,4950,1.0,0.2607311040005725,F1+F2+F3,nili,0.9661981454289524,0.966494;0.965492;0.966608,0.000999000999000999,5.457879766230861,1000,1397308926575765560,0.9982029733960712,0.9959559863421178,0.9982029733960712,1.0000000000000002,0.9959559863421177,1.0000000000000002,False,0.9639115261160368,,0.0713577104055742,0.06668191325499905,,,,,,,,,False
LOC,euclidean_centered,weights_sorted_fMRI1_test_100_cosine_rdm.csv,L1,l1_r0,100,4950,1.0,0.2607311040005725,sub-01,split_half,0.966494456810254,,0.000999000999000999,4.682628133514744,1000,1397308926575765561,,,,,,,False,0.9639605747436163,0.08757481508298583,,,0.9970959883963916,0.9985458828116018,all,462.0,0.9992726769063597,0.9992726769063597,0.0717567607547067,0.0717567607547067,False
LOC,euclidean_centered,weights_sorted_fMRI1_test_100_cosine_rdm.csv,L1,l1_r0,100,4950,1.0,0.2607311040005725,sub-02,split_half,0.9654917227440238,,0.000999000999000999,4.48235166165884,1000,1397308926575765562,,,,,,,False,0.9624396797002904,0.10419502390908592,,,0.99782719004984,0.9989124134654982,all,462.0,0.9994560587967328,0.9994560587967328,0.08245115049696307,0.08245115049696307,False
LOC,euclidean_centered,weights_sorted_fMRI1_test_100_cosine_rdm.csv,L1,l1_r0,100,4950,1.0,0.2607311040005725,sub-03,split_half,0.9666082567325797,,0.001998001998001998,3.0541801451608217,1000,1397308926575765563,,,,,,,False,0.9653343239042035,0.06930655272187693,,,0.9972628766447676,0.9986295627945428,all,462.0,0.9993145464740033,0.9993145464740033,0.037490420369064796,0.037490420369064796,False
LOC,euclidean_centered,weights_sorted_fMRI1_test_100_cosine_rdm.csv,L2,pearson,100,4950,1.0,,F1+F2+F3,nili,0.10132153237063897,0.114828;0.116475;0.072662,0.000999000999000999,5.388884780344714,1000,1397308926575765560,0.7375684253257272,0.38980998237383907,0.7375684253257271,1.0,0.38980998237383907,1.0,False,,,0.25992544304180665,0.13737238321433437,,,,,,,,,False
LOC,euclidean_centered,weights_sorted_fMRI1_test_100_cosine_rdm.csv,L2,pearson,100,4950,1.0,,sub-01,split_half,0.11482824295562061,,0.000999000999000999,4.682628133514858,1000,1397308926575765561,,,,,,,False,,,,,0.3337925436627248,0.5005164337567787,all,462.0,0.7074718607526229,0.7074718607526229,0.16230785890687438,0.16230785890687438,False
LOC,euclidean_centered,weights_sorted_fMRI1_test_100_cosine_rdm.csv,L2,pearson,100,4950,1.0,,sub-02,split_half,0.11647465708922451,,0.000999000999000999,4.482351661659099,1000,1397308926575765562,,,,,,,False,,,,,0.5656330558710041,0.7225614632367698,all,462.0,0.8500361540762662,0.8500361540762662,0.1370231801679041,0.1370231801679041,False
LOC,euclidean_centered,weights_sorted_fMRI1_test_100_cosine_rdm.csv,L2,pearson,100,4950,1.0,,sub-03,split_half,0.07266169706707185,,0.001998001998001998,3.0541801451604504,1000,1397308926575765563,,,,,,,False,,,,,0.1513062403009049,0.2628427346339399,all,462.0,0.5126819039462384,0.5126819039462384,0.14172861672662315,0.14172861672662315,False
LOC,euclidean_centered,weights_sorted_fMRI1_test_100_cosine_rdm.csv,L3,spearman,100,4950,1.0,,F1+F2+F3,nili,0.10797521523140652,0.116521;0.143230;0.064174,0.000999000999000999,4.572518942784632,1000,1397308926575765560,0.718209701467412,0.3522117325727021,0.718209701467412,0.9999999999999999,0.3522117325727021,0.9999999999999999,False,,,0.30656336869504686,0.15033939949682756,,,,,,,,,False
LOC,euclidean_centered,weights_sorted_fMRI1_test_100_cosine_rdm.csv,L3,spearman,100,4950,1.0,,sub-01,split_half,0.11652131640890499,,0.000999000999000999,3.716768124050755,1000,1397308926575765561,,,,,,,False,,,,,0.2979383271037648,0.459094736448053,all,462.0,0.6775653005047211,0.6775653005047211,0.1719706075888299,0.1719706075888299,False
LOC,euclidean_centered,weights_sorted_fMRI1_test_100_cosine_rdm.csv,L3,spearman,100,4950,1.0,,sub-02,split_half,0.14323011854275092,,0.000999000999000999,4.78701602230118,1000,1397308926575765562,,,,,,,False,,,,,0.362373865520051,0.5319741881303987,all,462.0,0.7293656066270184,0.7293656066270184,0.19637629913086327,0.19637629913086327,False
LOC,euclidean_centered,weights_sorted_fMRI1_test_100_cosine_rdm.csv,L3,spearman,100,4950,1.0,,sub-03,split_half,0.06417421074256362,,0.014985014985014986,2.0771785316755436,1000,1397308926575765563,,,,,,,False,,,,,0.132102260121372,0.2333751371668658,all,462.0,0.4830891606803715,0.4830891606803715,0.13284133854748917,0.13284133854748917,False
LOC,euclidean_centered,weights_sorted_fMRI1_test_100_cosine_rdm.csv,L3,kendall,100,4950,1.0,,F1+F2+F3,nili,0.07175702604274033,0.077762;0.094963;0.042545,0.000999000999000999,4.554318622474689,1000,1397308926575765560,0.5209806422366693,0.2388824031662792,0.5209806422366693,0.9999999999999999,0.23888240316627918,0.9999999999999999,False,,,0.3003864039026446,0.13773453411757053,,,,,,,,,False
LOC,euclidean_centered,weights_sorted_fMRI1_test_100_cosine_rdm.csv,L3,kendall,100,4950,1.0,,sub-01,split_half,0.07776247012456346,,0.000999000999000999,3.7192748393798643,1000,1397308926575765561,,,,,,,False,,,,,0.2014417824855195,0.3353334059496093,all,462.0,0.5790797923858242,0.5790797923858242,0.1342862782418637,0.1342862782418637,False
LOC,euclidean_centered,weights_sorted_fMRI1_test_100_cosine_rdm.csv,L3,kendall,100,4950,1.0,,sub-02,split_half,0.09496321060677496,,0.000999000999000999,4.756678192283425,1000,1397308926575765562,,,,,,,False,,,,,0.2486990457151554,0.3983330436081505,all,462.0,0.6311363114321268,0.6311363114321268,0.15046386792623548,0.15046386792623548,False
LOC,euclidean_centered,weights_sorted_fMRI1_test_100_cosine_rdm.csv,L3,kendall,100,4950,1.0,,sub-03,split_half,0.042545397396882546,,0.014985014985014986,2.063928914507894,1000,1397308926575765563,,,,,,,False,,,,,0.088256101164494,0.1621973009295424,all,462.0,0.4027372604186784,0.4027372604186784,0.10564057905308567,0.10564057905308567,False
LOC,euclidean_centered,weights_sorted_fMRI1_test_100_dot_product_rdm.csv,L1,l1_r0,100,4950,1.0,0.5589913503125625,F1+F2+F3,nili,0.8651611859207656,0.864781;0.862266;0.868436,1.0,-5.602989085685535,1000,18060279456820579972,0.9982029733960712,0.9959559863421178,0.9982029733960712,1.0000000000000002,0.9959559863421177,1.0000000000000002,False,0.86950876611166,,-0.034382568339348114,-0.03378225238441591,,,,,,,,,False
LOC,euclidean_centered,weights_sorted_fMRI1_test_100_dot_product_rdm.csv,L1,l1_r0,100,4950,1.0,0.5589913503125625,sub-01,split_half,0.8647813325118773,,1.0,-4.569131123175159,1000,18060279456820579973,,,,,,,False,0.8695530110558177,0.08757481508298583,,,0.9970959883963916,0.9985458828116018,all,462.0,0.9992726769063597,0.9992726769063597,-0.036784542364133095,-0.036784542364133095,False
LOC,euclidean_centered,weights_sorted_fMRI1_test_100_dot_product_rdm.csv,L1,l1_r0,100,4950,1.0,0.5589913503125625,sub-02,split_half,0.8622661362201317,,1.0,-4.736696694670467,1000,18060279456820579974,,,,,,,False,0.8681810681578672,0.10419502390908592,,,0.99782719004984,0.9989124134654982,all,462.0,0.9994560587967328,0.9994560587967328,-0.0450575689165909,-0.0450575689165909,False
LOC,euclidean_centered,weights_sorted_fMRI1_test_100_dot_product_rdm.csv,L1,l1_r0,100,4950,1.0,0.5589913503125625,sub-03,split_half,0.8684360890302879,,0.998001998001998,-3.0913751887681853,1000,18060279456820579975,,,,,,,False,0.8707922191212946,0.06930655272187693,,,0.9972628766447676,0.9986295627945428,all,462.0,0.9993145464740033,0.9993145464740033,-0.018332457398943923,-0.018332457398943923,False
LOC,euclidean_centered,weights_sorted_fMRI1_test_100_dot_product_rdm.csv,L2,pearson,100,4950,1.0,,F1+F2+F3,nili,-0.10017826213301584,-0.112623;-0.117426;-0.070486,1.0,-5.537099897896198,1000,18060279456820579972,0.7375684253257272,0.38980998237383907,0.7375684253257271,1.0,0.38980998237383907,1.0,False,,,-0.2569925519171081,-0.13582233009605152,,,,,,,,,False
LOC,euclidean_centered,weights_sorted_fMRI1_test_100_dot_product_rdm.csv,L2,pearson,100,4950,1.0,,sub-01,split_half,-0.11262310446035037,,1.0,-4.569131123175091,1000,18060279456820579973,,,,,,,False,,,,,0.3337925436627248,0.5005164337567787,all,462.0,0.7074718607526229,0.7074718607526229,-0.15919093141109475,-0.15919093141109475,False
LOC,euclidean_centered,weights_sorted_fMRI1_test_100_dot_product_rdm.csv,L2,pearson,100,4950,1.0,,sub-02,split_half,-0.11742577179701369,,1.0,-4.736696694670593,1000,18060279456820579974,,,,,,,False,,,,,0.5656330558710041,0.7225614632367698,all,462.0,0.8500361540762662,0.8500361540762662,-0.13814209105566835,-0.13814209105566835,False
LOC,euclidean_centered,weights_sorted_fMRI1_test_100_dot_product_rdm.csv,L2,pearson,100,4950,1.0,,sub-03,split_half,-0.07048591014168344,,0.998001998001998,-3.0913751887680565,1000,18060279456820579975,,,,,,,False,,,,,0.1513062403009049,0.2628427346339399,all,462.0,0.5126819039462384,0.5126819039462384,-0.13748468514128567,-0.13748468514128567,False
LOC,euclidean_centered,weights_sorted_fMRI1_test_100_dot_product_rdm.csv,L3,spearman,100,4950,1.0,,F1+F2+F3,nili,-0.10652715735095615,-0.112641;-0.143688;-0.063253,1.0,-4.497470188104782,1000,18060279456820579972,0.718209701467412,0.3522117325727021,0.718209701467412,0.9999999999999999,0.3522117325727021,0.9999999999999999,False,,,-0.3024520409153811,-0.14832319465095628,,,,,,,,,False
LOC,euclidean_centered,weights_sorted_fMRI1_test_100_dot_product_rdm.csv,L3,spearman,100,4950,1.0,,sub-01,split_half,-0.11264073600052471,,1.0,-3.570788115243537,1000,18060279456820579973,,,,,,,False,,,,,0.2979383271037648,0.459094736448053,all,462.0,0.6775653005047211,0.6775653005047211,-0.16624336564552256,-0.16624336564552256,False
LOC,euclidean_centered,weights_sorted_fMRI1_test_100_dot_product_rdm.csv,L3,spearman,100,4950,1.0,,sub-02,split_half,-0.14368800994543451,,1.0,-4.639459732333863,1000,18060279456820579974,,,,,,,False,,,,,0.362373865520051,0.5319741881303987,all,462.0,0.7293656066270184,0.7293656066270184,-0.19700409320083748,-0.19700409320083748,False
LOC,euclidean_centered,weights_sorted_fMRI1_test_100_dot_product_rdm.csv,L3,spearman,100,4950,1.0,,sub-03,split_half,-0.06325272610690925,,0.9790209790209791,-2.168540154170701,1000,18060279456820579975,,,,,,,False,,,,,0.132102260121372,0.2333751371668658,all,462.0,0.4830891606803715,0.4830891606803715,-0.13093385497994944,-0.13093385497994944,False
LOC,euclidean_centered,weights_sorted_fMRI1_test_100_dot_product_rdm.csv,L3,kendall,100,4950,1.0,,F1+F2+F3,nili,-0.07082049701568795,-0.075139;-0.095292;-0.042031,1.0,-4.480147632929998,1000,18060279456820579972,0.5209806422366693,0.2388824031662792,0.5209806422366693,0.9999999999999999,0.23888240316627918,0.9999999999999999,False,,,-0.2964659433972281,-0.13593690681412277,,,,,,,,,False
LOC,euclidean_centered,weights_sorted_fMRI1_test_100_dot_product_rdm.csv,L3,kendall,100,4950,1.0,,sub-01,split_half,-0.0751386975432237,,1.0,-3.569903319752616,1000,18060279456820579973,,,,,,,False,,,,,0.2014417824855195,0.3353334059496093,all,462.0,0.5790797923858242,0.5790797923858242,-0.1297553437906204,-0.1297553437906204,False
LOC,euclidean_centered,weights_sorted_fMRI1_test_100_dot_product_rdm.csv,L3,kendall,100,4950,1.0,,sub-02,split_half,-0.09529222309986099,,1.0,-4.612085402568519,1000,18060279456820579974,,,,,,,False,,,,,0.2486990457151554,0.3983330436081505,all,462.0,0.6311363114321268,0.6311363114321268,-0.15098516972289408,-0.15098516972289408,False
LOC,euclidean_centered,weights_sorted_fMRI1_test_100_dot_product_rdm.csv,L3,kendall,100,4950,1.0,,sub-03,split_half,-0.042030570403979166,,0.9790209790209791,-2.1603604454469796,1000,18060279456820579975,,,,,,,False,,,,,0.088256101164494,0.1621973009295424,all,462.0,0.4027372604186784,0.4027372604186784,-0.1043622593059429,-0.1043622593059429,False
LOC,euclidean_centered,weights_sorted_fMRI1_test_100_euclidean_rdm.csv,L1,l1_r0,100,4950,1.0,0.1584528529687979,F1+F2+F3,nili,0.9853255179286776,0.985587;0.984224;0.986166,0.000999000999000999,4.253273805167861,1000,4820122917300918100,0.9982029733960712,0.9959559863421178,0.9982029733960712,1.0000000000000002,0.9959559863421177,1.0000000000000002,False,0.9838620586194065,,0.12100777702870803,0.10204783530632747,,,,,,,,,False
LOC,euclidean_centered,weights_sorted_fMRI1_test_100_euclidean_rdm.csv,L1,l1_r0,100,4950,1.0,0.1584528529687979,sub-01,split_half,0.9855865246101568,,0.001998001998001998,3.3871418481155433,1000,4820122917300918101,,,,,,,False,0.9839121224296167,0.08757481508298583,,,0.9970959883963916,0.9985458828116018,all,462.0,0.9992726769063597,0.9992726769063597,0.10900662362646636,0.10900662362646636,False
LOC,euclidean_centered,weights_sorted_fMRI1_test_100_euclidean_rdm.csv,L1,l1_r0,100,4950,1.0,0.1584528529687979,sub-02,split_half,0.9842237953023253,,0.005994005994005994,2.952943328388292,1000,4820122917300918102,,,,,,,False,0.982359748702642,0.10419502390908592,,,0.99782719004984,0.9989124134654982,all,462.0,0.9994560587967328,0.9994560587967328,0.10903210046053143,0.10903210046053143,False
LOC,euclidean_centered,weights_sorted_fMRI1_test_100_euclidean_rdm.csv,L1,l1_r0,100,4950,1.0,0.1584528529687979,sub-03,split_half,0.9861662338735507,,0.00999000999000999,2.488878390168151,1000,4820122917300918103,,,,,,,False,0.9853143047259608,0.06930655272187693,,,0.9972628766447676,0.9986295627945428,all,462.0,0.9993145464740033,0.9993145464740033,0.060851031212302495,0.060851031212302495,False
LOC,euclidean_centered,weights_sorted_fMRI1_test_100_euclidean_rdm.csv,L2,pearson,100,4950,1.0,,F1+F2+F3,nili,0.10521535356095879,0.122428;0.114739;0.078479,0.000999000999000999,4.222028879091564,1000,4820122917300918100,0.7375684253257272,0.38980998237383907,0.7375684253257271,1.0,0.38980998237383907,1.0,False,,,0.2699144668390103,0.1426516509495282,,,,,,,,,False
LOC,euclidean_centered,weights_sorted_fMRI1_test_100_euclidean_rdm.csv,L2,pearson,100,4950,1.0,,sub-01,split_half,0.12242839849217885,,0.001998001998001998,3.387141848115842,1000,4820122917300918101,,,,,,,False,,,,,0.3337925436627248,0.5005164337567787,all,462.0,0.7074718607526229,0.7074718607526229,0.17305055548348883,0.17305055548348883,False
LOC,euclidean_centered,weights_sorted_fMRI1_test_100_euclidean_rdm.csv,L2,pearson,100,4950,1.0,,sub-02,split_half,0.11473873830426255,,0.005994005994005994,2.952943328388368,1000,4820122917300918102,,,,,,,False,,,,,0.5656330558710041,0.7225614632367698,all,462.0,0.8500361540762662,0.8500361540762662,0.1349810096359361,0.1349810096359361,False
LOC,euclidean_centered,weights_sorted_fMRI1_test_100_euclidean_rdm.csv,L2,pearson,100,4950,1.0,,sub-03,split_half,0.07847892388643506,,0.00999000999000999,2.488878390167477,1000,4820122917300918103,,,,,,,False,,,,,0.1513062403009049,0.2628427346339399,all,462.0,0.5126819039462384,0.5126819039462384,0.1530752758823035,0.1530752758823035,False
LOC,euclidean_centered,weights_sorted_fMRI1_test_100_euclidean_rdm.csv,L3,spearman,100,4950,1.0,,F1+F2+F3,nili,0.1099490759879,0.124029;0.141681;0.064137,0.000999000999000999,3.6124260849813887,1000,4820122917300918100,0.718209701467412,0.3522117325727021,0.718209701467412,0.9999999999999999,0.3522117325727021,0.9999999999999999,False,,,0.31216755667048873,0.15308770650585374,,,,,,,,,False
LOC,euclidean_centered,weights_sorted_fMRI1_test_100_euclidean_rdm.csv,L3,spearman,100,4950,1.0,,sub-01,split_half,0.12402906317284763,,0.002997002997002997,2.8856001581299964,1000,4820122917300918101,,,,,,,False,,,,,0.2979383271037648,0.459094736448053,all,462.0,0.6775653005047211,0.6775653005047211,0.18305108464152148,0.18305108464152148,False
LOC,euclidean_centered,weights_sorted_fMRI1_test_100_euclidean_rdm.csv,L3,spearman,100,4950,1.0,,sub-02,split_half,0.14168101465895375,,0.001998001998001998,3.3014148875782925,1000,4820122917300918102,,,,,,,False,,,,,0.362373865520051,0.5319741881303987,all,462.0,0.7293656066270184,0.7293656066270184,0.19425239327388014,0.19425239327388014,False
LOC,euclidean_centered,weights_sorted_fMRI1_test_100_euclidean_rdm.csv,L3,spearman,100,4950,1.0,,sub-03,split_half,0.06413715013189866,,0.05094905094905095,1.6417520229856102,1000,4820122917300918103,,,,,,,False,,,,,0.132102260121372,0.2333751371668658,all,462.0,0.4830891606803715,0.4830891606803715,0.13276462266627842,0.13276462266627842,False
LOC,euclidean_centered,weights_sorted_fMRI1_test_100_euclidean_rdm.csv,L3,kendall,100,4950,1.0,,F1+F2+F3,nili,0.07318824399446745,0.083096;0.093825;0.042643,0.000999000999000999,3.6038107170435567,1000,4820122917300918100,0.5209806422366693,0.2388824031662792,0.5209806422366693,0.9999999999999999,0.23888240316627918,0.9999999999999999,False,,,0.3063777114780749,0.14048169559670462,,,,,,,,,False
LOC,euclidean_centered,weights_sorted_fMRI1_test_100_euclidean_rdm.csv,L3,kendall,100,4950,1.0,,sub-01,split_half,0.08309622799014595,,0.002997002997002997,2.8980533869725096,1000,4820122917300918101,,,,,,,False,,,,,0.2014417824855195,0.3353334059496093,all,462.0,0.5790797923858242,0.5790797923858242,0.14349702594142902,0.14349702594142902,False
LOC,euclidean_centered,weights_sorted_fMRI1_test_100_euclidean_rdm.csv,L3,kendall,100,4950,1.0,,sub-02,split_half,0.09382546417907095,,0.001998001998001998,3.2757396821737923,1000,4820122917300918102,,,,,,,False,,,,,0.2486990457151554,0.3983330436081505,all,462.0,0.6311363114321268,0.6311363114321268,0.14866117268101608,0.14866117268101608,False
LOC,euclidean_centered,weights_sorted_fMRI1_test_100_euclidean_rdm.csv,L3,kendall,100,4950,1.0,,sub-03,split_half,0.04264303981418549,,0.052947052947052944,1.6354655112232404,1000,4820122917300918103,,,,,,,False,,,,,0.088256101164494,0.1621973009295424,all,462.0,0.4027372604186784,0.4027372604186784,0.10588302599529667,0.10588302599529667,False
LOC,mahalanobis,weights_sorted_fMRI1_test_100_choice_probability_rdm.csv,L1,l1_r0,100,4950,1.0,0.6215286405986206,F1+F2+F3,nili,0.8493446379696983,0.849345;0.849345;0.849345,0.9820179820179821,-0.9925759923510723,1000,5681887754628531611,1.0,1.0,1.0,1.0000000000000002,1.0,1.0000000000000002,False,0.849320731215894,,0.00015865987403026845,0.00015865987403026845,,,,,,,,,False
LOC,mahalanobis,weights_sorted_fMRI1_test_100_choice_probability_rdm.csv,L1,l1_r0,100,4950,1.0,0.6215286405986206,sub-01,split_half,0.8493446379696982,,1.0,-1.1167770642504953,1000,5681887754628531612,,,,,,,False,0.8493207312158939,3.919288060166595e-16,,,0.999999999999,0.9999999999995,contiguous,1.0,0.99999999999975,0.99999999999975,0.0001586598740305316,0.0001586598740305316,False
LOC,mahalanobis,weights_sorted_fMRI1_test_100_choice_probability_rdm.csv,L1,l1_r0,100,4950,1.0,0.6215286405986206,sub-02,split_half,0.8493446379696983,,0.98001998001998,-1.1373957379681892,1000,5681887754628531613,,,,,,,False,0.8493207312158939,2.8519832260445227e-16,,,0.999999999999,0.9999999999995,contiguous,1.0,0.99999999999975,0.99999999999975,0.0001586598740312684,0.0001586598740312684,False
LOC,mahalanobis,weights_sorted_fMRI1_test_100_choice_probability_rdm.csv,L1,l1_r0,100,4950,1.0,0.6215286405986206,sub-03,split_half,0.8493446379696983,,0.4675324675324675,-0.6215391418666968,1000,5681887754628531614,,,,,,,False,0.8493207312158939,2.230721189967084e-16,,,0.999999999999,0.9999999999995,contiguous,1.0,0.99999999999975,0.99999999999975,0.0001586598740312684,0.0001586598740312684,False
LOC,mahalanobis,weights_sorted_fMRI1_test_100_choice_probability_rdm.csv,L2,pearson,100,4950,1.0,,F1+F2+F3,nili,-0.0025627726749189185,0.011139;-0.036216;0.017388,0.6163836163836164,-0.28403483201797053,1000,5681887754628531611,0.5656792550571819,-0.028378273656898753,0.5656792550571818,1.0,-0.028378273656898753,1.0,False,,,0.09030756084403002,-0.004530434255821985,,,,,,,,,False
LOC,mahalanobis,weights_sorted_fMRI1_test_100_choice_probability_rdm.csv,L2,pearson,100,4950,1.0,,sub-01,split_half,0.01113948825457927,,0.21178821178821178,0.7817955262444622,1000,5681887754628531612,,,,,,,False,,,,,-0.0217358973234292,-0.0444376876631964,contiguous,1.0,,,,,True
LOC,mahalanobis,weights_sorted_fMRI1_test_100_choice_probability_rdm.csv,L2,pearson,100,4950,1.0,,sub-02,split_half,-0.036216105499588376,,0.996003996003996,-2.426824483873654,1000,5681887754628531613,,,,,,,False,,,,,0.024384911661383,0.0476088848708925,contiguous,1.0,0.21819460321211545,0.21819460321211545,-0.16598075739014173,-0.16598075739014173,False
LOC,mahalanobis,weights_sorted_fMRI1_test_100_choice_probability_rdm.csv,L2,pearson,100,4950,1.0,,sub-03,split_half,0.01738829922025235,,0.13286713286713286,1.1517334519259421,1000,5681887754628531614,,,,,,,False,,,,,0.0874658655838537,0.1608618134177367,contiguous,1.0,0.40107582003623293,0.40107582003623293,0.0433541449062711,0.0433541449062711,False
LOC,mahalanobis,weights_sorted_fMRI1_test_100_choice_probability_rdm.csv,L3,spearman,100,4950,1.0,,F1+F2+F3,nili,-0.004756795419750181,0.009951;-0.043361;0.019140,0.6613386613386614,-0.4585305302830786,1000,5681887754628531611,0.5596213404255593,-0.020871324583218675,0.5596213404255593,1.0,-0.020871324583218675,1.0,False,,,0.22791056699749773,-0.0085000250636134,,,,,,,,,False
LOC,mahalanobis,weights_sorted_fMRI1_test_100_choice_probability_rdm.csv,L3,spearman,100,4950,1.0,,sub-01,split_half,0.009950907674677833,,0.23676323676323677,0.6753314379585375,1000,5681887754628531612,,,,,,,False,,,,,-0.0058016413375646,-0.0116709935940148,contiguous,1.0,,,,,True
LOC,mahalanobis,weights_sorted_fMRI1_test_100_choice_probability_rdm.csv,L3,spearman,100,4950,1.0,,sub-02,split_half,-0.04336149417576323,,0.995004995004995,-2.3971752805272826,1000,5681887754628531613,,,,,,,False,,,,,0.0237749000099488,0.0464455614407382,contiguous,1.0,0.21551232317604996,0.21551232317604996,-0.20120192449664068,-0.20120192449664068,False
LOC,mahalanobis,weights_sorted_fMRI1_test_100_choice_probability_rdm.csv,L3,spearman,100,4950,1.0,,sub-03,split_half,0.01914020024183484,,0.16783216783216784,1.0015329096014387,1000,5681887754628531614,,,,,,,False,,,,,0.0355787479174487,0.0687127811168347,contiguous,1.0,0.2621312288088443,0.2621312288088443,0.07301762681543211,0.07301762681543211,False
LOC,mahalanobis,weights_sorted_fMRI1_test_100_choice_probability_rdm.csv,L3,kendall,100,4950,1.0,,F1+F2+F3,nili,-0.003299916422935605,0.007043;-0.031073;0.014130,0.6523476523476524,-0.43418979120116785,1000,5681887754628531611,0.4227917632052007,-0.015467490049698595,0.4227917632052007,1.0,-0.015467490049698598,1.0,False,,,0.21334530763120862,-0.007805063177955055,,,,,,,,,False
LOC,mahalanobis,weights_sorted_fMRI1_test_100_choice_probability_rdm.csv,L3,kendall,100,4950,1.0,,sub-01,split_half,0.0070433480894811,,0.24175824175824176,0.6656164986700666,1000,5681887754628531612,,,,,,,False,,,,,-0.0041381832908436,-0.0083107580216668,contiguous,1.0,,,,,True
LOC,mahalanobis,weights_sorted_fMRI1_test_100_choice_probability_rdm.csv,L3,kendall,100,4950,1.0,,sub-02,split_half,-0.031072633433242024,,0.995004995004995,-2.374125180972352,1000,5681887754628531613,,,,,,,False,,,,,0.0179908194272095,0.0353457400280532,contiguous,1.0,0.1880046276772282,0.1880046276772282,-0.16527589675392684,-0.16527589675392684,False
LOC,mahalanobis,weights_sorted_fMRI1_test_100_choice_probability_rdm.csv,L3,kendall,100,4950,1.0,,sub-03,split_half,0.014129536074954112,,0.16883116883116883,0.9968297729293076,1000,5681887754628531614,,,,,,,False,,,,,0.0281814435815508,0.054818035780502,contiguous,1.0,0.23413251756324238,0.23413251756324238,0.06034845660059813,0.06034845660059813,False
LOC,mahalanobis,weights_sorted_fMRI1_test_100_cosine_rdm.csv,L1,l1_r0,100,4950,1.0,0.2607311040005725,F1+F2+F3,nili,0.9676562107783352,0.967656;0.967656;0.967656,0.9070929070929071,0.0,1000,12785082202277454585,1.0,1.0,1.0,1.0000000000000002,1.0,1.0000000000000002,False,0.9676499890711309,,0.0001923247326872255,0.0001923247326872255,,,,,,,,,False
LOC,mahalanobis,weights_sorted_fMRI1_test_100_cosine_rdm.csv,L1,l1_r0,100,4950,1.0,0.2607311040005725,sub-01,split_half,0.9676562107783352,,0.7922077922077922,0.0,1000,12785082202277454586,,,,,,,False,0.9676499890711308,3.919288060166595e-16,,,0.999999999999,0.9999999999995,contiguous,1.0,0.99999999999975,0.99999999999975,0.00019232473269214313,0.00019232473269214313,False
LOC,mahalanobis,weights_sorted_fMRI1_test_100_cosine_rdm.csv,L1,l1_r0,100,4950,1.0,0.2607311040005725,sub-02,split_half,0.9676562107783354,,0.43956043956043955,1.4274928542926593,1000,12785082202277454587,,,,,,,False,0.9676499890711308,2.8519832260445227e-16,,,0.999999999999,0.9999999999995,contiguous,1.0,0.99999999999975,0.99999999999975,0.00019232473269900697,0.00019232473269900697,False
LOC,mahalanobis,weights_sorted_fMRI1_test_100_cosine_rdm.csv,L1,l1_r0,100,4950,1.0,0.2607311040005725,sub-03,split_half,0.9676562107783352,,0.998001998001998,0.0,1000,12785082202277454588,,,,,,,False,0.9676499890711308,2.230721189967084e-16,,,0.999999999999,0.9999999999995,contiguous,1.0,0.99999999999975,0.99999999999975,0.00019232473269214313,0.00019232473269214313,False
LOC,mahalanobis,weights_sorted_fMRI1_test_100_cosine_rdm.csv,L2,pearson,100,4950,1.0,,F1+F2+F3,nili,0.004292998515868072,-0.012764;0.039386;-0.013743,0.3146853146853147,0.4746228647174672,1000,12785082202277454585,0.5656792550571819,-0.028378273656898753,0.5656792550571818,1.0,-0.028378273656898753,1.0,False,,,-0.15127764880174258,0.007589103679317555,,,,,,,,,False
LOC,mahalanobis,weights_sorted_fMRI1_test_100_cosine_rdm.csv,L2,pearson,100,4950,1.0,,sub-01,split_half,-0.01276415504190346,,0.7882117882117882,-0.8155196896813692,1000,12785082202277454586,,,,,,,False,,,,,-0.0217358973234292,-0.0444376876631964,contiguous,1.0,,,,,True
LOC,mahalanobis,weights_sorted_fMRI1_test_100_cosine_rdm.csv,L2,pearson,100,4950,1.0,,sub-02,split_half,0.03938639839128579,,0.013986013986013986,2.3551405935090677,1000,12785082202277454587,,,,,,,False,,,,,0.024384911661383,0.0476088848708925,contiguous,1.0,0.21819460321211545,0.21819460321211545,0.18051041506740084,0.18051041506740084,False
LOC,mahalanobis,weights_sorted_fMRI1_test_100_cosine_rdm.csv,L2,pearson,100,4950,1.0,,sub-03,split_half,-0.013743247801778113,,0.7422577422577422,-0.6768827175500953,1000,12785082202277454588,,,,,,,False,,,,,0.0874658655838537,0.1608618134177367,contiguous,1.0,0.40107582003623293,0.40107582003623293,-0.03426595948999508,-0.03426595948999508,False
LOC,mahalanobis,weights_sorted_fMRI1_test_100_cosine_rdm.csv,L3,spearman,100,4950,1.0,,F1+F2+F3,nili,0.007562412369412943,-0.009923;0.047809;-0.015199,0.24775224775224775,0.6885932115522791,1000,12785082202277454585,0.5596213404255593,-0.020871324583218675,0.5596213404255593,1.0,-0.020871324583218675,1.0,False,,,-0.3623350467891916,0.013513445294388114,,,,,,,,,False
LOC,mahalanobis,weights_sorted_fMRI1_test_100_cosine_rdm.csv,L3,spearman,100,4950,1.0,,sub-01,split_half,-0.009923457661515343,,0.7132867132867133,-0.5498215777085513,1000,12785082202277454586,,,,,,,False,,,,,-0.0058016413375646,-0.0116709935940148,contiguous,1.0,,,,,True
LOC,mahalanobis,weights_sorted_fMRI1_test_100_cosine_rdm.csv,L3,spearman,100,4950,1.0,,sub-02,split_half,0.04780932660774906,,0.012987012987012988,2.338571630677075,1000,12785082202277454587,,,,,,,False,,,,,0.0237749000099488,0.0464455614407382,contiguous,1.0,0.21551232317604996,0.21551232317604996,0.22184033795920838,0.22184033795920838,False
LOC,mahalanobis,weights_sorted_fMRI1_test_100_cosine_rdm.csv,L3,spearman,100,4950,1.0,,sub-03,split_half,-0.01519863183799489,,0.7122877122877123,-0.5907375805979985,1000,12785082202277454588,,,,,,,False,,,,,0.0355787479174487,0.0687127811168347,contiguous,1.0,0.2621312288088443,0.2621312288088443,-0.057981004045413786,-0.057981004045413786,False
LOC,mahalanobis,weights_sorted_fMRI1_test_100_cosine_rdm.csv,L3,kendall,100,4950,1.0,,F1+F2+F3,nili,0.005475267613142361,-0.007036;0.034523;-0.011061,0.24775224775224775,0.6818105397770258,1000,12785082202277454585,0.4227917632052007,-0.015467490049698595,0.4227917632052007,1.0,-0.015467490049698598,1.0,False,,,-0.35398552677582323,0.012950270297685428,,,,,,,,,False
LOC,mahalanobis,weights_sorted_fMRI1_test_100_cosine_rdm.csv,L3,kendall,100,4950,1.0,,sub-01,split_half,-0.007035646428484834,,0.7112887112887113,-0.5423571717859945,1000,12785082202277454586,,,,,,,False,,,,,-0.0041381832908436,-0.0083107580216668,contiguous,1.0,,,,,True
LOC,mahalanobis,weights_sorted_fMRI1_test_100_cosine_rdm.csv,L3,kendall,100,4950,1.0,,sub-02,split_half,0.03452251041646998,,0.012987012987012988,2.334777934732139,1000,12785082202277454587,,,,,,,False,,,,,0.0179908194272095,0.0353457400280532,contiguous,1.0,0.1880046276772282,0.1880046276772282,0.183625854549385,0.183625854549385,False
LOC,mahalanobis,weights_sorted_fMRI1_test_100_cosine_rdm.csv,L3,kendall,100,4950,1.0,,sub-03,split_half,-0.011061061148558067,,0.7082917082917083,-0.5790559699335717,1000,12785082202277454588,,,,,,,False,,,,,0.0281814435815508,0.054818035780502,contiguous,1.0,0.23413251756324238,0.23413251756324238,-0.0472427378464007,-0.0472427378464007,False
LOC,mahalanobis,weights_sorted_fMRI1_test_100_dot_product_rdm.csv,L1,l1_r0,100,4950,1.0,0.5589913503125625,F1+F2+F3,nili,0.8729020867130185,0.872902;0.872902;0.872902,1.0,-0.999499874937461,1000,14705157194095332254,1.0,1.0,1.0,1.0000000000000002,1.0,1.0000000000000002,False,0.8728810946119071,,0.00016513752259985083,0.00016513752259985083,,,,,,,,,False
LOC,mahalanobis,weights_sorted_fMRI1_test_100_dot_product_rdm.csv,L1,l1_r0,100,4950,1.0,0.5589913503125625,sub-01,split_half,0.8729020867130186,,0.993006993006993,0.0,1000,14705157194095332255,,,,,,,False,0.8728810946119071,3.919288060166595e-16,,,0.999999999999,0.9999999999995,contiguous,1.0,0.99999999999975,0.99999999999975,0.000165137522601049,0.000165137522601049,False
LOC,mahalanobis,weights_sorted_fMRI1_test_100_dot_product_rdm.csv,L1,l1_r0,100,4950,1.0,0.5589913503125625,sub-02,split_half,0.8729020867130186,,1.0,0.0,1000,14705157194095332256,,,,,,,False,0.8728810946119071,2.8519832260445227e-16,,,0.999999999999,0.9999999999995,contiguous,1.0,0.99999999999975,0.99999999999975,0.000165137522601049,0.000165137522601049,False
LOC,mahalanobis,weights_sorted_fMRI1_test_100_dot_product_rdm.csv,L1,l1_r0,100,4950,1.0,0.5589913503125625,sub-03,split_half,0.8729020867130186,,1.0,,1000,14705157194095332257,,,,,,,False,0.8728810946119071,2.230721189967084e-16,,,0.999999999999,0.9999999999995,contiguous,1.0,0.99999999999975,0.99999999999975,0.000165137522601049,0.000165137522601049,False
LOC,mahalanobis,weights_sorted_fMRI1_test_100_dot_product_rdm.csv,L2,pearson,100,4950,1.0,,F1+F2+F3,nili,-0.006983177281074016,0.017994;-0.043505;0.004561,0.7622377622377622,-0.7120023496635515,1000,14705157194095332254,0.5656792550571819,-0.028378273656898753,0.5656792550571818,1.0,-0.028378273656898753,1.0,False,,,0.24607477415654588,-0.012344764667688087,,,,,,,,,False
LOC,mahalanobis,weights_sorted_fMRI1_test_100_dot_product_rdm.csv,L2,pearson,100,4950,1.0,,sub-01,split_half,0.017994328155347728,,0.0989010989010989,1.266905656030251,1000,14705157194095332255,,,,,,,False,,,,,-0.0217358973234292,-0.0444376876631964,contiguous,1.0,,,,,True
LOC,mahalanobis,weights_sorted_fMRI1_test_100_dot_product_rdm.csv,L2,pearson,100,4950,1.0,,sub-02,split_half,-0.04350519130865408,,0.995004995004995,-2.5970735081251966,1000,14705157194095332256,,,,,,,False,,,,,0.024384911661383,0.0476088848708925,contiguous,1.0,0.21819460321211545,0.21819460321211545,-0.19938710980106594,-0.19938710980106594,False
LOC,mahalanobis,weights_sorted_fMRI1_test_100_dot_product_rdm.csv,L2,pearson,100,4950,1.0,,sub-03,split_half,0.004561331310084307,,0.42157842157842157,0.2028859402357928,1000,14705157194095332257,,,,,,,False,,,,,0.0874658655838537,0.1608618134177367,contiguous,1.0,0.40107582003623293,0.40107582003623293,0.011372740719378794,0.011372740719378794,False
LOC,mahalanobis,weights_sorted_fMRI1_test_100_dot_product_rdm.csv,L3,spearman,100,4950,1.0,,F1+F2+F3,nili,-0.009731422587761196,0.015049;-0.051839;0.007596,0.8101898101898102,-0.8620239540076886,1000,14705157194095332254,0.5596213404255593,-0.020871324583218675,0.5596213404255593,1.0,-0.020871324583218675,1.0,False,,,0.46625802540513517,-0.01738929859315411,,,,,,,,,False
LOC,mahalanobis,weights_sorted_fMRI1_test_100_dot_product_rdm.csv,L3,spearman,100,4950,1.0,,sub-01,split_half,0.015049288477257951,,0.15784215784215785,0.9674731564506905,1000,14705157194095332255,,,,,,,False,,,,,-0.0058016413375646,-0.0116709935940148,contiguous,1.0,,,,,True
LOC,mahalanobis,weights_sorted_fMRI1_test_100_dot_product_rdm.csv,L3,spearman,100,4950,1.0,,sub-02,split_half,-0.05183921659449612,,0.996003996003996,-2.5616005938552715,1000,14705157194095332256,,,,,,,False,,,,,0.0237749000099488,0.0464455614407382,contiguous,1.0,0.21551232317604996,0.21551232317604996,-0.2405394542202079,-0.2405394542202079,False
LOC,mahalanobis,weights_sorted_fMRI1_test_100_dot_product_rdm.csv,L3,spearman,100,4950,1.0,,sub-03,split_half,0.007595660353954574,,0.37962037962037964,0.29802936831930366,1000,14705157194095332257,,,,,,,False,,,,,0.0355787479174487,0.0687127811168347,contiguous,1.0,0.2621312288088443,0.2621312288088443,0.02897655646933089,0.02897655646933089,False
LOC,mahalanobis,weights_sorted_fMRI1_test_100_dot_product_rdm.csv,L3,kendall,100,4950,1.0,,F1+F2+F3,nili,-0.007031494470672771,0.010730;-0.037359;0.005534,0.8091908091908092,-0.8518503672268426,1000,14705157194095332254,0.4227917632052007,-0.015467490049698595,0.4227917632052007,1.0,-0.015467490049698598,1.0,False,,,0.4545982863463868,-0.016631105623644934,,,,,,,,,False
LOC,mahalanobis,weights_sorted_fMRI1_test_100_dot_product_rdm.csv,L3,kendall,100,4950,1.0,,sub-01,split_half,0.010730473514344935,,0.15884115884115885,0.9606885264845848,1000,14705157194095332255,,,,,,,False,,,,,-0.0041381832908436,-0.0083107580216668,contiguous,1.0,,,,,True
LOC,mahalanobis,weights_sorted_fMRI1_test_100_dot_product_rdm.csv,L3,kendall,100,4950,1.0,,sub-02,split_half,-0.037358562409223556,,0.996003996003996,-2.55296493504688,1000,14705157194095332256,,,,,,,False,,,,,0.0179908194272095,0.0353457400280532,contiguous,1.0,0.1880046276772282,0.1880046276772282,-0.19871086616741063,-0.19871086616741063,False
LOC,mahalanobis,weights_sorted_fMRI1_test_100_dot_product_rdm.csv,L3,kendall,100,4950,1.0,,sub-03,split_half,0.005533605482860307,,0.3806193806193806,0.29250655935353703,1000,14705157194095332257,,,,,,,False,,,,,0.0281814435815508,0.054818035780502,contiguous,1.0,0.23413251756324238,0.23413251756324238,0.023634502120644583,0.023634502120644583,False
LOC,mahalanobis,weights_sorted_fMRI1_test_100_euclidean_rdm.csv,L1,l1_r0,100,4950,1.0,0.1584528529687979,F1+F2+F3,nili,0.9876803418106398,0.987680;0.987680;0.987680,0.9790209790209791,1.0101628627073231,1000,4539580540126687902,1.0,1.0,1.0,1.0000000000000002,1.0,1.0000000000000002,False,0.9876778983094784,,0.00019830230449147937,0.00019830230449147937,,,,,,,,,False
LOC,mahalanobis,weights_sorted_fMRI1_test_100_euclidean_rdm.csv,L1,l1_r0,100,4950,1.0,0.1584528529687979,sub-01,split_half,0.9876803418106397,,0.8531468531468531,1.0721927243760019,1000,4539580540126687903,,,,,,,False,0.9876778983094783,3.919288060166595e-16,,,0.999999999999,0.9999999999995,contiguous,1.0,0.99999999999975,0.99999999999975,0.00019830230449550124,0.00019830230449550124,False
LOC,mahalanobis,weights_sorted_fMRI1_test_100_euclidean_rdm.csv,L1,l1_r0,100,4950,1.0,0.1584528529687979,sub-02,split_half,0.9876803418106399,,0.5474525474525475,1.3031721081888652,1000,4539580540126687904,,,,,,,False,0.9876778983094783,2.8519832260445227e-16,,,0.999999999999,0.9999999999995,contiguous,1.0,0.99999999999975,0.99999999999975,0.00019830230451352128,0.00019830230451352128,False
LOC,mahalanobis,weights_sorted_fMRI1_test_100_euclidean_rdm.csv,L1,l1_r0,100,4950,1.0,0.1584528529687979,sub-03,split_half,0.9876803418106397,,0.9690309690309691,0.9872356083232935,1000,4539580540126687905,,,,,,,False,0.9876778983094783,2.230721189967084e-16,,,0.999999999999,0.9999999999995,contiguous,1.0,0.99999999999975,0.99999999999975,0.00019830230449550124,0.00019830230449550124,False
LOC,mahalanobis,weights_sorted_fMRI1_test_100_euclidean_rdm.csv,L2,pearson,100,4950,1.0,,F1+F2+F3,nili,0.00024058343371154262,-0.000647;0.023778;-0.022409,0.4915084915084915,-0.014391369656853597,1000,4539580540126687902,0.5656792550571819,-0.028378273656898753,0.5656792550571818,1.0,-0.028378273656898753,1.0,False,,,-0.008477733234243333,0.0004253000822652108,,,,,,,,,False
LOC,mahalanobis,weights_sorted_fMRI1_test_100_euclidean_rdm.csv,L2,pearson,100,4950,1.0,,sub-01,split_half,-0.0006471172668773275,,0.5204795204795205,-0.04761717397277013,1000,4539580540126687903,,,,,,,False,,,,,-0.0217358973234292,-0.0444376876631964,contiguous,1.0,,,,,True
LOC,mahalanobis,weights_sorted_fMRI1_test_100_euclidean_rdm.csv,L2,pearson,100,4950,1.0,,sub-02,split_half,0.023778176021523798,,0.13986013986013987,1.082999282669334,1000,4539580540126687904,,,,,,,False,,,,,0.024384911661383,0.0476088848708925,contiguous,1.0,0.21819460321211545,0.21819460321211545,0.10897692092965337,0.10897692092965337,False
LOC,mahalanobis,weights_sorted_fMRI1_test_100_euclidean_rdm.csv,L2,pearson,100,4950,1.0,,sub-03,split_half,-0.022409308453511845,,0.7922077922077922,-0.821818682331408,1000,4539580540126687905,,,,,,,False,,,,,0.0874658655838537,0.1608618134177367,contiguous,1.0,0.40107582003623293,0.40107582003623293,-0.05587299790719721,-0.05587299790719721,False
LOC,mahalanobis,weights_sorted_fMRI1_test_100_euclidean_rdm.csv,L3,spearman,100,4950,1.0,,F1+F2+F3,nili,0.004102781800925482,0.005598;0.031038;-0.024327,0.3866133866133866,0.26632547937514706,1000,4539580540126687902,0.5596213404255593,-0.020871324583218675,0.5596213404255593,1.0,-0.020871324583218675,1.0,False,,,-0.1965750561046936,0.007331353371559341,,,,,,,,,False
LOC,mahalanobis,weights_sorted_fMRI1_test_100_euclidean_rdm.csv,L3,spearman,100,4950,1.0,,sub-01,split_half,0.005597955285721865,,0.39760239760239763,0.2911373975424191,1000,4539580540126687903,,,,,,,False,,,,,-0.0058016413375646,-0.0116709935940148,contiguous,1.0,,,,,True
LOC,mahalanobis,weights_sorted_fMRI1_test_100_euclidean_rdm.csv,L3,spearman,100,4950,1.0,,sub-02,split_half,0.031037810503374792,,0.12387612387612387,1.1685887596744262,1000,4539580540126687904,,,,,,,False,,,,,0.0237749000099488,0.0464455614407382,contiguous,1.0,0.21551232317604996,0.21551232317604996,0.14401872730971538,0.14401872730971538,False
LOC,mahalanobis,weights_sorted_fMRI1_test_100_euclidean_rdm.csv,L3,spearman,100,4950,1.0,,sub-03,split_half,-0.02432742038632021,,0.7752247752247752,-0.7537081820155136,1000,4539580540126687905,,,,,,,False,,,,,0.0355787479174487,0.0687127811168347,contiguous,1.0,0.2621312288088443,0.2621312288088443,-0.09280626538420059,-0.09280626538420059,False
LOC,mahalanobis,weights_sorted_fMRI1_test_100_euclidean_rdm.csv,L3,kendall,100,4950,1.0,,F1+F2+F3,nili,0.0029337249291165393,0.004129;0.022543;-0.017871,0.38461538461538464,0.25957149860860596,1000,4539580540126687902,0.4227917632052007,-0.015467490049698595,0.4227917632052007,1.0,-0.015467490049698598,1.0,False,,,-0.18967039381891873,0.006938935864965432,,,,,,,,,False
LOC,mahalanobis,weights_sorted_fMRI1_test_100_euclidean_rdm.csv,L3,kendall,100,4950,1.0,,sub-01,split_half,0.004128896281777596,,0.3906093906093906,0.2996540734197463,1000,4539580540126687903,,,,,,,False,,,,,-0.0041381832908436,-0.0083107580216668,contiguous,1.0,,,,,True
LOC,mahalanobis,weights_sorted_fMRI1_test_100_euclidean_rdm.csv,L3,kendall,100,4950,1.0,,sub-02,split_half,0.022543174117076615,,0.12187812187812187,1.1744803229101017,1000,4539580540126687904,,,,,,,False,,,,,0.0179908194272095,0.0353457400280532,contiguous,1.0,0.1880046276772282,0.1880046276772282,0.1199075490619273,0.1199075490619273,False
LOC,mahalanobis,weights_sorted_fMRI1_test_100_euclidean_rdm.csv,L3,kendall,100,4950,1.0,,sub-03,split_half,-0.01787089561150459,,0.7722277722277723,-0.7461195094880889,1000,4539580540126687905,,,,,,,False,,,,,0.0281814435815508,0.054818035780502,contiguous,1.0,0.23413251756324238,0.23413251756324238,-0.07632812305397699,-0.07632812305397699,False
FFA,correlation,weights_sorted_fMRI1_test_100_choice_probability_rdm.csv,L1,l1_r0,100,4950,1.0,0.6215286405986206,F1+F2+F3,nili,0.8401049235321988,0.839349;0.837619;0.843347,0.986013986013986,-2.6389963699822037,1000,9574679315047107434,0.9960917216522428,0.9912024624946515,0.9960917216522428,1.0000000000000002,0.9912024624946515,1.0000000000000002,False,0.8420747478635012,,-0.01320897551588292,-0.012789657417917858,,,,,,,,,False
FFA,correlation,weights_sorted_fMRI1_test_100_choice_probability_rdm.csv,L1,l1_r0,100,4950,1.0,0.6215286405986206,sub-01,split_half,0.8393490772895875,,0.99000999000999,-2.5447799280551906,1000,9574679315047107435,,,,,,,False,0.8420461505834169,0.1317306993462841,,,0.9933512864439846,0.9966645550128416,all,462.0,0.9983308845332001,0.9983308845332001,-0.01725743280016085,-0.01725743280016085,False
FFA,correlation,weights_sorted_fMRI1_test_100_choice_probability_rdm.csv,L1,l1_r0,100,4950,1.0,0.6215286405986206,sub-02,split_half,0.8376188216459981,,0.9400599400599401,-1.7263409112089307,1000,9574679315047107436,,,,,,,False,0.8396961265451911,0.15184003397546822,,,0.9921804769104702,0.996074892219777,all,462.0,0.9980355165122016,0.9980355165122016,-0.01311931857022943,-0.01311931857022943,False
FFA,correlation,weights_sorted_fMRI1_test_100_choice_probability_rdm.csv,L1,l1_r0,100,4950,1.0,0.6215286405986206,sub-03,split_half,0.8433468716610106,,0.9050949050949051,-1.3761124892609338,1000,9574679315047107437,,,,,,,False,0.8444819664618958,0.10720333215239433,,,0.9927357785984068,0.9963546489807582,all,462.0,0.9981756603828598,0.9981756603828598,-0.007385435094486404,-0.007385435094486404,False
FFA,correlation,weights_sorted_fMRI1_test_100_choice_probability_rdm.csv,L2,pearson,100,4950,1.0,,F1+F2+F3,nili,-0.02888321138038599,-0.039493;-0.026541;-0.020616,0.987012987012987,-2.63563787928504,1000,9574679315047107434,0.7374530900330454,0.39008357069832744,0.7374530900330454,1.0,0.39008357069832744,1.0,False,,,-0.07404365000217589,-0.03916616768002386,,,,,,,,,False
FFA,correlation,weights_sorted_fMRI1_test_100_choice_probability_rdm.csv,L2,pearson,100,4950,1.0,,sub-01,split_half,-0.03949252752469264,,0.99000999000999,-2.544779928055088,1000,9574679315047107435,,,,,,,False,,,,,0.3504283189591287,0.5189884039594619,all,462.0,0.7204084979783775,0.7204084979783775,-0.05481963030074915,-0.05481963030074915,False
FFA,correlation,weights_sorted_fMRI1_test_100_choice_probability_rdm.csv,L2,pearson,100,4950,1.0,,sub-02,split_half,-0.0265407811505336,,0.9400599400599401,-1.7263409112091164,1000,9574679315047107436,,,,,,,False,,,,,0.422279832608032,0.5938069610868323,all,462.0,0.7705887107185209,0.7705887107185209,-0.03444221383127473,-0.03444221383127473,False
FFA,correlation,weights_sorted_fMRI1_test_100_choice_probability_rdm.csv,L2,pearson,100,4950,1.0,,sub-03,split_half,-0.02061632546593171,,0.9050949050949051,-1.3761124892609413,1000,9574679315047107437,,,,,,,False,,,,,0.1174554316859056,0.2102194474256581,all,462.0,0.45849694374734723,0.45849694374734723,-0.044965022661726285,-0.044965022661726285,False
FFA,correlation,weights_sorted_fMRI1_test_100_choice_probability_rdm.csv,L3,spearman,100,4950,1.0,,F1+F2+F3,nili,-0.0198269243121411,-0.039253;-0.008960;-0.011267,0.8741258741258742,-1.1764938272273375,1000,9574679315047107434,0.7043160062469829,0.31814340091197496,0.7043160062469829,0.9999999999999999,0.31814340091197496,0.9999999999999999,False,,,-0.062320715297900786,-0.028150608727168954,,,,,,,,,False
FFA,correlation,weights_sorted_fMRI1_test_100_choice_probability_rdm.csv,L3,spearman,100,4950,1.0,,sub-01,split_half,-0.03925310900910246,,0.9300699300699301,-1.5778416385339655,1000,9574679315047107435,,,,,,,False,,,,,0.2909231647016421,0.4507211159525209,all,462.0,0.6713576661903258,0.6713576661903258,-0.0584682517023265,-0.0584682517023265,False
FFA,correlation,weights_sorted_fMRI1_test_100_choice_probability_rdm.csv,L3,spearman,100,4950,1.0,,sub-02,split_half,-0.008960321174018232,,0.6993006993006993,-0.42462609355266495,1000,9574679315047107436,,,,,,,False,,,,,0.3631668380491668,0.5328281585383873,all,462.0,0.7299507918609222,0.7299507918609222,-0.01227524002155675,-0.01227524002155675,False
FFA,correlation,weights_sorted_fMRI1_test_100_choice_probability_rdm.csv,L3,spearman,100,4950,1.0,,sub-03,split_half,-0.011267342753302611,,0.7202797202797203,-0.5572483462821642,1000,9574679315047107437,,,,,,,False,,,,,0.1041722124709618,0.1886883428044997,all,462.0,0.43438271467048467,0.43438271467048467,-0.02593874565623502,-0.02593874565623502,False
FFA,correlation,weights_sorted_fMRI1_test_100_choice_probability_rdm.csv,L3,kendall,100,4950,1.0,,F1+F2+F3,nili,-0.013528237177459242,-0.026083;-0.006932;-0.007569,0.8821178821178821,-1.2018660761123459,1000,9574679315047107434,0.5113888934961172,0.21729149865247424,0.5113888934961172,0.9999999999999999,0.21729149865247424,0.9999999999999999,False,,,-0.062258474267765374,-0.026453912764849593,,,,,,,,,False
FFA,correlation,weights_sorted_fMRI1_test_100_choice_probability_rdm.csv,L3,kendall,100,4950,1.0,,sub-01,split_half,-0.02608334302818037,,0.9300699300699301,-1.570174076292621,1000,9574679315047107435,,,,,,,False,,,,,0.1976551636964208,0.3300702400620586,all,462.0,0.5745173975277499,0.5745173975277499,-0.04540044068364442,-0.04540044068364442,False
FFA,correlation,weights_sorted_fMRI1_test_100_choice_probability_rdm.csv,L3,kendall,100,4950,1.0,,sub-02,split_half,-0.00693236670605836,,0.7202797202797203,-0.48216935907898156,1000,9574679315047107436,,,,,,,False,,,,,0.246437149766748,0.3954265159905816,all,462.0,0.6288294808535789,0.6288294808535789,-0.01102423934807939,-0.01102423934807939,False
FFA,correlation,weights_sorted_fMRI1_test_100_choice_probability_rdm.csv,L3,kendall,100,4950,1.0,,sub-03,split_half,-0.007569001798138996,,0.7222777222777222,-0.5609853445628233,1000,9574679315047107437,,,,,,,False,,,,,0.0696716089136963,0.1302672863954037,all,462.0,0.3609255967583952,0.3609255967583952,-0.020971086190946196,-0.020971086190946196,False
FFA,correlation,weights_sorted_fMRI1_test_100_cosine_rdm.csv,L1,l1_r0,100,4950,1.0,0.2607311040005725,F1+F2+F3,nili,0.9598306926778828,0.960434;0.956509;0.962549,0.25674325674325676,0.650037282403358,1000,4158468516140776210,0.9960917216522428,0.9912024624946515,0.9960917216522428,1.0000000000000002,0.9912024624946515,1.0000000000000002,False,0.9593944791629782,,0.013713963263753052,0.011886819971071308,,,,,,,,,False
FFA,correlation,weights_sorted_fMRI1_test_100_cosine_rdm.csv,L1,l1_r0,100,4950,1.0,0.2607311040005725,sub-01,split_half,0.9604343422372089,,0.12487512487512488,1.1239074934532962,1000,4158468516140776211,,,,,,,False,0.9593618976460739,0.1317306993462841,,,0.9933512864439846,0.9966645550128416,all,462.0,0.9983308845332001,0.9983308845332001,0.027520463753428367,0.027520463753428367,False
FFA,correlation,weights_sorted_fMRI1_test_100_cosine_rdm.csv,L1,l1_r0,100,4950,1.0,0.2607311040005725,sub-02,split_half,0.956508586931834,,0.5734265734265734,-0.1749101892313651,1000,4158468516140776212,,,,,,,False,0.956684463019404,0.15184003397546822,,,0.9921804769104702,0.996074892219777,all,462.0,0.9980355165122016,0.9980355165122016,-0.00425324321182299,-0.00425324321182299,False
FFA,correlation,weights_sorted_fMRI1_test_100_cosine_rdm.csv,L1,l1_r0,100,4950,1.0,0.2607311040005725,sub-03,split_half,0.9625491488646054,,0.24375624375624375,0.6969145439765622,1000,4158468516140776213,,,,,,,False,0.9621370768234562,0.10720333215239433,,,0.9927357785984068,0.9963546489807582,all,462.0,0.9981756603828598,0.9981756603828598,0.011434190815796193,0.011434190815796193,False
FFA,correlation,weights_sorted_fMRI1_test_100_cosine_rdm.csv,L2,pearson,100,4950,1.0,,F1+F2+F3,nili,0.014168683439655846,0.032316;-0.004864;0.015055,0.23876123876123875,0.707651496023092,1000,4158468516140776210,0.7374530900330454,0.39008357069832744,0.7374530900330454,1.0,0.39008357069832744,1.0,False,,,0.036322174282528936,0.019212996231422592,,,,,,,,,False
FFA,correlation,weights_sorted_fMRI1_test_100_cosine_rdm.csv,L2,pearson,100,4950,1.0,,sub-01,split_half,0.032316018118148826,,0.12487512487512488,1.123907493453571,1000,4158468516140776211,,,,,,,False,,,,,0.3504283189591287,0.5189884039594619,all,462.0,0.7204084979783775,0.7204084979783775,0.04485790799086155,0.04485790799086155,False
FFA,correlation,weights_sorted_fMRI1_test_100_cosine_rdm.csv,L2,pearson,100,4950,1.0,,sub-02,split_half,-0.004864493789342479,,0.5734265734265734,-0.17491018923149315,1000,4158468516140776212,,,,,,,False,,,,,0.422279832608032,0.5938069610868323,all,462.0,0.7705887107185209,0.7705887107185209,-0.006312697969331362,-0.006312697969331362,False
FFA,correlation,weights_sorted_fMRI1_test_100_cosine_rdm.csv,L2,pearson,100,4950,1.0,,sub-03,split_half,0.015054525990161178,,0.24375624375624375,0.696914543976879,1000,4158468516140776213,,,,,,,False,,,,,0.1174554316859056,0.2102194474256581,all,462.0,0.45849694374734723,0.45849694374734723,0.03283451764611306,0.03283451764611306,False
FFA,correlation,weights_sorted_fMRI1_test_100_cosine_rdm.csv,L3,spearman,100,4950,1.0,,F1+F2+F3,nili,-0.0016262842035298982,0.026933;-0.032976;0.001164,0.5244755244755245,-0.07172343491432567,1000,4158468516140776210,0.7043160062469829,0.31814340091197496,0.7043160062469829,0.9999999999999999,0.31814340091197496,0.9999999999999999,False,,,-0.005111796123597309,-0.002309026330660457,,,,,,,,,False
FFA,correlation,weights_sorted_fMRI1_test_100_cosine_rdm.csv,L3,spearman,100,4950,1.0,,sub-01,split_half,0.026933091192045344,,0.24275724275724275,0.675018401247481,1000,4158468516140776211,,,,,,,False,,,,,0.2909231647016421,0.4507211159525209,all,462.0,0.6713576661903258,0.6713576661903258,0.04011735107588684,0.04011735107588684,False
FFA,correlation,weights_sorted_fMRI1_test_100_cosine_rdm.csv,L3,spearman,100,4950,1.0,,sub-02,split_half,-0.03297568800734335,,0.8181818181818182,-0.9313996319461575,1000,4158468516140776212,,,,,,,False,,,,,0.3631668380491668,0.5328281585383873,all,462.0,0.7299507918609222,0.7299507918609222,-0.04517522054229955,-0.04517522054229955,False
FFA,correlation,weights_sorted_fMRI1_test_100_cosine_rdm.csv,L3,spearman,100,4950,1.0,,sub-03,split_half,0.001163744204708312,,0.46653346653346656,0.06647607867642515,1000,4158468516140776213,,,,,,,False,,,,,0.1041722124709618,0.1886883428044997,all,462.0,0.43438271467048467,0.43438271467048467,0.002679075767531653,0.002679075767531653,False
FFA,correlation,weights_sorted_fMRI1_test_100_cosine_rdm.csv,L3,kendall,100,4950,1.0,,F1+F2+F3,nili,-0.0008334166750008336,0.017901;-0.021105;0.000704,0.5184815184815185,-0.057705777830072136,1000,4158468516140776210,0.5113888934961172,0.21729149865247424,0.5113888934961172,0.9999999999999999,0.21729149865247424,0.9999999999999999,False,,,-0.0038354775965430696,-0.0016297121145967192,,,,,,,,,False
FFA,correlation,weights_sorted_fMRI1_test_100_cosine_rdm.csv,L3,kendall,100,4950,1.0,,sub-01,split_half,0.017900810489212184,,0.24475524475524477,0.6724611027515599,1000,4158468516140776211,,,,,,,False,,,,,0.1976551636964208,0.3300702400620586,all,462.0,0.5745173975277499,0.5745173975277499,0.03115799550412667,0.03115799550412667,False
FFA,correlation,weights_sorted_fMRI1_test_100_cosine_rdm.csv,L3,kendall,100,4950,1.0,,sub-02,split_half,-0.02110488599880396,,0.8081918081918081,-0.8941055624995504,1000,4158468516140776212,,,,,,,False,,,,,0.246437149766748,0.3954265159905816,all,462.0,0.6288294808535789,0.6288294808535789,-0.033562176458641846,-0.033562176458641846,False
FFA,correlation,weights_sorted_fMRI1_test_100_cosine_rdm.csv,L3,kendall,100,4950,1.0,,sub-03,split_half,0.0007038254845892751,,0.46553446553446554,0.06303840695956561,1000,4158468516140776213,,,,,,,False,,,,,0.0696716089136963,0.1302672863954037,all,462.0,0.3609255967583952,0.3609255967583952,0.001950056994878139,0.001950056994878139,False
FFA,correlation,weights_sorted_fMRI1_test_100_dot_product_rdm.csv,L1,l1_r0,100,4950,1.0,0.5589913503125625,F1+F2+F3,nili,0.8648591757946158,0.863835;0.863018;0.867724,0.6963036963036963,-0.47229639342233043,1000,14954292733336899526,0.9960917216522428,0.9912024624946515,0.9960917216522428,1.0000000000000002,0.9912024624946515,1.0000000000000002,False,0.8654341059211667,,-0.004571341649160615,-0.0044002802541123565,,,,,,,,,False
FFA,correlation,weights_sorted_fMRI1_test_100_dot_product_rdm.csv,L1,l1_r0,100,4950,1.0,0.5589913503125625,sub-01,split_half,0.8638349391863105,,0.8321678321678322,-0.9613269316306216,1000,14954292733336899527,,,,,,,False,0.865404715345586,0.1317306993462841,,,0.9933512864439846,0.9966645550128416,all,462.0,0.9983308845332001,0.9983308845332001,-0.011809383877300744,-0.011809383877300744,False
FFA,correlation,weights_sorted_fMRI1_test_100_dot_product_rdm.csv,L1,l1_r0,100,4950,1.0,0.5589913503125625,sub-02,split_half,0.8630183667667669,,0.5184815184815185,-0.003981051930722446,1000,14954292733336899528,,,,,,,False,0.8629895010696856,0.15184003397546822,,,0.9921804769104702,0.996074892219777,all,462.0,0.9980355165122016,0.9980355165122016,0.00021374712157692412,0.00021374712157692412,False
FFA,correlation,weights_sorted_fMRI1_test_100_dot_product_rdm.csv,L1,l1_r0,100,4950,1.0,0.5589913503125625,sub-03,split_half,0.8677242214307701,,0.5604395604395604,-0.1801779735760757,1000,14954292733336899529,,,,,,,False,0.8679081013482283,0.10720333215239433,,,0.9927357785984068,0.9963546489807582,all,462.0,0.9981756603828598,0.9981756603828598,-0.0014115557151821554,-0.0014115557151821554,False
FFA,correlation,weights_sorted_fMRI1_test_100_dot_product_rdm.csv,L2,pearson,100,4950,1.0,,F1+F2+F3,nili,-0.009620205497697439,-0.024988;0.000084;-0.003957,0.7012987012987013,-0.4867164065311786,1000,14954292733336899526,0.7374530900330454,0.39008357069832744,0.7374530900330454,1.0,0.39008357069832744,1.0,False,,,-0.02466190893524521,-0.013045176198619434,,,,,,,,,False
FFA,correlation,weights_sorted_fMRI1_test_100_dot_product_rdm.csv,L2,pearson,100,4950,1.0,,sub-01,split_half,-0.02498791203022259,,0.8321678321678322,-0.9613269316307391,1000,14954292733336899527,,,,,,,False,,,,,0.3504283189591287,0.5189884039594619,all,462.0,0.7204084979783775,0.7204084979783775,-0.03468575412470021,-0.03468575412470021,False
FFA,correlation,weights_sorted_fMRI1_test_100_dot_product_rdm.csv,L2,pearson,100,4950,1.0,,sub-02,split_half,8.393442591997485e-05,,0.5184815184815185,-0.0039810519308176905,1000,14954292733336899528,,,,,,,False,,,,,0.422279832608032,0.5938069610868323,all,462.0,0.7705887107185209,0.7705887107185209,0.00010892247025227217,0.00010892247025227217,False
FFA,correlation,weights_sorted_fMRI1_test_100_dot_product_rdm.csv,L2,pearson,100,4950,1.0,,sub-03,split_half,-0.003956638888789699,,0.5604395604395604,-0.18017797357607243,1000,14954292733336899529,,,,,,,False,,,,,0.1174554316859056,0.2102194474256581,all,462.0,0.45849694374734723,0.45849694374734723,-0.008629586178812106,-0.008629586178812106,False
FFA,correlation,weights_sorted_fMRI1_test_100_dot_product_rdm.csv,L3,spearman,100,4950,1.0,,F1+F2+F3,nili,0.01029420347300209,-0.014682;0.032782;0.012782,0.3706293706293706,0.41064125426583653,1000,14954292733336899526,0.7043160062469829,0.31814340091197496,0.7043160062469829,0.9999999999999999,0.31814340091197496,0.9999999999999999,False,,,0.03235711771324883,0.014615887444977669,,,,,,,,,False
FFA,correlation,weights_sorted_fMRI1_test_100_dot_product_rdm.csv,L3,spearman,100,4950,1.0,,sub-01,split_half,-0.014681554701581228,,0.6723276723276723,-0.42233349137641985,1000,14954292733336899527,,,,,,,False,,,,,0.2909231647016421,0.4507211159525209,all,462.0,0.6713576661903258,0.6713576661903258,-0.021868454686594877,-0.021868454686594877,False
FFA,correlation,weights_sorted_fMRI1_test_100_dot_product_rdm.csv,L3,spearman,100,4950,1.0,,sub-02,split_half,0.03278182043489696,,0.1918081918081918,0.9100467296574567,1000,14954292733336899528,,,,,,,False,,,,,0.3631668380491668,0.5328281585383873,all,462.0,0.7299507918609222,0.7299507918609222,0.04490963062225556,0.04490963062225556,False
FFA,correlation,weights_sorted_fMRI1_test_100_dot_product_rdm.csv,L3,spearman,100,4950,1.0,,sub-03,split_half,0.012782344685690542,,0.34165834165834164,0.4422230711649569,1000,14954292733336899529,,,,,,,False,,,,,0.1041722124709618,0.1886883428044997,all,462.0,0.43438271467048467,0.43438271467048467,0.029426457945931413,0.029426457945931413,False
FFA,correlation,weights_sorted_fMRI1_test_100_dot_product_rdm.csv,L3,kendall,100,4950,1.0,,F1+F2+F3,nili,0.006686246855978115,-0.009767;0.021214;0.008612,0.37462537462537465,0.3994611171038766,1000,14954292733336899526,0.5113888934961172,0.21729149865247424,0.5113888934961172,0.9999999999999999,0.21729149865247424,0.9999999999999999,False,,,0.03077086263127018,0.013074681403945824,,,,,,,,,False
FFA,correlation,weights_sorted_fMRI1_test_100_dot_product_rdm.csv,L3,kendall,100,4950,1.0,,sub-01,split_half,-0.009766935877261195,,0.6723276723276723,-0.4220365515015152,1000,14954292733336899527,,,,,,,False,,,,,0.1976551636964208,0.3300702400620586,all,462.0,0.5745173975277499,0.5745173975277499,-0.017000243890420118,-0.017000243890420118,False
FFA,correlation,weights_sorted_fMRI1_test_100_dot_product_rdm.csv,L3,kendall,100,4950,1.0,,sub-02,split_half,0.02121379484887264,,0.1978021978021978,0.8824611027931748,1000,14954292733336899528,,,,,,,False,,,,,0.246437149766748,0.3954265159905816,all,462.0,0.6288294808535789,0.6288294808535789,0.03373536943604622,0.03373536943604622,False
FFA,correlation,weights_sorted_fMRI1_test_100_dot_product_rdm.csv,L3,kendall,100,4950,1.0,,sub-03,split_half,0.008611881596322897,,0.3386613386613387,0.4466903718553453,1000,14954292733336899529,,,,,,,False,,,,,0.0696716089136963,0.1302672863954037,all,462.0,0.3609255967583952,0.3609255967583952,0.023860545424512297,0.023860545424512297,False
FFA,correlation,weights_sorted_fMRI1_test_100_euclidean_rdm.csv,L1,l1_r0,100,4950,1.0,0.1584528529687979,F1+F2+F3,nili,0.9798015746513359,0.980134;0.976537;0.982733,0.16783216783216784,0.9557606985400299,1000,18411441143666610645,0.9960917216522428,0.9912024624946515,0.9960917216522428,1.0000000000000002,0.9912024624946515,1.0000000000000002,False,0.9792515202103225,,0.046026031079966584,0.03266317466037926,,,,,,,,,False
FFA,correlation,weights_sorted_fMRI1_test_100_euclidean_rdm.csv,L1,l1_r0,100,4950,1.0,0.1584528529687979,sub-01,split_half,0.9801344938457699,,0.0969030969030969,1.3200017856821062,1000,18411441143666610646,,,,,,,False,0.9792182643383615,0.1317306993462841,,,0.9933512864439846,0.9966645550128416,all,462.0,0.9983308845332001,0.9983308845332001,0.04793845626963634,0.04793845626963634,False
FFA,correlation,weights_sorted_fMRI1_test_100_euclidean_rdm.csv,L1,l1_r0,100,4950,1.0,0.1584528529687979,sub-02,split_half,0.9765374889694661,,0.4835164835164835,0.039266203231700735,1000,18411441143666610647,,,,,,,False,0.9764854135815823,0.15184003397546822,,,0.9921804769104702,0.996074892219777,all,462.0,0.9980355165122016,0.9980355165122016,0.0024164797751330216,0.0024164797751330216,False
FFA,correlation,weights_sorted_fMRI1_test_100_euclidean_rdm.csv,L1,l1_r0,100,4950,1.0,0.1584528529687979,sub-03,split_half,0.9827327411387714,,0.0969030969030969,1.3164705187695012,1000,18411441143666610648,,,,,,,False,0.9820508827110235,0.10720333215239433,,,0.9927357785984068,0.9963546489807582,all,462.0,0.9981756603828598,0.9981756603828598,0.04228637700468076,0.04228637700468076,False
FFA,correlation,weights_sorted_fMRI1_test_100_euclidean_rdm.csv,L2,pearson,100,4950,1.0,,F1+F2+F3,nili,0.0291077959212389,0.044635;0.002020;0.040669,0.15084915084915085,1.0411349201965305,1000,18411441143666610645,0.7374530900330454,0.39008357069832744,0.7374530900330454,1.0,0.39008357069832744,1.0,False,,,0.07461938442864983,0.03947070846219462,,,,,,,,,False
FFA,correlation,weights_sorted_fMRI1_test_100_euclidean_rdm.csv,L2,pearson,100,4950,1.0,,sub-01,split_half,0.0446345583446284,,0.0969030969030969,1.3200017856821022,1000,18411441143666610646,,,,,,,False,,,,,0.3504283189591287,0.5189884039594619,all,462.0,0.7204084979783775,0.7204084979783775,0.06195729016229355,0.06195729016229355,False
FFA,correlation,weights_sorted_fMRI1_test_100_euclidean_rdm.csv,L2,pearson,100,4950,1.0,,sub-02,split_half,0.002019521352014274,,0.4835164835164835,0.039266203231469454,1000,18411441143666610647,,,,,,,False,,,,,0.422279832608032,0.5938069610868323,all,462.0,0.7705887107185209,0.7705887107185209,0.0026207512826540236,0.0026207512826540236,False
FFA,correlation,weights_sorted_fMRI1_test_100_euclidean_rdm.csv,L2,pearson,100,4950,1.0,,sub-03,split_half,0.040669308067074035,,0.0969030969030969,1.3164705187700732,1000,18411441143666610648,,,,,,,False,,,,,0.1174554316859056,0.2102194474256581,all,462.0,0.45849694374734723,0.45849694374734723,0.08870137221565577,0.08870137221565577,False
FFA,correlation,weights_sorted_fMRI1_test_100_euclidean_rdm.csv,L3,spearman,100,4950,1.0,,F1+F2+F3,nili,0.01422326599454532,0.043485;-0.030562;0.029746,0.32667332667332666,0.4196887789020239,1000,18411441143666610645,0.7043160062469829,0.31814340091197496,0.7043160062469829,0.9999999999999999,0.31814340091197496,0.9999999999999999,False,,,0.04470709105948315,0.020194438105042355,,,,,,,,,False
FFA,correlation,weights_sorted_fMRI1_test_100_euclidean_rdm.csv,L3,spearman,100,4950,1.0,,sub-01,split_half,0.043485137948211273,,0.14985014985014986,1.0348315613702137,1000,18411441143666610646,,,,,,,False,,,,,0.2909231647016421,0.4507211159525209,all,462.0,0.6713576661903258,0.6713576661903258,0.06477193921828771,0.06477193921828771,False
FFA,correlation,weights_sorted_fMRI1_test_100_euclidean_rdm.csv,L3,spearman,100,4950,1.0,,sub-02,split_half,-0.030561599352611237,,0.7412587412587412,-0.6485848497751829,1000,18411441143666610647,,,,,,,False,,,,,0.3631668380491668,0.5328281585383873,all,462.0,0.7299507918609222,0.7299507918609222,-0.04186802684972517,-0.04186802684972517,False
FFA,correlation,weights_sorted_fMRI1_test_100_euclidean_rdm.csv,L3,spearman,100,4950,1.0,,sub-03,split_half,0.02974625938803592,,0.2127872127872128,0.7897500280643228,1000,18411441143666610648,,,,,,,False,,,,,0.1041722124709618,0.1886883428044997,all,462.0,0.43438271467048467,0.43438271467048467,0.06847938093163058,0.06847938093163058,False
FFA,correlation,weights_sorted_fMRI1_test_100_euclidean_rdm.csv,L3,kendall,100,4950,1.0,,F1+F2+F3,nili,0.009629343886769628,0.028989;-0.019764;0.019663,0.32667332667332666,0.4254405214543752,1000,18411441143666610645,0.5113888934961172,0.21729149865247424,0.5113888934961172,0.9999999999999999,0.21729149865247424,0.9999999999999999,False,,,0.04431532732060699,0.01882978689845704,,,,,,,,,False
FFA,correlation,weights_sorted_fMRI1_test_100_euclidean_rdm.csv,L3,kendall,100,4950,1.0,,sub-01,split_half,0.028988613147028986,,0.14885114885114886,1.0336532595937096,1000,18411441143666610646,,,,,,,False,,,,,0.1976551636964208,0.3300702400620586,all,462.0,0.5745173975277499,0.5745173975277499,0.05045732865840464,0.05045732865840464,False
FFA,correlation,weights_sorted_fMRI1_test_100_euclidean_rdm.csv,L3,kendall,100,4950,1.0,,sub-02,split_half,-0.019764017218048335,,0.7332667332667333,-0.6288119991251702,1000,18411441143666610647,,,,,,,False,,,,,0.246437149766748,0.3954265159905816,all,462.0,0.6288294808535789,0.6288294808535789,-0.031429851525441324,-0.031429851525441324,False
FFA,correlation,weights_sorted_fMRI1_test_100_euclidean_rdm.csv,L3,kendall,100,4950,1.0,,sub-03,split_half,0.019663435731328234,,0.21578421578421578,0.7828875402109142,1000,18411441143666610648,,,,,,,False,,,,,0.0696716089136963,0.1302672863954037,all,462.0,0.3609255967583952,0.3609255967583952,0.05448057967606826,0.05448057967606826,False
FFA,euclidean_centered,weights_sorted_fMRI1_test_100_choice_probability_rdm.csv,L1,l1_r0,100,4950,1.0,0.6215286405986206,F1+F2+F3,nili,0.8430006719387566,0.843318;0.839044;0.846640,1.0,-6.941527190430199,1000,746654630344770256,0.998251182856892,0.9960650629245444,0.9982511828568917,1.0000000000000002,0.9960650629245444,1.0000000000000002,False,0.8463430685717399,,-0.022324018908720166,-0.022002752444870537,,,,,,,,,False
FFA,euclidean_centered,weights_sorted_fMRI1_test_100_choice_probability_rdm.csv,L1,l1_r0,100,4950,1.0,0.6215286405986206,sub-01,split_half,0.8433178243683896,,1.0,-7.3928755059120395,1000,746654630344770257,,,,,,,False,0.8472577038155842,0.06982708990488895,,,0.998032825537388,0.99901544437235,all,462.0,0.9995076009577666,0.9995076009577666,-0.025877715001115454,-0.025877715001115454,False
FFA,euclidean_centered,weights_sorted_fMRI1_test_100_choice_probability_rdm.csv,L1,l1_r0,100,4950,1.0,0.6215286405986206,sub-02,split_half,0.8390442783977934,,1.0,-5.208532072515117,1000,746654630344770258,,,,,,,False,0.8438424400330273,0.11413283337914046,,,0.9973408279815736,0.9986686438382608,all,462.0,0.9993341002078638,0.9993341002078638,-0.030857999907125816,-0.030857999907125816,False
FFA,euclidean_centered,weights_sorted_fMRI1_test_100_choice_probability_rdm.csv,L1,l1_r0,100,4950,1.0,0.6215286405986206,sub-03,split_half,0.8466399130500867,,0.999000999000999,-2.931192642737659,1000,746654630344770259,,,,,,,False,0.8479290618666082,0.057316728351136645,,,0.997255438640416,0.9986258335781764,all,462.0,0.9993126805850991,0.9993126805850991,-0.008515774873361977,-0.008515774873361977,False
FFA,euclidean_centered,weights_sorted_fMRI1_test_100_choice_probability_rdm.csv,L2,pearson,100,4950,1.0,,F1+F2+F3,nili,-0.0772989642038391,-0.107826;-0.080586;-0.043485,1.0,-6.934515158091389,1000,746654630344770256,0.7196393939825864,0.3531218334277719,0.7196393939825864,1.0,0.35312183342777187,1.0,False,,,-0.21890168459280485,-0.10741346964909144,,,,,,,,,False
FFA,euclidean_centered,weights_sorted_fMRI1_test_100_choice_probability_rdm.csv,L2,pearson,100,4950,1.0,,sub-01,split_half,-0.10782613757918821,,1.0,-7.392875505912164,1000,746654630344770257,,,,,,,False,,,,,0.2907152403018,0.4504715389179473,all,462.0,0.6711717655845986,0.6711717655845986,-0.1606535660588618,-0.1606535660588618,False
FFA,euclidean_centered,weights_sorted_fMRI1_test_100_choice_probability_rdm.csv,L2,pearson,100,4950,1.0,,sub-02,split_half,-0.08058608052677899,,1.0,-5.208532072515165,1000,746654630344770258,,,,,,,False,,,,,0.5574925376427441,0.7158846982169248,all,462.0,0.8460996975634283,0.8460996975634283,-0.09524419020459207,-0.09524419020459207,False
FFA,euclidean_centered,weights_sorted_fMRI1_test_100_choice_probability_rdm.csv,L2,pearson,100,4950,1.0,,sub-03,split_half,-0.04348467450555012,,0.999000999000999,-2.9311926427376935,1000,746654630344770259,,,,,,,False,,,,,0.0455526450747402,0.087136014220468,all,462.0,0.295188099727052,0.295188099727052,-0.1473117464618613,-0.1473117464618613,False
FFA,euclidean_centered,weights_sorted_fMRI1_test_100_choice_probability_rdm.csv,L3,spearman,100,4950,1.0,,F1+F2+F3,nili,-0.05796014618094194,-0.084344;-0.065922;-0.023614,0.999000999000999,-3.5620705881484427,1000,746654630344770256,0.7043231050386192,0.323490172889259,0.7043231050386192,0.9999999999999999,0.323490172889259,0.9999999999999999,False,,,-0.1791712733134046,-0.08229198469609185,,,,,,,,,False
FFA,euclidean_centered,weights_sorted_fMRI1_test_100_choice_probability_rdm.csv,L3,spearman,100,4950,1.0,,sub-01,split_half,-0.08434397472533867,,1.0,-3.8650579523623434,1000,746654630344770257,,,,,,,False,,,,,0.2049366308508968,0.3401616742387117,all,462.0,0.5832338075238023,0.5832338075238023,-0.14461434443149374,-0.14461434443149374,False
FFA,euclidean_centered,weights_sorted_fMRI1_test_100_choice_probability_rdm.csv,L3,spearman,100,4950,1.0,,sub-02,split_half,-0.0659222286599494,,0.995004995004995,-2.9523006936685565,1000,746654630344770258,,,,,,,False,,,,,0.3161556066731817,0.4804228391691792,all,462.0,0.6931254137377876,0.6931254137377876,-0.09510865905847174,-0.09510865905847174,False
FFA,euclidean_centered,weights_sorted_fMRI1_test_100_choice_probability_rdm.csv,L3,spearman,100,4950,1.0,,sub-03,split_half,-0.023614235157537737,,0.8841158841158842,-1.1487327640456573,1000,746654630344770259,,,,,,,False,,,,,0.0418223487177254,0.0802869102764024,all,462.0,0.2833494490490539,0.2833494490490539,-0.08333961910562813,-0.08333961910562813,False
FFA,euclidean_centered,weights_sorted_fMRI1_test_100_choice_probability_rdm.csv,L3,kendall,100,4950,1.0,,F1+F2+F3,nili,-0.038385906617872674,-0.056079;-0.043354;-0.015724,0.999000999000999,-3.5371560337247083,1000,746654630344770256,0.5101693960277464,0.2184582123104911,0.5101693960277464,0.9999999999999999,0.2184582123104911,0.9999999999999999,False,,,-0.1757128112140523,-0.07524149217250381,,,,,,,,,False
FFA,euclidean_centered,weights_sorted_fMRI1_test_100_choice_probability_rdm.csv,L3,kendall,100,4950,1.0,,sub-01,split_half,-0.05607948549957036,,1.0,-3.8530185943116084,1000,746654630344770257,,,,,,,False,,,,,0.1373680002508599,0.2415541851371971,all,462.0,0.49148162237991877,0.49148162237991877,-0.11410291442437806,-0.11410291442437806,False
FFA,euclidean_centered,weights_sorted_fMRI1_test_100_choice_probability_rdm.csv,L3,kendall,100,4950,1.0,,sub-02,split_half,-0.04335380476823192,,0.995004995004995,-2.9118443989869593,1000,746654630344770258,,,,,,,False,,,,,0.2155330652775499,0.3546313488861546,all,462.0,0.5955093188911107,0.5955093188911107,-0.07280121971720008,-0.07280121971720008,False
FFA,euclidean_centered,weights_sorted_fMRI1_test_100_choice_probability_rdm.csv,L3,kendall,100,4950,1.0,,sub-03,split_half,-0.015724429585815724,,0.8831168831168831,-1.1463798826433769,1000,746654630344770259,,,,,,,False,,,,,0.0278537043562117,0.0541977992357535,all,462.0,0.2328042079425402,0.2328042079425402,-0.06754357975220433,-0.06754357975220433,False
FFA,euclidean_centered,weights_sorted_fMRI1_test_100_cosine_rdm.csv,L1,l1_r0,100,4950,1.0,0.2607311040005725,F1+F2+F3,nili,0.9662374558105968,0.967823;0.964019;0.966870,0.000999000999000999,5.222823118659652,1000,17007917893613680720,0.998251182856892,0.9960650629245444,0.9982511828568917,1.0000000000000002,0.9960650629245444,1.0000000000000002,False,0.9642574718286183,,0.06224878759310103,0.058245596673211164,,,,,,,,,False
FFA,euclidean_centered,weights_sorted_fMRI1_test_100_cosine_rdm.csv,L1,l1_r0,100,4950,1.0,0.2607311040005725,sub-01,split_half,0.9678233189892218,,0.000999000999000999,5.885066469450766,1000,17007917893613680721,,,,,,,False,0.9652995360938376,0.06982708990488895,,,0.998032825537388,0.99901544437235,all,462.0,0.9995076009577666,0.9995076009577666,0.07377742369886187,0.07377742369886187,False
FFA,euclidean_centered,weights_sorted_fMRI1_test_100_cosine_rdm.csv,L1,l1_r0,100,4950,1.0,0.2607311040005725,sub-02,split_half,0.9640190697065681,,0.000999000999000999,3.3277951424440944,1000,17007917893613680722,,,,,,,False,0.9614084501466772,0.11413283337914046,,,0.9973408279815736,0.9986686438382608,all,462.0,0.9993341002078638,0.9993341002078638,0.06883519611869943,0.06883519611869943,False
FFA,euclidean_centered,weights_sorted_fMRI1_test_100_cosine_rdm.csv,L1,l1_r0,100,4950,1.0,0.2607311040005725,sub-03,split_half,0.9668699787360004,,0.014985014985014986,2.405798828257376,1000,17007917893613680723,,,,,,,False,0.9660644292453402,0.057316728351136645,,,0.997255438640416,0.9986258335781764,all,462.0,0.9993126805850991,0.9993126805850991,0.02422832654952167,0.02422832654952167,False
FFA,euclidean_centered,weights_sorted_fMRI1_test_100_cosine_rdm.csv,L2,pearson,100,4950,1.0,,F1+F2+F3,nili,0.09653914401468618,0.143254;0.091008;0.055356,0.000999000999000999,5.4469571433023765,1000,17007917893613680720,0.7196393939825864,0.3531218334277719,0.7196393939825864,1.0,0.35312183342777187,1.0,False,,,0.27338763813490574,0.1341493320431291,,,,,,,,,False
FFA,euclidean_centered,weights_sorted_fMRI1_test_100_cosine_rdm.csv,L2,pearson,100,4950,1.0,,sub-01,split_half,0.14325403898291814,,0.000999000999000999,5.885066469450275,1000,17007917893613680721,,,,,,,False,,,,,0.2907152403018,0.4504715389179473,all,462.0,0.6711717655845986,0.6711717655845986,0.2134387146904819,0.2134387146904819,False
FFA,euclidean_centered,weights_sorted_fMRI1_test_100_cosine_rdm.csv,L2,pearson,100,4950,1.0,,sub-02,split_half,0.09100782810225891,,0.000999000999000999,3.3277951424440095,1000,17007917893613680722,,,,,,,False,,,,,0.5574925376427441,0.7158846982169248,all,462.0,0.8460996975634283,0.8460996975634283,0.10756158921264294,0.10756158921264294,False
FFA,euclidean_centered,weights_sorted_fMRI1_test_100_cosine_rdm.csv,L2,pearson,100,4950,1.0,,sub-03,split_half,0.05535556495888147,,0.014985014985014986,2.40579882825836,1000,17007917893613680723,,,,,,,False,,,,,0.0455526450747402,0.087136014220468,all,462.0,0.295188099727052,0.295188099727052,0.1875264111597535,0.1875264111597535,False
FFA,euclidean_centered,weights_sorted_fMRI1_test_100_cosine_rdm.csv,L3,spearman,100,4950,1.0,,F1+F2+F3,nili,0.08747771394190601,0.135212;0.091812;0.035409,0.000999000999000999,3.741937033824519,1000,17007917893613680720,0.7043231050386192,0.323490172889259,0.7043231050386192,0.9999999999999999,0.323490172889259,0.9999999999999999,False,,,0.27041845865238207,0.12420111354590514,,,,,,,,,False
FFA,euclidean_centered,weights_sorted_fMRI1_test_100_cosine_rdm.csv,L3,spearman,100,4950,1.0,,sub-01,split_half,0.1352121433521016,,0.000999000999000999,4.321467799303741,1000,17007917893613680721,,,,,,,False,,,,,0.2049366308508968,0.3401616742387117,all,462.0,0.5832338075238023,0.5832338075238023,0.2318317998851318,0.2318317998851318,False
FFA,euclidean_centered,weights_sorted_fMRI1_test_100_cosine_rdm.csv,L3,spearman,100,4950,1.0,,sub-02,split_half,0.09181203148695036,,0.003996003996003996,2.7196240028808423,1000,17007917893613680722,,,,,,,False,,,,,0.3161556066731817,0.4804228391691792,all,462.0,0.6931254137377876,0.6931254137377876,0.13246092217545388,0.13246092217545388,False
FFA,euclidean_centered,weights_sorted_fMRI1_test_100_cosine_rdm.csv,L3,spearman,100,4950,1.0,,sub-03,split_half,0.035408966986666054,,0.11988011988011989,1.1618051059773515,1000,17007917893613680723,,,,,,,False,,,,,0.0418223487177254,0.0802869102764024,all,462.0,0.2833494490490539,0.2833494490490539,0.12496571673423652,0.12496571673423652,False
FFA,euclidean_centered,weights_sorted_fMRI1_test_100_cosine_rdm.csv,L3,kendall,100,4950,1.0,,F1+F2+F3,nili,0.058100041296646664,0.090222;0.060670;0.023408,0.000999000999000999,3.728359151965378,1000,17007917893613680720,0.5101693960277464,0.2184582123104911,0.5101693960277464,0.9999999999999999,0.2184582123104911,0.9999999999999999,False,,,0.26595494251353674,0.1138838231948488,,,,,,,,,False
FFA,euclidean_centered,weights_sorted_fMRI1_test_100_cosine_rdm.csv,L3,kendall,100,4950,1.0,,sub-01,split_half,0.09022183851038164,,0.000999000999000999,4.323156579102899,1000,17007917893613680721,,,,,,,False,,,,,0.1373680002508599,0.2415541851371971,all,462.0,0.49148162237991877,0.49148162237991877,0.18357113349121226,0.18357113349121226,False
FFA,euclidean_centered,weights_sorted_fMRI1_test_100_cosine_rdm.csv,L3,kendall,100,4950,1.0,,sub-02,split_half,0.06066998536588352,,0.004995004995004995,2.6921757825627166,1000,17007917893613680722,,,,,,,False,,,,,0.2155330652775499,0.3546313488861546,all,462.0,0.5955093188911107,0.5955093188911107,0.10187915359386185,0.10187915359386185,False
FFA,euclidean_centered,weights_sorted_fMRI1_test_100_cosine_rdm.csv,L3,kendall,100,4950,1.0,,sub-03,split_half,0.023408300013674836,,0.12087912087912088,1.151297256954447,1000,17007917893613680723,,,,,,,False,,,,,0.0278537043562117,0.0541977992357535,all,462.0,0.2328042079425402,0.2328042079425402,0.10054929943299126,0.10054929943299126,False
FFA,euclidean_centered,weights_sorted_fMRI1_test_100_dot_product_rdm.csv,L1,l1_r0,100,4950,1.0,0.5589913503125625,F1+F2+F3,nili,0.8663433853800049,0.866047;0.862351;0.870633,1.0,-5.020397167259536,1000,8948883239331151797,0.998251182856892,0.9960650629245444,0.9982511828568917,1.0000000000000002,0.9960650629245444,1.0000000000000002,False,0.8698208308826877,,-0.027545381253773617,-0.027076508389397437,,,,,,,,,False
FFA,euclidean_centered,weights_sorted_fMRI1_test_100_dot_product_rdm.csv,L1,l1_r0,100,4950,1.0,0.5589913503125625,sub-01,split_half,0.8660465200128231,,1.0,-5.589368090993644,1000,8948883239331151798,,,,,,,False,0.870760838330374,0.06982708990488895,,,0.998032825537388,0.99901544437235,all,462.0,0.9995076009577666,0.9995076009577666,-0.036616985323309675,-0.036616985323309675,False
FFA,euclidean_centered,weights_sorted_fMRI1_test_100_dot_product_rdm.csv,L1,l1_r0,100,4950,1.0,0.5589913503125625,sub-02,split_half,0.8623508446318625,,1.0,-3.530368990510359,1000,8948883239331151799,,,,,,,False,0.8672508343008729,0.11413283337914046,,,0.9973408279815736,0.9986686438382608,all,462.0,0.9993341002078638,0.9993341002078638,-0.037097732520187846,-0.037097732520187846,False
FFA,euclidean_centered,weights_sorted_fMRI1_test_100_dot_product_rdm.csv,L1,l1_r0,100,4950,1.0,0.5589913503125625,sub-03,split_half,0.8706327914953289,,0.9230769230769231,-1.3904162539168496,1000,8948883239331151800,,,,,,,False,0.871450820016816,0.057316728351136645,,,0.997255438640416,0.9986258335781764,all,462.0,0.9993126805850991,0.9993126805850991,-0.006397752370028962,-0.006397752370028962,False
FFA,euclidean_centered,weights_sorted_fMRI1_test_100_dot_product_rdm.csv,L2,pearson,100,4950,1.0,,F1+F2+F3,nili,-0.08613161824863569,-0.139358;-0.088972;-0.030064,1.0,-5.004350925667462,1000,8948883239331151797,0.7196393939825864,0.3531218334277719,0.7196393939825864,1.0,0.35312183342777187,1.0,False,,,-0.243914734505515,-0.11968719190311568,,,,,,,,,False
FFA,euclidean_centered,weights_sorted_fMRI1_test_100_dot_product_rdm.csv,L2,pearson,100,4950,1.0,,sub-01,split_half,-0.13935805837823637,,1.0,-5.589368090993793,1000,8948883239331151798,,,,,,,False,,,,,0.2907152403018,0.4504715389179473,all,462.0,0.6711717655845986,0.6711717655845986,-0.20763397020560578,-0.20763397020560578,False
FFA,euclidean_centered,weights_sorted_fMRI1_test_100_dot_product_rdm.csv,L2,pearson,100,4950,1.0,,sub-02,split_half,-0.08897244733767178,,1.0,-3.5303689905104765,1000,8948883239331151799,,,,,,,False,,,,,0.5574925376427441,0.7158846982169248,all,462.0,0.8460996975634283,0.8460996975634283,-0.10515598527442083,-0.10515598527442083,False
FFA,euclidean_centered,weights_sorted_fMRI1_test_100_dot_product_rdm.csv,L2,pearson,100,4950,1.0,,sub-03,split_half,-0.030064349029998935,,0.9230769230769231,-1.3904162539164,1000,8948883239331151800,,,,,,,False,,,,,0.0455526450747402,0.087136014220468,all,462.0,0.295188099727052,0.295188099727052,-0.10184810653884141,-0.10184810653884141,False
FFA,euclidean_centered,weights_sorted_fMRI1_test_100_dot_product_rdm.csv,L3,spearman,100,4950,1.0,,F1+F2+F3,nili,-0.07608376521146275,-0.126398;-0.089361;-0.012493,0.999000999000999,-3.311437006363592,1000,8948883239331151797,0.7043231050386192,0.323490172889259,0.7043231050386192,0.9999999999999999,0.323490172889259,0.9999999999999999,False,,,-0.23519652709051117,-0.1080239518868133,,,,,,,,,False
FFA,euclidean_centered,weights_sorted_fMRI1_test_100_dot_product_rdm.csv,L3,spearman,100,4950,1.0,,sub-01,split_half,-0.12639760337519165,,1.0,-3.9361004579096663,1000,8948883239331151798,,,,,,,False,,,,,0.2049366308508968,0.3401616742387117,all,462.0,0.5832338075238023,0.5832338075238023,-0.21671858137275976,-0.21671858137275976,False
FFA,euclidean_centered,weights_sorted_fMRI1_test_100_dot_product_rdm.csv,L3,spearman,100,4950,1.0,,sub-02,split_half,-0.08936075468972539,,0.997002997002997,-2.8133489245434724,1000,8948883239331151799,,,,,,,False,,,,,0.3161556066731817,0.4804228391691792,all,462.0,0.6931254137377876,0.6931254137377876,-0.12892436623818695,-0.12892436623818695,False
FFA,euclidean_centered,weights_sorted_fMRI1_test_100_dot_product_rdm.csv,L3,spearman,100,4950,1.0,,sub-03,split_half,-0.012492937569471188,,0.6893106893106893,-0.4613372022288276,1000,8948883239331151800,,,,,,,False,,,,,0.0418223487177254,0.0802869102764024,all,462.0,0.2833494490490539,0.2833494490490539,-0.04409021302634822,-0.04409021302634822,False
FFA,euclidean_centered,weights_sorted_fMRI1_test_100_dot_product_rdm.csv,L3,kendall,100,4950,1.0,,F1+F2+F3,nili,-0.050551041498707684,-0.084322;-0.059021;-0.008310,0.999000999000999,-3.2997334662434703,1000,8948883239331151797,0.5101693960277464,0.2184582123104911,0.5101693960277464,0.9999999999999999,0.2184582123104911,0.9999999999999999,False,,,-0.2313991356244384,-0.09908677763171507,,,,,,,,,False
FFA,euclidean_centered,weights_sorted_fMRI1_test_100_dot_product_rdm.csv,L3,kendall,100,4950,1.0,,sub-01,split_half,-0.0843223097819986,,1.0,-3.935410895270853,1000,8948883239331151798,,,,,,,False,,,,,0.1373680002508599,0.2415541851371971,all,462.0,0.49148162237991877,0.49148162237991877,-0.17156757433509257,-0.17156757433509257,False
FFA,euclidean_centered,weights_sorted_fMRI1_test_100_dot_product_rdm.csv,L3,kendall,100,4950,1.0,,sub-02,split_half,-0.059021004141230446,,0.997002997002997,-2.7863326591343287,1000,8948883239331151799,,,,,,,False,,,,,0.2155330652775499,0.3546313488861546,all,462.0,0.5955093188911107,0.5955093188911107,-0.09911012685936234,-0.09911012685936234,False
FFA,euclidean_centered,weights_sorted_fMRI1_test_100_dot_product_rdm.csv,L3,kendall,100,4950,1.0,,sub-03,split_half,-0.008309810572894023,,0.6853146853146853,-0.4597281015682774,1000,8948883239331151800,,,,,,,False,,,,,0.0278537043562117,0.0541977992357535,all,462.0,0.2328042079425402,0.2328042079425402,-0.03569441740909175,-0.03569441740909175,False
FFA,euclidean_centered,weights_sorted_fMRI1_test_100_euclidean_rdm.csv,L1,l1_r0,100,4950,1.0,0.1584528529687979,F1+F2+F3,nili,0.9855818117845683,0.986888;0.982894;0.986964,0.000999000999000999,4.050695398311467,1000,1401457298815978192,0.998251182856892,0.9960650629245444,0.9982511828568917,1.0000000000000002,0.9960650629245444,1.0000000000000002,False,0.9842151645339322,,0.11532987082140349,0.09736716062849106,,,,,,,,,False
FFA,euclidean_centered,weights_sorted_fMRI1_test_100_euclidean_rdm.csv,L1,l1_r0,100,4950,1.0,0.1584528529687979,sub-01,split_half,0.9868882419816004,,0.000999000999000999,4.373376533171737,1000,1401457298815978193,,,,,,,False,0.9852787968958394,0.06982708990488895,,,0.998032825537388,0.99901544437235,all,462.0,0.9995076009577666,0.9995076009577666,0.11311176109786215,0.11311176109786215,False
FFA,euclidean_centered,weights_sorted_fMRI1_test_100_euclidean_rdm.csv,L1,l1_r0,100,4950,1.0,0.1584528529687979,sub-02,split_half,0.9828935960953534,,0.012987012987012988,2.396472717749213,1000,1401457298815978194,,,,,,,False,0.9813071753034887,0.11413283337914046,,,0.9973408279815736,0.9986686438382608,all,462.0,0.9993341002078638,0.9993341002078638,0.08800285130603415,0.08800285130603415,False
FFA,euclidean_centered,weights_sorted_fMRI1_test_100_euclidean_rdm.csv,L1,l1_r0,100,4950,1.0,0.1584528529687979,sub-03,split_half,0.9869635972767508,,0.001998001998001998,3.1970066241499193,1000,1401457298815978195,,,,,,,False,0.9860595214024688,0.057316728351136645,,,0.997255438640416,0.9986258335781764,all,462.0,0.9993126805850991,0.9993126805850991,0.06821587682028817,0.06821587682028817,False
FFA,euclidean_centered,weights_sorted_fMRI1_test_100_euclidean_rdm.csv,L2,pearson,100,4950,1.0,,F1+F2+F3,nili,0.11242136042881197,0.147398;0.089202;0.100664,0.000999000999000999,4.390013168222703,1000,1401457298815978192,0.7196393939825864,0.3531218334277719,0.7196393939825864,1.0,0.35312183342777187,1.0,False,,,0.31836422952818294,0.1562190193711551,,,,,,,,,False
FFA,euclidean_centered,weights_sorted_fMRI1_test_100_euclidean_rdm.csv,L2,pearson,100,4950,1.0,,sub-01,split_half,0.14739769744559833,,0.000999000999000999,4.373376533171756,1000,1401457298815978193,,,,,,,False,,,,,0.2907152403018,0.4504715389179473,all,462.0,0.6711717655845986,0.6711717655845986,0.2196124822342805,0.2196124822342805,False
FFA,euclidean_centered,weights_sorted_fMRI1_test_100_euclidean_rdm.csv,L2,pearson,100,4950,1.0,,sub-02,split_half,0.08920190660063891,,0.012987012987012988,2.396472717749085,1000,1401457298815978194,,,,,,,False,,,,,0.5574925376427441,0.7158846982169248,all,462.0,0.8460996975634283,0.8460996975634283,0.10542718175827245,0.10542718175827245,False
FFA,euclidean_centered,weights_sorted_fMRI1_test_100_euclidean_rdm.csv,L2,pearson,100,4950,1.0,,sub-03,split_half,0.1006644772401987,,0.001998001998001998,3.1970066241506387,1000,1401457298815978195,,,,,,,False,,,,,0.0455526450747402,0.087136014220468,all,462.0,0.295188099727052,0.295188099727052,0.3410180740120584,0.3410180740120584,False
FFA,euclidean_centered,weights_sorted_fMRI1_test_100_euclidean_rdm.csv,L3,spearman,100,4950,1.0,,F1+F2+F3,nili,0.10793729880203629,0.144588;0.090828;0.088396,0.000999000999000999,3.5337439262335213,1000,1401457298815978192,0.7043231050386192,0.323490172889259,0.7043231050386192,0.9999999999999999,0.323490172889259,0.9999999999999999,False,,,0.3336648462548093,0.15324969183868803,,,,,,,,,False
FFA,euclidean_centered,weights_sorted_fMRI1_test_100_euclidean_rdm.csv,L3,spearman,100,4950,1.0,,sub-01,split_half,0.14458782099711293,,0.000999000999000999,3.6916931479585493,1000,1401457298815978193,,,,,,,False,,,,,0.2049366308508968,0.3401616742387117,all,462.0,0.5832338075238023,0.5832338075238023,0.24790713283748075,0.24790713283748075,False
FFA,euclidean_centered,weights_sorted_fMRI1_test_100_euclidean_rdm.csv,L3,spearman,100,4950,1.0,,sub-02,split_half,0.09082781494444644,,0.016983016983016984,2.1501609442703793,1000,1401457298815978194,,,,,,,False,,,,,0.3161556066731817,0.4804228391691792,all,462.0,0.6931254137377876,0.6931254137377876,0.13104095325930007,0.13104095325930007,False
FFA,euclidean_centered,weights_sorted_fMRI1_test_100_euclidean_rdm.csv,L3,spearman,100,4950,1.0,,sub-03,split_half,0.08839626046454949,,0.016983016983016984,2.2768742947047977,1000,1401457298815978195,,,,,,,False,,,,,0.0418223487177254,0.0802869102764024,all,462.0,0.2833494490490539,0.2833494490490539,0.31196905715262635,0.31196905715262635,False
FFA,euclidean_centered,weights_sorted_fMRI1_test_100_euclidean_rdm.csv,L3,kendall,100,4950,1.0,,F1+F2+F3,nili,0.07163162574760877,0.096449;0.059610;0.058836,0.000999000999000999,3.514555771230792,1000,1401457298815978192,0.5101693960277464,0.2184582123104911,0.5101693960277464,0.9999999999999999,0.2184582123104911,0.9999999999999999,False,,,0.3278962369507991,0.14040753190086097,,,,,,,,,False
FFA,euclidean_centered,weights_sorted_fMRI1_test_100_euclidean_rdm.csv,L3,kendall,100,4950,1.0,,sub-01,split_half,0.09644874691550787,,0.000999000999000999,3.6921885814960307,1000,1401457298815978193,,,,,,,False,,,,,0.1373680002508599,0.2415541851371971,all,462.0,0.49148162237991877,0.49148162237991877,0.19624080031410066,0.19624080031410066,False
FFA,euclidean_centered,weights_sorted_fMRI1_test_100_euclidean_rdm.csv,L3,kendall,100,4950,1.0,,sub-02,split_half,0.05960996099609961,,0.017982017982017984,2.1147546136418947,1000,1401457298815978194,,,,,,,False,,,,,0.2155330652775499,0.3546313488861546,all,462.0,0.5955093188911107,0.5955093188911107,0.10009912373344293,0.10009912373344293,False
FFA,euclidean_centered,weights_sorted_fMRI1_test_100_euclidean_rdm.csv,L3,kendall,100,4950,1.0,,sub-03,split_half,0.05883616933121883,,0.017982017982017984,2.270216761629646,1000,1401457298815978195,,,,,,,False,,,,,0.0278537043562117,0.0541977992357535,all,462.0,0.2328042079425402,0.2328042079425402,0.2527281179803268,0.2527281179803268,False
FFA,mahalanobis,weights_sorted_fMRI1_test_100_choice_probability_rdm.csv,L1,l1_r0,100,4950,1.0,0.6215286405986206,F1+F2+F3,nili,0.8493446379696983,0.849345;0.849345;0.849345,0.8581418581418582,-0.9484934284803043,1000,1771930826052304642,1.0000000000000002,1.0000000000000002,1.0,1.0000000000000002,1.0,1.0000000000000002,False,0.849320731215894,,0.00015865987403026823,0.00015865987403026823,,,,,,,,,False
FFA,mahalanobis,weights_sorted_fMRI1_test_100_choice_probability_rdm.csv,L1,l1_r0,100,4950,1.0,0.6215286405986206,sub-01,split_half,0.8493446379696982,,1.0,-1.4009539270430866,1000,1771930826052304643,,,,,,,False,0.8493207312158939,2.001309084070764e-16,,,0.999999999999,0.9999999999995,contiguous,1.0,0.99999999999975,0.99999999999975,0.0001586598740305316,0.0001586598740305316,False
FFA,mahalanobis,weights_sorted_fMRI1_test_100_choice_probability_rdm.csv,L1,l1_r0,100,4950,1.0,0.6215286405986206,sub-02,split_half,0.8493446379696983,,0.2017982017982018,0.0,1000,1771930826052304644,,,,,,,False,0.8493207312158939,1.853795393798988e-16,,,0.999999999999,0.9999999999995,contiguous,1.0,0.99999999999975,0.99999999999975,0.0001586598740312684,0.0001586598740312684,False
FFA,mahalanobis,weights_sorted_fMRI1_test_100_choice_probability_rdm.csv,L1,l1_r0,100,4950,1.0,0.6215286405986206,sub-03,split_half,0.8493446379696983,,0.987012987012987,-1.144332149150489,1000,1771930826052304645,,,,,,,False,0.8493207312158939,1.9197593388558767e-16,,,0.999999999999,0.9999999999995,contiguous,1.0,0.99999999999975,0.99999999999975,0.0001586598740312684,0.0001586598740312684,False
FFA,mahalanobis,weights_sorted_fMRI1_test_100_choice_probability_rdm.csv,L2,pearson,100,4950,1.0,,F1+F2+F3,nili,0.005030465119787316,0.007851;0.010128;-0.002888,0.26373626373626374,0.6126664165572168,1000,1771930826052304642,0.5818829871334374,0.011615815741843035,0.5818829871334374,1.0,0.011615815741843035,1.0,False,,,0.43307032683605157,0.008645148992186859,,,,,,,,,False
FFA,mahalanobis,weights_sorted_fMRI1_test_100_choice_probability_rdm.csv,L2,pearson,100,4950,1.0,,sub-01,split_half,0.007851489433705677,,0.3066933066933067,0.5005307822080597,1000,1771930826052304643,,,,,,,False,,,,,0.0391728262542089,0.0753923221711078,contiguous,1.0,0.2745766234971721,0.2745766234971721,0.028594893963311267,0.028594893963311267,False
FFA,mahalanobis,weights_sorted_fMRI1_test_100_choice_probability_rdm.csv,L2,pearson,100,4950,1.0,,sub-02,split_half,0.010128383953455881,,0.23076923076923078,0.7505882944928499,1000,1771930826052304644,,,,,,,False,,,,,0.0550620099580335,0.1043768222878647,contiguous,1.0,0.3230740198280646,0.3230740198280646,0.031350041575135205,0.031350041575135205,False
FFA,mahalanobis,weights_sorted_fMRI1_test_100_choice_probability_rdm.csv,L2,pearson,100,4950,1.0,,sub-03,split_half,-0.002888478027799613,,0.5904095904095904,-0.2287234305115489,1000,1771930826052304645,,,,,,,False,,,,,-0.0283364618699028,-0.0583256667723367,contiguous,1.0,,,,,True
FFA,mahalanobis,weights_sorted_fMRI1_test_100_choice_probability_rdm.csv,L3,spearman,100,4950,1.0,,F1+F2+F3,nili,0.007106227043887125,-0.003329;0.013085;0.011562,0.2547452547452547,0.695399547546372,1000,1771930826052304642,0.5725816008296498,0.011090173280862745,0.5725816008296497,1.0,0.011090173280862745,1.0,False,,,0.6407679000065458,0.012410854686197499,,,,,,,,,False
FFA,mahalanobis,weights_sorted_fMRI1_test_100_choice_probability_rdm.csv,L3,spearman,100,4950,1.0,,sub-01,split_half,-0.0033286695816841494,,0.5994005994005994,-0.22000489097020257,1000,1771930826052304643,,,,,,,False,,,,,0.0025654239765508,0.0051177188344983,contiguous,1.0,0.07153823337557547,0.07153823337557547,-0.04652993825285909,-0.04652993825285909,False
FFA,mahalanobis,weights_sorted_fMRI1_test_100_choice_probability_rdm.csv,L3,spearman,100,4950,1.0,,sub-02,split_half,0.01308504851952403,,0.21478521478521478,0.805832445339191,1000,1771930826052304644,,,,,,,False,,,,,0.0138492813354531,0.0273201975686381,contiguous,1.0,0.16528822574109173,0.16528822574109173,0.0791650370790507,0.0791650370790507,False
FFA,mahalanobis,weights_sorted_fMRI1_test_100_choice_probability_rdm.csv,L3,spearman,100,4950,1.0,,sub-03,split_half,0.011562302193821495,,0.27672327672327673,0.5985944254167472,1000,1771930826052304645,,,,,,,False,,,,,-0.0052536583342017,-0.0105628100635263,contiguous,1.0,,,,,True
FFA,mahalanobis,weights_sorted_fMRI1_test_100_choice_probability_rdm.csv,L3,kendall,100,4950,1.0,,F1+F2+F3,nili,0.005400282912793485,-0.002464;0.010053;0.008612,0.2517482517482518,0.7054134195483055,1000,1771930826052304642,0.44869231545570654,0.008629180287128353,0.44869231545570654,1.0,0.008629180287128353,1.0,False,,,0.6258164429417211,0.012035603746208092,,,,,,,,,False
FFA,mahalanobis,weights_sorted_fMRI1_test_100_choice_probability_rdm.csv,L3,kendall,100,4950,1.0,,sub-01,split_half,-0.0024643030821501306,,0.6003996003996004,-0.2187066552825192,1000,1771930826052304643,,,,,,,False,,,,,0.0020446687045812,0.0040809931302255,contiguous,1.0,0.06388265124605819,0.06388265124605819,-0.03857546664208286,-0.03857546664208286,False
FFA,mahalanobis,weights_sorted_fMRI1_test_100_choice_probability_rdm.csv,L3,kendall,100,4950,1.0,,sub-02,split_half,0.010052774941752498,,0.2127872127872128,0.8121956849700351,1000,1771930826052304644,,,,,,,False,,,,,0.0110464756239318,0.0218515684298584,contiguous,1.0,0.14782276018887755,0.14782276018887755,0.06800559622150044,0.06800559622150044,False
FFA,mahalanobis,weights_sorted_fMRI1_test_100_choice_probability_rdm.csv,L3,kendall,100,4950,1.0,,sub-03,split_half,0.008612376878778088,,0.2787212787212787,0.5998769650132643,1000,1771930826052304645,,,,,,,False,,,,,-0.0041118322743319,-0.0082576184908839,contiguous,1.0,,,,,True
FFA,mahalanobis,weights_sorted_fMRI1_test_100_cosine_rdm.csv,L1,l1_r0,100,4950,1.0,0.2607311040005725,F1+F2+F3,nili,0.9676562107783352,0.967656;0.967656;0.967656,0.988011988011988,0.0,1000,17905535259206153276,1.0000000000000002,1.0000000000000002,1.0,1.0000000000000002,1.0,1.0000000000000002,False,0.9676499890711309,,0.00019232473268722416,0.00019232473268722416,,,,,,,,,False
FFA,mahalanobis,weights_sorted_fMRI1_test_100_cosine_rdm.csv,L1,l1_r0,100,4950,1.0,0.2607311040005725,sub-01,split_half,0.9676562107783352,,0.998001998001998,0.0,1000,17905535259206153277,,,,,,,False,0.9676499890711308,2.001309084070764e-16,,,0.999999999999,0.9999999999995,contiguous,1.0,0.99999999999975,0.99999999999975,0.00019232473269214313,0.00019232473269214313,False
FFA,mahalanobis,weights_sorted_fMRI1_test_100_cosine_rdm.csv,L1,l1_r0,100,4950,1.0,0.2607311040005725,sub-02,split_half,0.9676562107783352,,0.972027972027972,0.0,1000,17905535259206153278,,,,,,,False,0.9676499890711308,1.853795393798988e-16,,,0.999999999999,0.9999999999995,contiguous,1.0,0.99999999999975,0.99999999999975,0.00019232473269214313,0.00019232473269214313,False
FFA,mahalanobis,weights_sorted_fMRI1_test_100_cosine_rdm.csv,L1,l1_r0,100,4950,1.0,0.2607311040005725,sub-03,split_half,0.9676562107783354,,0.34765234765234765,1.6757540965155824,1000,17905535259206153279,,,,,,,False,0.9676499890711308,1.9197593388558767e-16,,,0.999999999999,0.9999999999995,contiguous,1.0,0.99999999999975,0.99999999999975,0.00019232473269900697,0.00019232473269900697,False
FFA,mahalanobis,weights_sorted_fMRI1_test_100_cosine_rdm.csv,L2,pearson,100,4950,1.0,,F1+F2+F3,nili,-0.002484451580611566,-0.019545;-0.000892;0.012984,0.5904095904095904,-0.21406560279826237,1000,17905535259206153276,0.5818829871334374,0.011615815741843035,0.5818829871334374,1.0,0.011615815741843035,1.0,False,,,-0.21388524369080325,-0.004269675580052371,,,,,,,,,False
FFA,mahalanobis,weights_sorted_fMRI1_test_100_cosine_rdm.csv,L2,pearson,100,4950,1.0,,sub-01,split_half,-0.01954546382794982,,0.8701298701298701,-1.0921963344064207,1000,17905535259206153277,,,,,,,False,,,,,0.0391728262542089,0.0753923221711078,contiguous,1.0,0.2745766234971721,0.2745766234971721,-0.07118400532065366,-0.07118400532065366,False
FFA,mahalanobis,weights_sorted_fMRI1_test_100_cosine_rdm.csv,L2,pearson,100,4950,1.0,,sub-02,split_half,-0.0008917563793485629,,0.5154845154845155,-0.0605714101866976,1000,17905535259206153278,,,,,,,False,,,,,0.0550620099580335,0.1043768222878647,contiguous,1.0,0.3230740198280646,0.3230740198280646,-0.002760223121076535,-0.002760223121076535,False
FFA,mahalanobis,weights_sorted_fMRI1_test_100_cosine_rdm.csv,L2,pearson,100,4950,1.0,,sub-03,split_half,0.012983865465463682,,0.25874125874125875,0.6767048501632963,1000,17905535259206153279,,,,,,,False,,,,,-0.0283364618699028,-0.0583256667723367,contiguous,1.0,,,,,True
FFA,mahalanobis,weights_sorted_fMRI1_test_100_cosine_rdm.csv,L3,spearman,100,4950,1.0,,F1+F2+F3,nili,-0.004497364340683751,-0.007951;-0.002263;-0.003278,0.6143856143856143,-0.2861459502033814,1000,17905535259206153276,0.5725816008296498,0.011090173280862745,0.5725816008296497,1.0,0.011090173280862745,1.0,False,,,-0.40552696759431384,-0.00785453869661064,,,,,,,,,False
FFA,mahalanobis,weights_sorted_fMRI1_test_100_cosine_rdm.csv,L3,spearman,100,4950,1.0,,sub-01,split_half,-0.00795099550256777,,0.6423576423576424,-0.37994451453377737,1000,17905535259206153277,,,,,,,False,,,,,0.0025654239765508,0.0051177188344983,contiguous,1.0,0.07153823337557547,0.07153823337557547,-0.11114330236287877,-0.11114330236287877,False
FFA,mahalanobis,weights_sorted_fMRI1_test_100_cosine_rdm.csv,L3,spearman,100,4950,1.0,,sub-02,split_half,-0.0022630260368428534,,0.5334665334665335,-0.10065496409497526,1000,17905535259206153278,,,,,,,False,,,,,0.0138492813354531,0.0273201975686381,contiguous,1.0,0.16528822574109173,0.16528822574109173,-0.013691392878689788,-0.013691392878689788,False
FFA,mahalanobis,weights_sorted_fMRI1_test_100_cosine_rdm.csv,L3,spearman,100,4950,1.0,,sub-03,split_half,-0.0032780714826406284,,0.5564435564435565,-0.12016769026831034,1000,17905535259206153279,,,,,,,False,,,,,-0.0052536583342017,-0.0105628100635263,contiguous,1.0,,,,,True
FFA,mahalanobis,weights_sorted_fMRI1_test_100_cosine_rdm.csv,L3,kendall,100,4950,1.0,,F1+F2+F3,nili,-0.0033648363502455834,-0.005861;-0.001776;-0.002458,0.6123876123876124,-0.2855822631511592,1000,17905535259206153276,0.44869231545570654,0.008629180287128353,0.44869231545570654,1.0,0.008629180287128353,1.0,False,,,-0.38993696252524873,-0.0074992065483184085,,,,,,,,,False
FFA,mahalanobis,weights_sorted_fMRI1_test_100_cosine_rdm.csv,L3,kendall,100,4950,1.0,,sub-01,split_half,-0.005861225468265037,,0.6393606393606394,-0.37620541439630417,1000,17905535259206153277,,,,,,,False,,,,,0.0020446687045812,0.0040809931302255,contiguous,1.0,0.06388265124605819,0.06388265124605819,-0.09174987815845696,-0.09174987815845696,False
FFA,mahalanobis,weights_sorted_fMRI1_test_100_cosine_rdm.csv,L3,kendall,100,4950,1.0,,sub-02,split_half,-0.0017757133037607994,,0.5334665334665335,-0.10395031296696168,1000,17905535259206153278,,,,,,,False,,,,,0.0110464756239318,0.0218515684298584,contiguous,1.0,0.14782276018887755,0.14782276018887755,-0.01201244856672895,-0.01201244856672895,False
FFA,mahalanobis,weights_sorted_fMRI1_test_100_cosine_rdm.csv,L3,kendall,100,4950,1.0,,sub-03,split_half,-0.002457570278710912,,0.5574425574425574,-0.12106445775157913,1000,17905535259206153279,,,,,,,False,,,,,-0.0041118322743319,-0.0082576184908839,contiguous,1.0,,,,,True
FFA,mahalanobis,weights_sorted_fMRI1_test_100_dot_product_rdm.csv,L1,l1_r0,100,4950,1.0,0.5589913503125625,F1+F2+F3,nili,0.8729020867130185,0.872902;0.872902;0.872902,1.0,-0.999499874937461,1000,5331305285121959599,1.0000000000000002,1.0000000000000002,1.0,1.0000000000000002,1.0,1.0000000000000002,False,0.8728810946119071,,0.00016513752259985053,0.00016513752259985053,,,,,,,,,False
FFA,mahalanobis,weights_sorted_fMRI1_test_100_dot_product_rdm.csv,L1,l1_r0,100,4950,1.0,0.5589913503125625,sub-01,split_half,0.8729020867130186,,1.0,,1000,5331305285121959600,,,,,,,False,0.8728810946119071,2.001309084070764e-16,,,0.999999999999,0.9999999999995,contiguous,1.0,0.99999999999975,0.99999999999975,0.000165137522601049,0.000165137522601049,False
FFA,mahalanobis,weights_sorted_fMRI1_test_100_dot_product_rdm.csv,L1,l1_r0,100,4950,1.0,0.5589913503125625,sub-02,split_half,0.8729020867130186,,1.0,,1000,5331305285121959601,,,,,,,False,0.8728810946119071,1.853795393798988e-16,,,0.999999999999,0.9999999999995,contiguous,1.0,0.99999999999975,0.99999999999975,0.000165137522601049,0.000165137522601049,False
FFA,mahalanobis,weights_sorted_fMRI1_test_100_dot_product_rdm.csv,L1,l1_r0,100,4950,1.0,0.5589913503125625,sub-03,split_half,0.8729020867130186,,1.0,0.0,1000,5331305285121959602,,,,,,,False,0.8728810946119071,1.9197593388558767e-16,,,0.999999999999,0.9999999999995,contiguous,1.0,0.99999999999975,0.99999999999975,0.000165137522601049,0.000165137522601049,False
FFA,mahalanobis,weights_sorted_fMRI1_test_100_dot_product_rdm.csv,L2,pearson,100,4950,1.0,,F1+F2+F3,nili,0.006972433185861778,0.018052;-0.002055;0.004921,0.25574425574425574,0.6578304649297926,1000,5331305285121959599,0.5818829871334374,0.011615815741843035,0.5818829871334374,1.0,0.011615815741843035,1.0,False,,,0.6002534252282733,0.011982534873910758,,,,,,,,,False
FFA,mahalanobis,weights_sorted_fMRI1_test_100_dot_product_rdm.csv,L2,pearson,100,4950,1.0,,sub-01,split_half,0.01805173880581685,,0.13686313686313686,1.0385087316125239,1000,5331305285121959600,,,,,,,False,,,,,0.0391728262542089,0.0753923221711078,contiguous,1.0,0.2745766234971721,0.2745766234971721,0.06574390265237844,0.06574390265237844,False
FFA,mahalanobis,weights_sorted_fMRI1_test_100_dot_product_rdm.csv,L2,pearson,100,4950,1.0,,sub-02,split_half,-0.002055106960339742,,0.5684315684315684,-0.14066069498954534,1000,5331305285121959601,,,,,,,False,,,,,0.0550620099580335,0.1043768222878647,contiguous,1.0,0.3230740198280646,0.3230740198280646,-0.006361102515867542,-0.006361102515867542,False
FFA,mahalanobis,weights_sorted_fMRI1_test_100_dot_product_rdm.csv,L2,pearson,100,4950,1.0,,sub-03,split_half,0.004920667712108225,,0.4005994005994006,0.2943777659942485,1000,5331305285121959602,,,,,,,False,,,,,-0.0283364618699028,-0.0583256667723367,contiguous,1.0,,,,,True
FFA,mahalanobis,weights_sorted_fMRI1_test_100_dot_product_rdm.csv,L3,spearman,100,4950,1.0,,F1+F2+F3,nili,0.006841383082299478,0.005469;0.001505;0.013550,0.3116883116883117,0.494381993586173,1000,5331305285121959599,0.5725816008296498,0.011090173280862745,0.5725816008296497,1.0,0.011090173280862745,1.0,False,,,0.6168869420737547,0.01194831107459018,,,,,,,,,False
FFA,mahalanobis,weights_sorted_fMRI1_test_100_dot_product_rdm.csv,L3,spearman,100,4950,1.0,,sub-01,split_half,0.0054693045227617795,,0.4085914085914086,0.2520845382629624,1000,5331305285121959600,,,,,,,False,,,,,0.0025654239765508,0.0051177188344983,contiguous,1.0,0.07153823337557547,0.07153823337557547,0.07645288770339002,0.07645288770339002,False
FFA,mahalanobis,weights_sorted_fMRI1_test_100_dot_product_rdm.csv,L3,spearman,100,4950,1.0,,sub-02,split_half,0.001504562427678657,,0.46153846153846156,0.049682345049631385,1000,5331305285121959601,,,,,,,False,,,,,0.0138492813354531,0.0273201975686381,contiguous,1.0,0.16528822574109173,0.16528822574109173,0.009102659435859702,0.009102659435859702,False
FFA,mahalanobis,weights_sorted_fMRI1_test_100_dot_product_rdm.csv,L3,spearman,100,4950,1.0,,sub-03,split_half,0.013550282296457996,,0.2857142857142857,0.5587290311689913,1000,5331305285121959602,,,,,,,False,,,,,-0.0052536583342017,-0.0105628100635263,contiguous,1.0,,,,,True
FFA,mahalanobis,weights_sorted_fMRI1_test_100_dot_product_rdm.csv,L3,kendall,100,4950,1.0,,F1+F2+F3,nili,0.005078332429268248,0.004066;0.001197;0.009973,0.3126873126873127,0.48944205075154945,1000,5331305285121959599,0.44869231545570654,0.008629180287128353,0.44869231545570654,1.0,0.008629180287128353,1.0,False,,,0.588506933485131,0.011318073107872436,,,,,,,,,False
FFA,mahalanobis,weights_sorted_fMRI1_test_100_dot_product_rdm.csv,L3,kendall,100,4950,1.0,,sub-01,split_half,0.004065747470441986,,0.4095904095904096,0.2512933831478727,1000,5331305285121959600,,,,,,,False,,,,,0.0020446687045812,0.0040809931302255,contiguous,1.0,0.06388265124605819,0.06388265124605819,0.06364400022757132,0.06364400022757132,False
FFA,mahalanobis,weights_sorted_fMRI1_test_100_dot_product_rdm.csv,L3,kendall,100,4950,1.0,,sub-02,split_half,0.0011966654107973447,,0.45754245754245754,0.05289774713721684,1000,5331305285121959601,,,,,,,False,,,,,0.0110464756239318,0.0218515684298584,contiguous,1.0,0.14782276018887755,0.14782276018887755,0.008095271724518805,0.008095271724518805,False
FFA,mahalanobis,weights_sorted_fMRI1_test_100_dot_product_rdm.csv,L3,kendall,100,4950,1.0,,sub-03,split_half,0.009972584406565416,,0.2887112887112887,0.553835528226242,1000,5331305285121959602,,,,,,,False,,,,,-0.0041118322743319,-0.0082576184908839,contiguous,1.0,,,,,True
FFA,mahalanobis,weights_sorted_fMRI1_test_100_euclidean_rdm.csv,L1,l1_r0,100,4950,1.0,0.1584528529687979,F1+F2+F3,nili,0.9876803418106398,0.987680;0.987680;0.987680,1.0,0.999499874937461,1000,5804898076215635047,1.0000000000000002,1.0000000000000002,1.0,1.0000000000000002,1.0,1.0000000000000002,False,0.9876778983094784,,0.0001983023044914758,0.0001983023044914758,,,,,,,,,False
FFA,mahalanobis,weights_sorted_fMRI1_test_100_euclidean_rdm.csv,L1,l1_r0,100,4950,1.0,0.1584528529687979,sub-01,split_half,0.9876803418106397,,0.995004995004995,0.8824079575714098,1000,5804898076215635048,,,,,,,False,0.9876778983094783,2.001309084070764e-16,,,0.999999999999,0.9999999999995,contiguous,1.0,0.99999999999975,0.99999999999975,0.00019830230449550124,0.00019830230449550124,False
FFA,mahalanobis,weights_sorted_fMRI1_test_100_euclidean_rdm.csv,L1,l1_r0,100,4950,1.0,0.1584528529687979,sub-02,split_half,0.9876803418106396,,1.0,0.0,1000,5804898076215635049,,,,,,,False,0.9876778983094783,1.853795393798988e-16,,,0.999999999999,0.9999999999995,contiguous,1.0,0.99999999999975,0.99999999999975,0.00019830230448649122,0.00019830230448649122,False
FFA,mahalanobis,weights_sorted_fMRI1_test_100_euclidean_rdm.csv,L1,l1_r0,100,4950,1.0,0.1584528529687979,sub-03,split_half,0.9876803418106397,,1.0,0.42411126335177246,1000,5804898076215635050,,,,,,,False,0.9876778983094783,1.9197593388558767e-16,,,0.999999999999,0.9999999999995,contiguous,1.0,0.99999999999975,0.99999999999975,0.00019830230449550124,0.00019830230449550124,False
FFA,mahalanobis,weights_sorted_fMRI1_test_100_euclidean_rdm.csv,L2,pearson,100,4950,1.0,,F1+F2+F3,nili,0.002238087503250626,-0.031293;-0.002532;0.040539,0.43756243756243757,0.1644646909376381,1000,5804898076215635047,0.5818829871334374,0.011615815741843035,0.5818829871334374,1.0,0.011615815741843035,1.0,False,,,0.19267587855999496,0.0038462844811398274,,,,,,,,,False
FFA,mahalanobis,weights_sorted_fMRI1_test_100_euclidean_rdm.csv,L2,pearson,100,4950,1.0,,sub-01,split_half,-0.031292850933711557,,0.9200799200799201,-1.4259250670893062,1000,5804898076215635048,,,,,,,False,,,,,0.0391728262542089,0.0753923221711078,contiguous,1.0,0.2745766234971721,0.2745766234971721,-0.11396764420491115,-0.11396764420491115,False
FFA,mahalanobis,weights_sorted_fMRI1_test_100_euclidean_rdm.csv,L2,pearson,100,4950,1.0,,sub-02,split_half,-0.002532235970667167,,0.5294705294705294,-0.089550972261297,1000,5804898076215635049,,,,,,,False,,,,,0.0550620099580335,0.1043768222878647,contiguous,1.0,0.3230740198280646,0.3230740198280646,-0.007837943676234898,-0.007837943676234898,False
FFA,mahalanobis,weights_sorted_fMRI1_test_100_euclidean_rdm.csv,L2,pearson,100,4950,1.0,,sub-03,split_half,0.0405393494141306,,0.05094905094905095,1.629306008581235,1000,5804898076215635050,,,,,,,False,,,,,-0.0283364618699028,-0.0583256667723367,contiguous,1.0,,,,,True
FFA,mahalanobis,weights_sorted_fMRI1_test_100_euclidean_rdm.csv,L3,spearman,100,4950,1.0,,F1+F2+F3,nili,6.563763560779358e-05,-0.019882;-0.005969;0.026048,0.5004995004995005,-0.005919555159065796,1000,5804898076215635047,0.5725816008296498,0.011090173280862745,0.5725816008296497,1.0,0.011090173280862745,1.0,False,,,0.00591854012967121,0.00011463455254707285,,,,,,,,,False
FFA,mahalanobis,weights_sorted_fMRI1_test_100_euclidean_rdm.csv,L3,spearman,100,4950,1.0,,sub-01,split_half,-0.019881831874164115,,0.7762237762237763,-0.7785105359177091,1000,5804898076215635048,,,,,,,False,,,,,0.0025654239765508,0.0051177188344983,contiguous,1.0,0.07153823337557547,0.07153823337557547,-0.27791896634886926,-0.27791896634886926,False
FFA,mahalanobis,weights_sorted_fMRI1_test_100_euclidean_rdm.csv,L3,spearman,100,4950,1.0,,sub-02,split_half,-0.005968795409413311,,0.5834165834165834,-0.2143451359174848,1000,5804898076215635049,,,,,,,False,,,,,0.0138492813354531,0.0273201975686381,contiguous,1.0,0.16528822574109173,0.16528822574109173,-0.03611143735527091,-0.03611143735527091,False
FFA,mahalanobis,weights_sorted_fMRI1_test_100_euclidean_rdm.csv,L3,spearman,100,4950,1.0,,sub-03,split_half,0.026047540190400807,,0.20279720279720279,0.8133150680363421,1000,5804898076215635050,,,,,,,False,,,,,-0.0052536583342017,-0.0105628100635263,contiguous,1.0,,,,,True
FFA,mahalanobis,weights_sorted_fMRI1_test_100_euclidean_rdm.csv,L3,kendall,100,4950,1.0,,F1+F2+F3,nili,1.899227635402655e-05,-0.014772;-0.004622;0.019451,0.5024975024975025,-0.008611898182732267,1000,5804898076215635047,0.44869231545570654,0.008629180287128353,0.44869231545570654,1.0,0.008629180287128353,1.0,False,,,0.0022009363255923887,4.232806246021257e-05,,,,,,,,,False
FFA,mahalanobis,weights_sorted_fMRI1_test_100_euclidean_rdm.csv,L3,kendall,100,4950,1.0,,sub-01,split_half,-0.014771904491431453,,0.7752247752247752,-0.7769754870581355,1000,5804898076215635048,,,,,,,False,,,,,0.0020446687045812,0.0040809931302255,contiguous,1.0,0.06388265124605819,0.06388265124605819,-0.23123499421672702,-0.23123499421672702,False
FFA,mahalanobis,weights_sorted_fMRI1_test_100_euclidean_rdm.csv,L3,kendall,100,4950,1.0,,sub-02,split_half,-0.004622010633624988,,0.5834165834165834,-0.21821166380577436,1000,5804898076215635049,,,,,,,False,,,,,0.0110464756239318,0.0218515684298584,contiguous,1.0,0.14782276018887755,0.14782276018887755,-0.0312672461785946,-0.0312672461785946,False
FFA,mahalanobis,weights_sorted_fMRI1_test_100_euclidean_rdm.csv,L3,kendall,100,4950,1.0,,sub-03,split_half,0.019450891954118518,,0.2017982017982018,0.8176522631844151,1000,5804898076215635050,,,,,,,False,,,,,-0.0041118322743319,-0.0082576184908839,contiguous,1.0,,,,,True
PPA,correlation,weights_sorted_fMRI1_test_100_choice_probability_rdm.csv,L1,l1_r0,100,4950,1.0,0.6215286405986206,F1+F2+F3,nili,0.8364895311683017,0.833789;0.838716;0.836964,1.0,-5.748816417930476,1000,4007757344158572185,0.9963822640859753,0.9918564733101706,0.9963822640859751,1.0000000000000002,0.9918564733101705,1.0000000000000002,False,0.841607239514209,,-0.0340614605253638,-0.03306546621502435,,,,,,,,,False
PPA,correlation,weights_sorted_fMRI1_test_100_choice_probability_rdm.csv,L1,l1_r0,100,4950,1.0,0.6215286405986206,sub-01,split_half,0.8337887117696962,,1.0,-5.471291175025914,1000,4007757344158572186,,,,,,,False,0.840286090273345,0.14703512710906466,,,0.990900684388472,0.9954295482025396,all,462.0,0.9977121569884471,0.9977121569884471,-0.04127257092313253,-0.04127257092313253,False
PPA,correlation,weights_sorted_fMRI1_test_100_choice_probability_rdm.csv,L1,l1_r0,100,4950,1.0,0.6215286405986206,sub-02,split_half,0.838716020355547,,1.0,-4.397954722391614,1000,4007757344158572187,,,,,,,False,0.8429701935576773,0.1229788823611646,,,0.9953279678307088,0.997658514166786,all,462.0,0.9988285709603956,0.9988285709603956,-0.027295120564087755,-0.027295120564087755,False
PPA,correlation,weights_sorted_fMRI1_test_100_choice_probability_rdm.csv,L1,l1_r0,100,4950,1.0,0.6215286405986206,sub-03,split_half,0.8369638613796623,,1.0,-4.064487543612343,1000,4007757344158572188,,,,,,,False,0.8415654347116046,0.1360719157429121,,,0.991412292901828,0.995687629764674,all,462.0,0.9978414852894592,0.9978414852894592,-0.029445160118439857,-0.029445160118439857,False
PPA,correlation,weights_sorted_fMRI1_test_100_choice_probability_rdm.csv,L2,pearson,100,4950,1.0,,F1+F2+F3,nili,-0.07213364904002889,-0.084957;-0.066425;-0.065019,1.0,-5.741268774159541,1000,4007757344158572185,0.7742387956498603,0.4785422803906436,0.7742387956498603,1.0,0.4785422803906436,1.0,False,,,-0.15073620868180082,-0.09316718491157916,,,,,,,,,False
PPA,correlation,weights_sorted_fMRI1_test_100_choice_probability_rdm.csv,L2,pearson,100,4950,1.0,,sub-01,split_half,-0.08495736650402368,,1.0,-5.471291175025636,1000,4007757344158572186,,,,,,,False,,,,,0.3291550585769565,0.4952846644233704,all,462.0,0.7037646370935174,0.7037646370935174,-0.12071843628700883,-0.12071843628700883,False
PPA,correlation,weights_sorted_fMRI1_test_100_choice_probability_rdm.csv,L2,pearson,100,4950,1.0,,sub-02,split_half,-0.06642483474860222,,1.0,-4.397954722391618,1000,4007757344158572187,,,,,,,False,,,,,0.4462879603192807,0.6171495201007672,all,462.0,0.7855886456032617,0.7855886456032617,-0.08455421946379317,-0.08455421946379317,False
PPA,correlation,weights_sorted_fMRI1_test_100_choice_probability_rdm.csv,L2,pearson,100,4950,1.0,,sub-03,split_half,-0.06501874586746074,,1.0,-4.06448754361258,1000,4007757344158572188,,,,,,,False,,,,,0.2941374484522783,0.4545691013022636,all,462.0,0.6742173991393752,0.6742173991393752,-0.09643587654435476,-0.09643587654435476,False
PPA,correlation,weights_sorted_fMRI1_test_100_choice_probability_rdm.csv,L3,spearman,100,4950,1.0,,F1+F2+F3,nili,-0.10640706824362374,-0.118733;-0.105929;-0.094559,1.0,-5.217132732999847,1000,4007757344158572185,0.7569496728140978,0.44243589172622544,0.7569496728140978,0.9999999999999999,0.44243589172622544,0.9999999999999999,False,,,-0.2405027942657674,-0.14057350450794986,,,,,,,,,False
PPA,correlation,weights_sorted_fMRI1_test_100_choice_probability_rdm.csv,L3,spearman,100,4950,1.0,,sub-01,split_half,-0.11873345955199889,,1.0,-4.46068238274672,1000,4007757344158572186,,,,,,,False,,,,,0.2841843152195736,0.442591163669497,all,462.0,0.6652752540636823,0.6652752540636823,-0.17847268303870106,-0.17847268303870106,False
PPA,correlation,weights_sorted_fMRI1_test_100_choice_probability_rdm.csv,L3,spearman,100,4950,1.0,,sub-02,split_half,-0.10592892546605266,,1.0,-4.239590422614624,1000,4007757344158572187,,,,,,,False,,,,,0.4263230312649418,0.5977930972436939,all,462.0,0.7731708072888512,0.7731708072888512,-0.13700585235168916,-0.13700585235168916,False
PPA,correlation,weights_sorted_fMRI1_test_100_choice_probability_rdm.csv,L3,spearman,100,4950,1.0,,sub-03,split_half,-0.0945588197128197,,1.0,-3.6693294706521957,1000,4007757344158572188,,,,,,,False,,,,,0.2688311727492103,0.4237461665868858,all,462.0,0.6509578838810433,0.6509578838810433,-0.145261040774336,-0.145261040774336,False
PPA,correlation,weights_sorted_fMRI1_test_100_choice_probability_rdm.csv,L3,kendall,100,4950,1.0,,F1+F2+F3,nili,-0.07163184345645447,-0.079702;-0.071811;-0.063383,1.0,-5.254794605925034,1000,4007757344158572185,0.5580856698552766,0.3041599861582653,0.5580856698552766,0.9999999999999999,0.3041599861582653,0.9999999999999999,False,,,-0.23550712360692266,-0.12835277328484374,,,,,,,,,False
PPA,correlation,weights_sorted_fMRI1_test_100_choice_probability_rdm.csv,L3,kendall,100,4950,1.0,,sub-01,split_half,-0.07970225593987969,,1.0,-4.486935583515166,1000,4007757344158572186,,,,,,,False,,,,,0.1910987621423154,0.3208781139166065,all,462.0,0.5664610436001812,0.5664610436001812,-0.14070209565220346,-0.14070209565220346,False
PPA,correlation,weights_sorted_fMRI1_test_100_choice_probability_rdm.csv,L3,kendall,100,4950,1.0,,sub-02,split_half,-0.07181052799157467,,1.0,-4.307321333319133,1000,4007757344158572187,,,,,,,False,,,,,0.2907916207293491,0.4505632296637317,all,462.0,0.6712400685773546,0.6712400685773546,-0.10698188524974671,-0.10698188524974671,False
PPA,correlation,weights_sorted_fMRI1_test_100_choice_probability_rdm.csv,L3,kendall,100,4950,1.0,,sub-03,split_half,-0.06338274643790909,,1.0,-3.684941275021332,1000,4007757344158572188,,,,,,,False,,,,,0.1807790606783975,0.3062030259488745,all,462.0,0.5533561474754523,0.5533561474754523,-0.11454240948994038,-0.11454240948994038,False
PPA,correlation,weights_sorted_fMRI1_test_100_cosine_rdm.csv,L1,l1_r0,100,4950,1.0,0.2607311040005725,F1+F2+F3,nili,0.9617788627124533,0.961296;0.962728;0.961313,0.001998001998001998,3.890480543864557,1000,176935169134994265,0.9963822640859753,0.9918564733101706,0.9963822640859751,1.0000000000000002,0.9918564733101705,1.0000000000000002,False,0.9588618365081406,,0.088409101812971,0.0777450149858076,,,,,,,,,False
PPA,correlation,weights_sorted_fMRI1_test_100_cosine_rdm.csv,L1,l1_r0,100,4950,1.0,0.2607311040005725,sub-01,split_half,0.9612955638972783,,0.000999000999000999,3.8070206953740153,1000,176935169134994266,,,,,,,False,0.9573566218095034,0.14703512710906466,,,0.990900684388472,0.9954295482025396,all,462.0,0.9977121569884471,0.9977121569884471,0.09760599308890164,0.09760599308890164,False
PPA,correlation,weights_sorted_fMRI1_test_100_cosine_rdm.csv,L1,l1_r0,100,4950,1.0,0.2607311040005725,sub-02,split_half,0.9627278364603918,,0.006993006993006993,2.6969425825303595,1000,176935169134994267,,,,,,,False,0.9604146803476857,0.1229788823611646,,,0.9953279678307088,0.997658514166786,all,462.0,0.9988285709603956,0.9988285709603956,0.06021665797998502,0.06021665797998502,False
PPA,correlation,weights_sorted_fMRI1_test_100_cosine_rdm.csv,L1,l1_r0,100,4950,1.0,0.2607311040005725,sub-03,split_half,0.9613131877796899,,0.001998001998001998,2.8002987464922717,1000,176935169134994268,,,,,,,False,0.9588142073672324,0.1360719157429121,,,0.991412292901828,0.995687629764674,all,462.0,0.9978414852894592,0.9978414852894592,0.06403163493588745,0.06403163493588745,False
PPA,correlation,weights_sorted_fMRI1_test_100_cosine_rdm.csv,L2,pearson,100,4950,1.0,,F1+F2+F3,nili,0.08508178548094736,0.107120;0.074881;0.073244,0.001998001998001998,3.8672235511105155,1000,176935169134994265,0.7742387956498603,0.4785422803906436,0.7742387956498603,1.0,0.4785422803906436,1.0,False,,,0.17779366414916023,0.10989088374153821,,,,,,,,,False
PPA,correlation,weights_sorted_fMRI1_test_100_cosine_rdm.csv,L2,pearson,100,4950,1.0,,sub-01,split_half,0.10712002554177591,,0.000999000999000999,3.807020695374324,1000,176935169134994266,,,,,,,False,,,,,0.3291550585769565,0.4952846644233704,all,462.0,0.7037646370935174,0.7037646370935174,0.15221001439369228,0.15221001439369228,False
PPA,correlation,weights_sorted_fMRI1_test_100_cosine_rdm.csv,L2,pearson,100,4950,1.0,,sub-02,split_half,0.07488139980916646,,0.006993006993006993,2.69694258253006,1000,176935169134994267,,,,,,,False,,,,,0.4462879603192807,0.6171495201007672,all,462.0,0.7855886456032617,0.7855886456032617,0.09531884177331032,0.09531884177331032,False
PPA,correlation,weights_sorted_fMRI1_test_100_cosine_rdm.csv,L2,pearson,100,4950,1.0,,sub-03,split_half,0.0732439310918997,,0.001998001998001998,2.8002987464922904,1000,176935169134994268,,,,,,,False,,,,,0.2941374484522783,0.4545691013022636,all,462.0,0.6742173991393752,0.6742173991393752,0.10863548046282118,0.10863548046282118,False
PPA,correlation,weights_sorted_fMRI1_test_100_cosine_rdm.csv,L3,spearman,100,4950,1.0,,F1+F2+F3,nili,0.11744745636852068,0.142658;0.108504;0.101181,0.000999000999000999,3.9209491813872144,1000,176935169134994265,0.7569496728140978,0.44243589172622544,0.7569496728140978,0.9999999999999999,0.44243589172622544,0.9999999999999999,False,,,0.26545643914711126,0.1551588706444491,,,,,,,,,False
PPA,correlation,weights_sorted_fMRI1_test_100_cosine_rdm.csv,L3,spearman,100,4950,1.0,,sub-01,split_half,0.1426578309915295,,0.000999000999000999,3.6860444556896943,1000,176935169134994266,,,,,,,False,,,,,0.2841843152195736,0.442591163669497,all,462.0,0.6652752540636823,0.6652752540636823,0.21443429636099745,0.21443429636099745,False
PPA,correlation,weights_sorted_fMRI1_test_100_cosine_rdm.csv,L3,spearman,100,4950,1.0,,sub-02,split_half,0.10850398995851586,,0.005994005994005994,2.832768824570669,1000,176935169134994267,,,,,,,False,,,,,0.4263230312649418,0.5977930972436939,all,462.0,0.7731708072888512,0.7731708072888512,0.1403363770794563,0.1403363770794563,False
PPA,correlation,weights_sorted_fMRI1_test_100_cosine_rdm.csv,L3,spearman,100,4950,1.0,,sub-03,split_half,0.10118054815551668,,0.000999000999000999,2.8510758491872803,1000,176935169134994268,,,,,,,False,,,,,0.2688311727492103,0.4237461665868858,all,462.0,0.6509578838810433,0.6509578838810433,0.1554333247371907,0.1554333247371907,False
PPA,correlation,weights_sorted_fMRI1_test_100_cosine_rdm.csv,L3,kendall,100,4950,1.0,,F1+F2+F3,nili,0.07903269238488474,0.095541;0.073751;0.067806,0.000999000999000999,3.95341525161299,1000,176935169134994265,0.5580856698552766,0.3041599861582653,0.5580856698552766,0.9999999999999999,0.3041599861582653,0.9999999999999999,False,,,0.25983921614120936,0.14161390742281482,,,,,,,,,False
PPA,correlation,weights_sorted_fMRI1_test_100_cosine_rdm.csv,L3,kendall,100,4950,1.0,,sub-01,split_half,0.09554139087378125,,0.000999000999000999,3.696774522408977,1000,176935169134994266,,,,,,,False,,,,,0.1910987621423154,0.3208781139166065,all,462.0,0.5664610436001812,0.5664610436001812,0.16866365649182424,0.16866365649182424,False
PPA,correlation,weights_sorted_fMRI1_test_100_cosine_rdm.csv,L3,kendall,100,4950,1.0,,sub-02,split_half,0.07375113021506233,,0.005994005994005994,2.884131601328004,1000,176935169134994267,,,,,,,False,,,,,0.2907916207293491,0.4505632296637317,all,462.0,0.6712400685773546,0.6712400685773546,0.10987295554535738,0.10987295554535738,False
PPA,correlation,weights_sorted_fMRI1_test_100_cosine_rdm.csv,L3,kendall,100,4950,1.0,,sub-03,split_half,0.06780555606581065,,0.000999000999000999,2.86334425160402,1000,176935169134994268,,,,,,,False,,,,,0.1807790606783975,0.3062030259488745,all,462.0,0.5533561474754523,0.5533561474754523,0.1225351093959223,0.1225351093959223,False
PPA,correlation,weights_sorted_fMRI1_test_100_dot_product_rdm.csv,L1,l1_r0,100,4950,1.0,0.5589913503125625,F1+F2+F3,nili,0.8608938056392278,0.857940;0.863024;0.861717,0.997002997002997,-2.8747976525660746,1000,11240882193412125773,0.9963822640859753,0.9918564733101706,0.9963822640859751,1.0000000000000002,0.9918564733101705,1.0000000000000002,False,0.8649536287767007,,-0.03199158499872814,-0.030889943640664067,,,,,,,,,False
PPA,correlation,weights_sorted_fMRI1_test_100_dot_product_rdm.csv,L1,l1_r0,100,4950,1.0,0.5589913503125625,sub-01,split_half,0.8579404039812428,,0.998001998001998,-3.0266593861970557,1000,11240882193412125774,,,,,,,False,0.8635958305349691,0.14703512710906466,,,0.990900684388472,0.9954295482025396,all,462.0,0.9977121569884471,0.9977121569884471,-0.0421680693415656,-0.0421680693415656,False
PPA,correlation,weights_sorted_fMRI1_test_100_dot_product_rdm.csv,L1,l1_r0,100,4950,1.0,0.5589913503125625,sub-02,split_half,0.8630235999030381,,0.986013986013986,-2.1540086161844045,1000,11240882193412125775,,,,,,,False,0.8663543914964157,0.1229788823611646,,,0.9953279678307088,0.997658514166786,all,462.0,0.9988285709603956,0.9988285709603956,-0.0251429494174238,-0.0251429494174238,False
PPA,correlation,weights_sorted_fMRI1_test_100_dot_product_rdm.csv,L1,l1_r0,100,4950,1.0,0.5589913503125625,sub-03,split_half,0.8617174130334025,,0.967032967032967,-1.900452824247072,1000,11240882193412125776,,,,,,,False,0.864910664298717,0.1360719157429121,,,0.991412292901828,0.995687629764674,all,462.0,0.9978414852894592,0.9978414852894592,-0.024021902832728582,-0.024021902832728582,False
PPA,correlation,weights_sorted_fMRI1_test_100_dot_product_rdm.csv,L2,pearson,100,4950,1.0,,F1+F2+F3,nili,-0.061734836030199434,-0.080009;-0.056308;-0.048888,0.997002997002997,-2.85754250220216,1000,11240882193412125773,0.7742387956498603,0.4785422803906436,0.7742387956498603,1.0,0.4785422803906436,1.0,False,,,-0.12900602216340018,-0.07973616974125156,,,,,,,,,False
PPA,correlation,weights_sorted_fMRI1_test_100_dot_product_rdm.csv,L2,pearson,100,4950,1.0,,sub-01,split_half,-0.08000888171732222,,0.998001998001998,-3.026659386196927,1000,11240882193412125774,,,,,,,False,,,,,0.3291550585769565,0.4952846644233704,all,462.0,0.7037646370935174,0.7037646370935174,-0.11368698780852568,-0.11368698780852568,False
PPA,correlation,weights_sorted_fMRI1_test_100_dot_product_rdm.csv,L2,pearson,100,4950,1.0,,sub-02,split_half,-0.05630798590359317,,0.986013986013986,-2.154008616184609,1000,11240882193412125775,,,,,,,False,,,,,0.4462879603192807,0.6171495201007672,all,462.0,0.7855886456032617,0.7855886456032617,-0.07167617075263821,-0.07167617075263821,False
PPA,correlation,weights_sorted_fMRI1_test_100_dot_product_rdm.csv,L2,pearson,100,4950,1.0,,sub-03,split_half,-0.04888764046968291,,0.967032967032967,-1.900452824247072,1000,11240882193412125776,,,,,,,False,,,,,0.2941374484522783,0.4545691013022636,all,462.0,0.6742173991393752,0.6742173991393752,-0.07251020298806733,-0.07251020298806733,False
PPA,correlation,weights_sorted_fMRI1_test_100_dot_product_rdm.csv,L3,spearman,100,4950,1.0,,F1+F2+F3,nili,-0.09951461970874846,-0.120695;-0.094198;-0.083650,1.0,-3.3868684859248654,1000,11240882193412125773,0.7569496728140978,0.44243589172622544,0.7569496728140978,0.9999999999999999,0.44243589172622544,0.9999999999999999,False,,,-0.22492438242403498,-0.1314679473191194,,,,,,,,,False
PPA,correlation,weights_sorted_fMRI1_test_100_dot_product_rdm.csv,L3,spearman,100,4950,1.0,,sub-01,split_half,-0.12069521101797522,,1.0,-3.3340189673572884,1000,11240882193412125774,,,,,,,False,,,,,0.2841843152195736,0.442591163669497,all,462.0,0.6652752540636823,0.6652752540636823,-0.18142146469560685,-0.18142146469560685,False
PPA,correlation,weights_sorted_fMRI1_test_100_dot_product_rdm.csv,L3,spearman,100,4950,1.0,,sub-02,split_half,-0.09419836114254997,,0.995004995004995,-2.594453881263808,1000,11240882193412125775,,,,,,,False,,,,,0.4263230312649418,0.5977930972436939,all,462.0,0.7731708072888512,0.7731708072888512,-0.1218338305773075,-0.1218338305773075,False
PPA,correlation,weights_sorted_fMRI1_test_100_dot_product_rdm.csv,L3,spearman,100,4950,1.0,,sub-03,split_half,-0.0836502869657202,,0.9920079920079921,-2.3442097691003014,1000,11240882193412125776,,,,,,,False,,,,,0.2688311727492103,0.4237461665868858,all,462.0,0.6509578838810433,0.6509578838810433,-0.12850337792514785,-0.12850337792514785,False
PPA,correlation,weights_sorted_fMRI1_test_100_dot_product_rdm.csv,L3,kendall,100,4950,1.0,,F1+F2+F3,nili,-0.06711873908479284,-0.081249;-0.063938;-0.056170,1.0,-3.4235490723192297,1000,11240882193412125773,0.5580856698552766,0.3041599861582653,0.5580856698552766,0.9999999999999999,0.3041599861582653,0.9999999999999999,False,,,-0.220669194303121,-0.12026601418057938,,,,,,,,,False
PPA,correlation,weights_sorted_fMRI1_test_100_dot_product_rdm.csv,L3,kendall,100,4950,1.0,,sub-01,split_half,-0.08124853301656695,,1.0,-3.3617132950553583,1000,11240882193412125774,,,,,,,False,,,,,0.1910987621423154,0.3208781139166065,all,462.0,0.5664610436001812,0.5664610436001812,-0.14343181042104228,-0.14343181042104228,False
PPA,correlation,weights_sorted_fMRI1_test_100_dot_product_rdm.csv,L3,kendall,100,4950,1.0,,sub-02,split_half,-0.06393806727611537,,0.997002997002997,-2.640113512379205,1000,11240882193412125775,,,,,,,False,,,,,0.2907916207293491,0.4505632296637317,all,462.0,0.6712400685773546,0.6712400685773546,-0.09525365106947137,-0.09525365106947137,False
PPA,correlation,weights_sorted_fMRI1_test_100_dot_product_rdm.csv,L3,kendall,100,4950,1.0,,sub-03,split_half,-0.056169616961696166,,0.9920079920079921,-2.3566217722914504,1000,11240882193412125776,,,,,,,False,,,,,0.1807790606783975,0.3062030259488745,all,462.0,0.5533561474754523,0.5533561474754523,-0.10150717077592047,-0.10150717077592047,False
PPA,correlation,weights_sorted_fMRI1_test_100_euclidean_rdm.csv,L1,l1_r0,100,4950,1.0,0.1584528529687979,F1+F2+F3,nili,0.9806061971469958,0.979706;0.981779;0.980334,0.003996003996003996,2.792913292861111,1000,10147154977821119691,0.9963822640859753,0.9918564733101706,0.9963822640859751,1.0000000000000002,0.9918564733101705,1.0000000000000002,False,0.978707853198674,,0.14437590653805235,0.10740634923711681,,,,,,,,,False
PPA,correlation,weights_sorted_fMRI1_test_100_euclidean_rdm.csv,L1,l1_r0,100,4950,1.0,0.1584528529687979,sub-01,split_half,0.9797059147429193,,0.002997002997002997,2.768846693095449,1000,10147154977821119692,,,,,,,False,0.9771714843598944,0.14703512710906466,,,0.990900684388472,0.9954295482025396,all,462.0,0.9977121569884471,0.9977121569884471,0.12338594888572088,0.12338594888572088,False
PPA,correlation,weights_sorted_fMRI1_test_100_euclidean_rdm.csv,L1,l1_r0,100,4950,1.0,0.1584528529687979,sub-02,split_half,0.981778608132624,,0.03196803196803197,1.9413496388163343,1000,10147154977821119693,,,,,,,False,0.9802928369812058,0.1229788823611646,,,0.9953279678307088,0.997658514166786,all,462.0,0.9988285709603956,0.9988285709603956,0.0801571253173042,0.0801571253173042,False
PPA,correlation,weights_sorted_fMRI1_test_100_euclidean_rdm.csv,L1,l1_r0,100,4950,1.0,0.1584528529687979,sub-03,split_half,0.980334068565444,,0.022977022977022976,2.0204211500699754,1000,10147154977821119694,,,,,,,False,0.978659238254922,0.1360719157429121,,,0.991412292901828,0.995687629764674,all,462.0,0.9978414852894592,0.9978414852894592,0.08731147646605611,0.08731147646605611,False
PPA,correlation,weights_sorted_fMRI1_test_100_euclidean_rdm.csv,L2,pearson,100,4950,1.0,,F1+F2+F3,nili,0.0893090057602441,0.111148;0.077591;0.079188,0.003996003996003996,2.7743366665794538,1000,10147154977821119691,0.7742387956498603,0.4785422803906436,0.7742387956498603,1.0,0.4785422803906436,1.0,False,,,0.18662719976872133,0.11535072417196847,,,,,,,,,False
PPA,correlation,weights_sorted_fMRI1_test_100_euclidean_rdm.csv,L2,pearson,100,4950,1.0,,sub-01,split_half,0.11114790607298419,,0.002997002997002997,2.7688466930955267,1000,10147154977821119692,,,,,,,False,,,,,0.3291550585769565,0.4952846644233704,all,462.0,0.7037646370935174,0.7037646370935174,0.1579333490412572,0.1579333490412572,False
PPA,correlation,weights_sorted_fMRI1_test_100_euclidean_rdm.csv,L2,pearson,100,4950,1.0,,sub-02,split_half,0.0775907386523084,,0.03196803196803197,1.9413496388159013,1000,10147154977821119693,,,,,,,False,,,,,0.4462879603192807,0.6171495201007672,all,462.0,0.7855886456032617,0.7855886456032617,0.09876764269260238,0.09876764269260238,False
PPA,correlation,weights_sorted_fMRI1_test_100_euclidean_rdm.csv,L2,pearson,100,4950,1.0,,sub-03,split_half,0.07918837255543973,,0.022977022977022976,2.020421150069671,1000,10147154977821119694,,,,,,,False,,,,,0.2941374484522783,0.4545691013022636,all,462.0,0.6742173991393752,0.6742173991393752,0.11745228268585486,0.11745228268585486,False
PPA,correlation,weights_sorted_fMRI1_test_100_euclidean_rdm.csv,L3,spearman,100,4950,1.0,,F1+F2+F3,nili,0.12926935036629558,0.155406;0.120773;0.111629,0.000999000999000999,3.188895639562191,1000,10147154977821119691,0.7569496728140978,0.44243589172622544,0.7569496728140978,0.9999999999999999,0.44243589172622544,0.9999999999999999,False,,,0.2921764549027276,0.1707766777753048,,,,,,,,,False
PPA,correlation,weights_sorted_fMRI1_test_100_euclidean_rdm.csv,L3,spearman,100,4950,1.0,,sub-01,split_half,0.15540632270474394,,0.001998001998001998,3.0561504268131703,1000,10147154977821119692,,,,,,,False,,,,,0.2841843152195736,0.442591163669497,all,462.0,0.6652752540636823,0.6652752540636823,0.2335970288320208,0.2335970288320208,False
PPA,correlation,weights_sorted_fMRI1_test_100_euclidean_rdm.csv,L3,spearman,100,4950,1.0,,sub-02,split_half,0.12077272444741247,,0.012987012987012988,2.355596805717234,1000,10147154977821119693,,,,,,,False,,,,,0.4263230312649418,0.5977930972436939,all,462.0,0.7731708072888512,0.7731708072888512,0.15620445483567336,0.15620445483567336,False
PPA,correlation,weights_sorted_fMRI1_test_100_euclidean_rdm.csv,L3,spearman,100,4950,1.0,,sub-03,split_half,0.11162900394673038,,0.015984015984015984,2.2294406455510023,1000,10147154977821119694,,,,,,,False,,,,,0.2688311727492103,0.4237461665868858,all,462.0,0.6509578838810433,0.6509578838810433,0.17148421842776174,0.17148421842776174,False
PPA,correlation,weights_sorted_fMRI1_test_100_euclidean_rdm.csv,L3,kendall,100,4950,1.0,,F1+F2+F3,nili,0.08670388127248098,0.103503;0.081885;0.074724,0.000999000999000999,3.2025296520322297,1000,10147154977821119691,0.5580856698552766,0.3041599861582653,0.5580856698552766,0.9999999999999999,0.3041599861582653,0.9999999999999999,False,,,0.2850601171035228,0.1553594474034159,,,,,,,,,False
PPA,correlation,weights_sorted_fMRI1_test_100_euclidean_rdm.csv,L3,kendall,100,4950,1.0,,sub-01,split_half,0.10350267679829206,,0.001998001998001998,3.0495717423669335,1000,10147154977821119692,,,,,,,False,,,,,0.1910987621423154,0.3208781139166065,all,462.0,0.5664610436001812,0.5664610436001812,0.18271808444314872,0.18271808444314872,False
PPA,correlation,weights_sorted_fMRI1_test_100_euclidean_rdm.csv,L3,kendall,100,4950,1.0,,sub-02,split_half,0.08188516810864759,,0.011988011988011988,2.3936340034140513,1000,10147154977821119693,,,,,,,False,,,,,0.2907916207293491,0.4505632296637317,all,462.0,0.6712400685773546,0.6712400685773546,0.12199088216261783,0.12199088216261783,False
PPA,correlation,weights_sorted_fMRI1_test_100_euclidean_rdm.csv,L3,kendall,100,4950,1.0,,sub-03,split_half,0.07472379891050328,,0.015984015984015984,2.235580233046631,1000,10147154977821119694,,,,,,,False,,,,,0.1807790606783975,0.3062030259488745,all,462.0,0.5533561474754523,0.5533561474754523,0.13503744243451843,0.13503744243451843,False
PPA,euclidean_centered,weights_sorted_fMRI1_test_100_choice_probability_rdm.csv,L1,l1_r0,100,4950,1.0,0.6215286405986206,F1+F2+F3,nili,0.8456919440255107,0.844750;0.846407;0.845919,1.0,-8.176621501776474,1000,11648163128181741068,0.9993052780093424,0.9984367405318576,0.9993052780093423,1.0000000000000002,0.9984367405318575,1.0000000000000002,False,0.848145014515063,,-0.016322059467718874,-0.016228276088213277,,,,,,,,,False
PPA,euclidean_centered,weights_sorted_fMRI1_test_100_choice_probability_rdm.csv,L1,l1_r0,100,4950,1.0,0.6215286405986206,sub-01,split_half,0.8447500526663073,,1.0,-6.5488250738148315,1000,11648163128181741069,,,,,,,False,0.8478703453839772,0.058516413250985964,,,0.998077577634612,0.999037864001425,all,462.0,0.9995188162318032,0.9995188162318032,-0.02057582711006034,-0.02057582711006034,False
PPA,euclidean_centered,weights_sorted_fMRI1_test_100_choice_probability_rdm.csv,L1,l1_r0,100,4950,1.0,0.6215286405986206,sub-02,split_half,0.8464068685054761,,1.0,-5.674295067847015,1000,11648163128181741070,,,,,,,False,0.8484684189558611,0.04483380130175216,,,0.9990175250886209,0.9995085211114716,all,462.0,0.9997542303543765,0.9997542303543765,-0.013626859196693054,-0.013626859196693054,False
PPA,euclidean_centered,weights_sorted_fMRI1_test_100_choice_probability_rdm.csv,L1,l1_r0,100,4950,1.0,0.6215286405986206,sub-03,split_half,0.8459189109047489,,1.0,-5.109101698444432,1000,11648163128181741071,,,,,,,False,0.8480962792053506,0.05375514052434651,,,0.9983314623587825,0.9991650345937866,all,462.0,0.9995824301145887,0.9995824301145887,-0.01437338190674752,-0.01437338190674752,False
PPA,euclidean_centered,weights_sorted_fMRI1_test_100_choice_probability_rdm.csv,L2,pearson,100,4950,1.0,,F1+F2+F3,nili,-0.08930810698739122,-0.101989;-0.088228;-0.077708,1.0,-8.207963971695037,1000,11648163128181741068,0.7047444929012586,0.3115403133020112,0.7047444929012586,1.0,0.3115403133020112,1.0,False,,,-0.2866662938122386,-0.12672409346503988,,,,,,,,,False
PPA,euclidean_centered,weights_sorted_fMRI1_test_100_choice_probability_rdm.csv,L2,pearson,100,4950,1.0,,sub-01,split_half,-0.10198866334238021,,1.0,-6.5488250738145855,1000,11648163128181741069,,,,,,,False,,,,,0.1470147466165284,0.2563432546097485,all,462.0,0.5063035202423034,0.5063035202423034,-0.2014377922823273,-0.2014377922823273,False
PPA,euclidean_centered,weights_sorted_fMRI1_test_100_choice_probability_rdm.csv,L2,pearson,100,4950,1.0,,sub-02,split_half,-0.08822773520265186,,1.0,-5.674295067846672,1000,11648163128181741070,,,,,,,False,,,,,0.1957926288978003,0.327469201877032,all,462.0,0.5722492480353574,0.5722492480353574,-0.15417710989670108,-0.15417710989670108,False
PPA,euclidean_centered,weights_sorted_fMRI1_test_100_choice_probability_rdm.csv,L2,pearson,100,4950,1.0,,sub-03,split_half,-0.07770792241714156,,1.0,-5.109101698444695,1000,11648163128181741071,,,,,,,False,,,,,0.1440282910637157,0.2517914848588202,all,462.0,0.5017882868888235,0.5017882868888235,-0.15486196957474732,-0.15486196957474732,False
PPA,euclidean_centered,weights_sorted_fMRI1_test_100_choice_probability_rdm.csv,L3,spearman,100,4950,1.0,,F1+F2+F3,nili,-0.0662319798235249,-0.074119;-0.070729;-0.053848,1.0,-4.373966560666771,1000,11648163128181741068,0.6674242628865029,0.23333183857173198,0.6674242628865028,0.9999999999999999,0.23333183857173198,0.9999999999999999,False,,,-0.2838531604985556,-0.09923519941735742,,,,,,,,,False
PPA,euclidean_centered,weights_sorted_fMRI1_test_100_choice_probability_rdm.csv,L3,spearman,100,4950,1.0,,sub-01,split_half,-0.07411908717530971,,0.998001998001998,-3.4666138594775644,1000,11648163128181741069,,,,,,,False,,,,,0.1319972892972078,0.2332113169266639,all,462.0,0.4829195760441524,0.4829195760441524,-0.15348122306918688,-0.15348122306918688,False
PPA,euclidean_centered,weights_sorted_fMRI1_test_100_choice_probability_rdm.csv,L3,spearman,100,4950,1.0,,sub-02,split_half,-0.07072934362797653,,0.999000999000999,-3.1431790872808594,1000,11648163128181741070,,,,,,,False,,,,,0.1428263267650532,0.2499528115865955,all,462.0,0.49995280935963893,0.49995280935963893,-0.1414720395682339,-0.1414720395682339,False
PPA,euclidean_centered,weights_sorted_fMRI1_test_100_choice_probability_rdm.csv,L3,spearman,100,4950,1.0,,sub-03,split_half,-0.05384750866728846,,0.991008991008991,-2.4156754539586993,1000,11648163128181741071,,,,,,,False,,,,,0.1213855838141941,0.2164921425176924,all,462.0,0.4652871613505926,0.4652871613505926,-0.11572962492879642,-0.11572962492879642,False
PPA,euclidean_centered,weights_sorted_fMRI1_test_100_choice_probability_rdm.csv,L3,kendall,100,4950,1.0,,F1+F2+F3,nili,-0.0443297390963586,-0.049627;-0.047216;-0.036147,1.0,-4.389196447928111,1000,11648163128181741068,0.47753334870077424,0.1569090391205383,0.47753334870077424,0.9999999999999999,0.1569090391205383,0.9999999999999999,False,,,-0.28251870857678424,-0.0928306666266693,,,,,,,,,False
PPA,euclidean_centered,weights_sorted_fMRI1_test_100_choice_probability_rdm.csv,L3,kendall,100,4950,1.0,,sub-01,split_half,-0.049626595312592475,,0.998001998001998,-3.476154869752915,1000,11648163128181741069,,,,,,,False,,,,,0.088058419765468,0.1618634039603298,all,462.0,0.40232251237077177,0.40232251237077177,-0.123350281892398,-0.123350281892398,False
PPA,euclidean_centered,weights_sorted_fMRI1_test_100_choice_probability_rdm.csv,L3,kendall,100,4950,1.0,,sub-02,split_half,-0.04721557870072721,,0.998001998001998,-3.145625047363584,1000,11648163128181741070,,,,,,,False,,,,,0.0955145458887261,0.174373852446187,all,462.0,0.4175809531649965,0.4175809531649965,-0.11306928235797953,-0.11306928235797953,False
PPA,euclidean_centered,weights_sorted_fMRI1_test_100_choice_probability_rdm.csv,L3,kendall,100,4950,1.0,,sub-03,split_half,-0.036147043275756144,,0.991008991008991,-2.431563997209173,1000,11648163128181741071,,,,,,,False,,,,,0.0809916726278158,0.149846987129754,all,462.0,0.3871007454523357,0.3871007454523357,-0.09337890381357322,-0.09337890381357322,False
PPA,euclidean_centered,weights_sorted_fMRI1_test_100_cosine_rdm.csv,L1,l1_r0,100,4950,1.0,0.2607311040005725,F1+F2+F3,nili,0.9672621123036285,0.967400;0.967413;0.966973,0.000999000999000999,4.096470882626007,1000,3170025994207525380,0.9993052780093424,0.9984367405318576,0.9993052780093423,1.0000000000000002,0.9984367405318575,1.0000000000000002,False,0.9663104688982497,,0.02962196846967001,0.02884221582172598,,,,,,,,,False
PPA,euclidean_centered,weights_sorted_fMRI1_test_100_cosine_rdm.csv,L1,l1_r0,100,4950,1.0,0.2607311040005725,sub-01,split_half,0.9674003834613611,,0.000999000999000999,4.044013905506514,1000,3170025994207525381,,,,,,,False,0.9659975322514391,0.058516413250985964,,,0.998077577634612,0.999037864001425,all,462.0,0.9995188162318032,0.9995188162318032,0.041849566703464104,0.041849566703464104,False
PPA,euclidean_centered,weights_sorted_fMRI1_test_100_cosine_rdm.csv,L1,l1_r0,100,4950,1.0,0.2607311040005725,sub-02,split_half,0.9674131865644655,,0.007992007992007992,2.587030914303996,1000,3170025994207525382,,,,,,,False,0.9666789307667784,0.04483380130175216,,,0.9990175250886209,0.9995085211114716,all,462.0,0.9997542303543765,0.9997542303543765,0.022199520694968125,0.022199520694968125,False
PPA,euclidean_centered,weights_sorted_fMRI1_test_100_cosine_rdm.csv,L1,l1_r0,100,4950,1.0,0.2607311040005725,sub-03,split_half,0.9669727668850586,,0.013986013986013986,2.154051504718816,1000,3170025994207525383,,,,,,,False,0.9662549436765315,0.05375514052434651,,,0.9983314623587825,0.9991650345937866,all,462.0,0.9995824301145887,0.9995824301145887,0.021538474251913506,0.021538474251913506,False
PPA,euclidean_centered,weights_sorted_fMRI1_test_100_cosine_rdm.csv,L2,pearson,100,4950,1.0,,F1+F2+F3,nili,0.07057242042953565,0.094759;0.064423;0.052535,0.000999000999000999,4.040151017849942,1000,3170025994207525380,0.7047444929012586,0.3115403133020112,0.7047444929012586,1.0,0.3115403133020112,1.0,False,,,0.22652741047070155,0.10013901653776175,,,,,,,,,False
PPA,euclidean_centered,weights_sorted_fMRI1_test_100_cosine_rdm.csv,L2,pearson,100,4950,1.0,,sub-01,split_half,0.09475872448141114,,0.000999000999000999,4.04401390550635,1000,3170025994207525381,,,,,,,False,,,,,0.1470147466165284,0.2563432546097485,all,462.0,0.5063035202423034,0.5063035202423034,0.18715794122083554,0.18715794122083554,False
PPA,euclidean_centered,weights_sorted_fMRI1_test_100_cosine_rdm.csv,L2,pearson,100,4950,1.0,,sub-02,split_half,0.06442327265543085,,0.007992007992007992,2.5870309143039467,1000,3170025994207525382,,,,,,,False,,,,,0.1957926288978003,0.327469201877032,all,462.0,0.5722492480353574,0.5722492480353574,0.1125790429198613,0.1125790429198613,False
PPA,euclidean_centered,weights_sorted_fMRI1_test_100_cosine_rdm.csv,L2,pearson,100,4950,1.0,,sub-03,split_half,0.05253526415176495,,0.013986013986013986,2.154051504718486,1000,3170025994207525383,,,,,,,False,,,,,0.1440282910637157,0.2517914848588202,all,462.0,0.5017882868888235,0.5017882868888235,0.10469607506682335,0.10469607506682335,False
PPA,euclidean_centered,weights_sorted_fMRI1_test_100_cosine_rdm.csv,L3,spearman,100,4950,1.0,,F1+F2+F3,nili,0.04667729551449696,0.064891;0.045027;0.030114,0.017982017982017984,2.204979197645936,1000,3170025994207525380,0.6674242628865029,0.23333183857173198,0.6674242628865028,0.9999999999999999,0.23333183857173198,0.9999999999999999,False,,,0.20004683372923923,0.06993646786621922,,,,,,,,,False
PPA,euclidean_centered,weights_sorted_fMRI1_test_100_cosine_rdm.csv,L3,spearman,100,4950,1.0,,sub-01,split_half,0.06489079377972709,,0.02097902097902098,2.235078693031328,1000,3170025994207525381,,,,,,,False,,,,,0.1319972892972078,0.2332113169266639,all,462.0,0.4829195760441524,0.4829195760441524,0.13437184367484462,0.13437184367484462,False
PPA,euclidean_centered,weights_sorted_fMRI1_test_100_cosine_rdm.csv,L3,spearman,100,4950,1.0,,sub-02,split_half,0.04502696212926911,,0.08091908091908091,1.3960686092065877,1000,3170025994207525382,,,,,,,False,,,,,0.1428263267650532,0.2499528115865955,all,462.0,0.49995280935963893,0.49995280935963893,0.09006242446550422,0.09006242446550422,False
PPA,euclidean_centered,weights_sorted_fMRI1_test_100_cosine_rdm.csv,L3,spearman,100,4950,1.0,,sub-03,split_half,0.030114130634494692,,0.17582417582417584,0.9515774136109103,1000,3170025994207525383,,,,,,,False,,,,,0.1213855838141941,0.2164921425176924,all,462.0,0.4652871613505926,0.4652871613505926,0.0647216023478537,0.0647216023478537,False
PPA,euclidean_centered,weights_sorted_fMRI1_test_100_cosine_rdm.csv,L3,kendall,100,4950,1.0,,F1+F2+F3,nili,0.03123917833960266,0.043400;0.030142;0.020176,0.017982017982017984,2.212447825988528,1000,3170025994207525380,0.47753334870077424,0.1569090391205383,0.47753334870077424,0.9999999999999999,0.1569090391205383,0.9999999999999999,False,,,0.19909100530278928,0.06541779422232007,,,,,,,,,False
PPA,euclidean_centered,weights_sorted_fMRI1_test_100_cosine_rdm.csv,L3,kendall,100,4950,1.0,,sub-01,split_half,0.043399523625831965,,0.02097902097902098,2.2415341570565324,1000,3170025994207525381,,,,,,,False,,,,,0.088058419765468,0.1618634039603298,all,462.0,0.40232251237077177,0.40232251237077177,0.10787247119255385,0.10787247119255385,False
PPA,euclidean_centered,weights_sorted_fMRI1_test_100_cosine_rdm.csv,L3,kendall,100,4950,1.0,,sub-02,split_half,0.03014170804835585,,0.07792207792207792,1.4000973616723016,1000,3170025994207525382,,,,,,,False,,,,,0.0955145458887261,0.174373852446187,all,462.0,0.4175809531649965,0.4175809531649965,0.07218171188101609,0.07218171188101609,False
PPA,euclidean_centered,weights_sorted_fMRI1_test_100_cosine_rdm.csv,L3,kendall,100,4950,1.0,,sub-03,split_half,0.020176303344620176,,0.17282717282717283,0.9557938651265266,1000,3170025994207525383,,,,,,,False,,,,,0.0809916726278158,0.149846987129754,all,462.0,0.3871007454523357,0.3871007454523357,0.05212158225384899,0.05212158225384899,False
PPA,euclidean_centered,weights_sorted_fMRI1_test_100_dot_product_rdm.csv,L1,l1_r0,100,4950,1.0,0.5589913503125625,F1+F2+F3,nili,0.8694698254345417,0.868496;0.870136;0.869778,1.0,-5.192854094923548,1000,10880535819652313516,0.9993052780093424,0.9984367405318576,0.9993052780093423,1.0000000000000002,0.9984367405318575,1.0000000000000002,False,0.8716727632441968,,-0.017378263579219733,-0.017260004738673215,,,,,,,,,False
PPA,euclidean_centered,weights_sorted_fMRI1_test_100_dot_product_rdm.csv,L1,l1_r0,100,4950,1.0,0.5589913503125625,sub-01,split_half,0.8684964653813284,,1.0,-4.536095045025961,1000,10880535819652313517,,,,,,,False,0.8713904747246937,0.058516413250985964,,,0.998077577634612,0.999037864001425,all,462.0,0.9995188162318032,0.9995188162318032,-0.022586800931975497,-0.022586800931975497,False
PPA,euclidean_centered,weights_sorted_fMRI1_test_100_dot_product_rdm.csv,L1,l1_r0,100,4950,1.0,0.5589913503125625,sub-02,split_half,0.8701355016416262,,1.0,-3.60386917448728,1000,10880535819652313518,,,,,,,False,0.8720051390027422,0.04483380130175216,,,0.9990175250886209,0.9995085211114716,all,462.0,0.9997542303543765,0.9997542303543765,-0.014635230210520694,-0.014635230210520694,False
PPA,euclidean_centered,weights_sorted_fMRI1_test_100_dot_product_rdm.csv,L1,l1_r0,100,4950,1.0,0.5589913503125625,sub-03,split_half,0.8697775092806705,,1.0,-3.0402813765692565,1000,10880535819652313519,,,,,,,False,0.8716226760051545,0.05375514052434651,,,0.9983314623587825,0.9991650345937866,all,462.0,0.9995824301145887,0.9995824301145887,-0.014419898954369296,-0.014419898954369296,False
PPA,euclidean_centered,weights_sorted_fMRI1_test_100_dot_product_rdm.csv,L2,pearson,100,4950,1.0,,F1+F2+F3,nili,-0.0867012304107208,-0.102296;-0.086535;-0.071273,1.0,-5.184815319013239,1000,10880535819652313516,0.7047444929012586,0.3115403133020112,0.7047444929012586,1.0,0.3115403133020112,1.0,False,,,-0.27829859157479725,-0.12302505558261731,,,,,,,,,False
PPA,euclidean_centered,weights_sorted_fMRI1_test_100_dot_product_rdm.csv,L2,pearson,100,4950,1.0,,sub-01,split_half,-0.10229625613019035,,1.0,-4.5360950450260455,1000,10880535819652313517,,,,,,,False,,,,,0.1470147466165284,0.2563432546097485,all,462.0,0.5063035202423034,0.5063035202423034,-0.20204531874720932,-0.20204531874720932,False
PPA,euclidean_centered,weights_sorted_fMRI1_test_100_dot_product_rdm.csv,L2,pearson,100,4950,1.0,,sub-02,split_half,-0.08653457957403532,,1.0,-3.6038691744865847,1000,10880535819652313518,,,,,,,False,,,,,0.1957926288978003,0.327469201877032,all,462.0,0.5722492480353574,0.5722492480353574,-0.15121833688925815,-0.15121833688925815,False
PPA,euclidean_centered,weights_sorted_fMRI1_test_100_dot_product_rdm.csv,L2,pearson,100,4950,1.0,,sub-03,split_half,-0.0712728555279367,,1.0,-3.040281376569388,1000,10880535819652313519,,,,,,,False,,,,,0.1440282910637157,0.2517914848588202,all,462.0,0.5017882868888235,0.5017882868888235,-0.14203770273284191,-0.14203770273284191,False
PPA,euclidean_centered,weights_sorted_fMRI1_test_100_dot_product_rdm.csv,L3,spearman,100,4950,1.0,,F1+F2+F3,nili,-0.06106607607161977,-0.074385;-0.065841;-0.042973,0.998001998001998,-2.8284091652469563,1000,10880535819652313516,0.6674242628865029,0.23333183857173198,0.6674242628865028,0.9999999999999999,0.23333183857173198,0.9999999999999999,False,,,-0.2617134311606024,-0.09149513954964535,,,,,,,,,False
PPA,euclidean_centered,weights_sorted_fMRI1_test_100_dot_product_rdm.csv,L3,spearman,100,4950,1.0,,sub-01,split_half,-0.07438453760091238,,0.9920079920079921,-2.572526547144507,1000,10880535819652313517,,,,,,,False,,,,,0.1319972892972078,0.2332113169266639,all,462.0,0.4829195760441524,0.4829195760441524,-0.15403090139818962,-0.15403090139818962,False
PPA,euclidean_centered,weights_sorted_fMRI1_test_100_dot_product_rdm.csv,L3,spearman,100,4950,1.0,,sub-02,split_half,-0.06584100671576891,,0.98001998001998,-2.0965079469883428,1000,10880535819652313518,,,,,,,False,,,,,0.1428263267650532,0.2499528115865955,all,462.0,0.49995280935963893,0.49995280935963893,-0.13169444292172477,-0.13169444292172477,False
PPA,euclidean_centered,weights_sorted_fMRI1_test_100_dot_product_rdm.csv,L3,spearman,100,4950,1.0,,sub-03,split_half,-0.04297268389817806,,0.9090909090909091,-1.38255041545946,1000,10880535819652313519,,,,,,,False,,,,,0.1213855838141941,0.2164921425176924,all,462.0,0.4652871613505926,0.4652871613505926,-0.0923573385808474,-0.0923573385808474,False
PPA,euclidean_centered,weights_sorted_fMRI1_test_100_dot_product_rdm.csv,L3,kendall,100,4950,1.0,,F1+F2+F3,nili,-0.04072731082632073,-0.049566;-0.043853;-0.028763,0.997002997002997,-2.827860728911513,1000,10880535819652313516,0.47753334870077424,0.1569090391205383,0.47753334870077424,0.9999999999999999,0.1569090391205383,0.9999999999999999,False,,,-0.25956000402904644,-0.08528684109105174,,,,,,,,,False
PPA,euclidean_centered,weights_sorted_fMRI1_test_100_dot_product_rdm.csv,L3,kendall,100,4950,1.0,,sub-01,split_half,-0.04956552798136956,,0.9920079920079921,-2.5711162512535424,1000,10880535819652313517,,,,,,,False,,,,,0.088058419765468,0.1618634039603298,all,462.0,0.40232251237077177,0.40232251237077177,-0.12319849488236204,-0.12319849488236204,False
PPA,euclidean_centered,weights_sorted_fMRI1_test_100_dot_product_rdm.csv,L3,kendall,100,4950,1.0,,sub-02,split_half,-0.04385328328751242,,0.98001998001998,-2.0925292443134107,1000,10880535819652313518,,,,,,,False,,,,,0.0955145458887261,0.174373852446187,all,462.0,0.4175809531649965,0.4175809531649965,-0.10501744142095704,-0.10501744142095704,False
PPA,euclidean_centered,weights_sorted_fMRI1_test_100_dot_product_rdm.csv,L3,kendall,100,4950,1.0,,sub-03,split_half,-0.02876312121008019,,0.9080919080919081,-1.3883421122921629,1000,10880535819652313519,,,,,,,False,,,,,0.0809916726278158,0.149846987129754,all,462.0,0.3871007454523357,0.3871007454523357,-0.07430396750197381,-0.07430396750197381,False
PPA,euclidean_centered,weights_sorted_fMRI1_test_100_euclidean_rdm.csv,L1,l1_r0,100,4950,1.0,0.1584528529687979,F1+F2+F3,nili,0.9867336406381009,0.986783;0.986898;0.986521,0.012987012987012988,2.1388893515633747,1000,2171651615044906185,0.9993052780093424,0.9984367405318576,0.9993052780093423,1.0000000000000002,0.9984367405318575,1.0000000000000002,False,0.9863106534543791,,0.03488241351222065,0.032550935345049214,,,,,,,,,False
PPA,euclidean_centered,weights_sorted_fMRI1_test_100_euclidean_rdm.csv,L1,l1_r0,100,4950,1.0,0.1584528529687979,sub-01,split_half,0.9867826274175744,,0.007992007992007992,2.599276078017216,1000,2171651615044906186,,,,,,,False,0.9859912398098623,0.058516413250985964,,,0.998077577634612,0.999037864001425,all,462.0,0.9995188162318032,0.9995188162318032,0.05850180276405995,0.05850180276405995,False
PPA,euclidean_centered,weights_sorted_fMRI1_test_100_euclidean_rdm.csv,L1,l1_r0,100,4950,1.0,0.1584528529687979,sub-02,split_half,0.9868976145180168,,0.1928071928071928,0.8468978420757082,1000,2171651615044906187,,,,,,,False,0.986686741552375,0.04483380130175216,,,0.9990175250886209,0.9995085211114716,all,462.0,0.9997542303543765,0.9997542303543765,0.016137221836342343,0.016137221836342343,False
PPA,euclidean_centered,weights_sorted_fMRI1_test_100_euclidean_rdm.csv,L1,l1_r0,100,4950,1.0,0.1584528529687979,sub-03,split_half,0.9865206799787115,,0.17282717282717283,0.9596494926614294,1000,2171651615044906188,,,,,,,False,0.9862539790008998,0.05375514052434651,,,0.9983314623587825,0.9991650345937866,all,462.0,0.9995824301145887,0.9995824301145887,0.02000990029049669,0.02000990029049669,False
PPA,euclidean_centered,weights_sorted_fMRI1_test_100_euclidean_rdm.csv,L2,pearson,100,4950,1.0,,F1+F2+F3,nili,0.04914006183036907,0.086277;0.029713;0.031430,0.015984015984015984,2.0595525017344545,1000,2171651615044906185,0.7047444929012586,0.3115403133020112,0.7047444929012586,1.0,0.3115403133020112,1.0,False,,,0.15773259424931008,0.06972748609651648,,,,,,,,,False
PPA,euclidean_centered,weights_sorted_fMRI1_test_100_euclidean_rdm.csv,L2,pearson,100,4950,1.0,,sub-01,split_half,0.08627741176422868,,0.007992007992007992,2.599276078017622,1000,2171651615044906186,,,,,,,False,,,,,0.1470147466165284,0.2563432546097485,all,462.0,0.5063035202423034,0.5063035202423034,0.17040650186065978,0.17040650186065978,False
PPA,euclidean_centered,weights_sorted_fMRI1_test_100_euclidean_rdm.csv,L2,pearson,100,4950,1.0,,sub-02,split_half,0.029713177724846697,,0.1928071928071928,0.8468978420756835,1000,2171651615044906187,,,,,,,False,,,,,0.1957926288978003,0.327469201877032,all,462.0,0.5722492480353574,0.5722492480353574,0.05192348933066806,0.05192348933066806,False
PPA,euclidean_centered,weights_sorted_fMRI1_test_100_euclidean_rdm.csv,L2,pearson,100,4950,1.0,,sub-03,split_half,0.03142959600203185,,0.17282717282717283,0.9596494926621271,1000,2171651615044906188,,,,,,,False,,,,,0.1440282910637157,0.2517914848588202,all,462.0,0.5017882868888235,0.5017882868888235,0.06263517268786988,0.06263517268786988,False
PPA,euclidean_centered,weights_sorted_fMRI1_test_100_euclidean_rdm.csv,L3,spearman,100,4950,1.0,,F1+F2+F3,nili,0.018773610451453593,0.046979;-0.000435;0.009776,0.27472527472527475,0.6346786305812392,1000,2171651615044906185,0.6674242628865029,0.23333183857173198,0.6674242628865028,0.9999999999999999,0.23333183857173198,0.9999999999999999,False,,,0.08045884593534422,0.028128450665339522,,,,,,,,,False
PPA,euclidean_centered,weights_sorted_fMRI1_test_100_euclidean_rdm.csv,L3,spearman,100,4950,1.0,,sub-01,split_half,0.04697916800117803,,0.11288711288711288,1.1677668433445467,1000,2171651615044906186,,,,,,,False,,,,,0.1319972892972078,0.2332113169266639,all,462.0,0.4829195760441524,0.4829195760441524,0.09728155645710004,0.09728155645710004,False
PPA,euclidean_centered,weights_sorted_fMRI1_test_100_euclidean_rdm.csv,L3,spearman,100,4950,1.0,,sub-02,split_half,-0.00043461852605319965,,0.5214785214785215,-0.04453821334781767,1000,2171651615044906187,,,,,,,False,,,,,0.1428263267650532,0.2499528115865955,all,462.0,0.49995280935963893,0.49995280935963893,-0.0008693190995563716,-0.0008693190995563716,False
PPA,euclidean_centered,weights_sorted_fMRI1_test_100_euclidean_rdm.csv,L3,spearman,100,4950,1.0,,sub-03,split_half,0.009776281879235947,,0.3876123876123876,0.2628890726152509,1000,2171651615044906188,,,,,,,False,,,,,0.1213855838141941,0.2164921425176924,all,462.0,0.4652871613505926,0.4652871613505926,0.021011286558731298,0.021011286558731298,False
PPA,euclidean_centered,weights_sorted_fMRI1_test_100_euclidean_rdm.csv,L3,kendall,100,4950,1.0,,F1+F2+F3,nili,0.012602865728749744,0.031634;-0.000302;0.006477,0.2727272727272727,0.6389941275956391,1000,2171651615044906185,0.47753334870077424,0.1569090391205383,0.47753334870077424,0.9999999999999999,0.1569090391205383,0.9999999999999999,False,,,0.08031956475794973,0.02639159288673426,,,,,,,,,False
PPA,euclidean_centered,weights_sorted_fMRI1_test_100_euclidean_rdm.csv,L3,kendall,100,4950,1.0,,sub-01,split_half,0.03163410218572878,,0.11188811188811189,1.1785252428375181,1000,2171651615044906186,,,,,,,False,,,,,0.088058419765468,0.1618634039603298,all,462.0,0.40232251237077177,0.40232251237077177,0.07862871505578457,0.07862871505578457,False
PPA,euclidean_centered,weights_sorted_fMRI1_test_100_euclidean_rdm.csv,L3,kendall,100,4950,1.0,,sub-02,split_half,-0.0003021526642460164,,0.5224775224775224,-0.04465308174598261,1000,2171651615044906187,,,,,,,False,,,,,0.0955145458887261,0.174373852446187,all,462.0,0.4175809531649965,0.4175809531649965,-0.0007235786545240929,-0.0007235786545240929,False
PPA,euclidean_centered,weights_sorted_fMRI1_test_100_euclidean_rdm.csv,L3,kendall,100,4950,1.0,,sub-03,split_half,0.006476647664766476,,0.3886113886113886,0.26090150508248666,1000,2171651615044906188,,,,,,,False,,,,,0.0809916726278158,0.149846987129754,all,462.0,0.3871007454523357,0.3871007454523357,0.01673116815416713,0.01673116815416713,False
PPA,mahalanobis,weights_sorted_fMRI1_test_100_choice_probability_rdm.csv,L1,l1_r0,100,4950,1.0,0.6215286405986206,F1+F2+F3,nili,0.8493446379696983,0.849345;0.849345;0.849345,0.9120879120879121,-0.9669561312354232,1000,12993616251085189374,1.0,1.0000000000000002,1.0,1.0000000000000002,1.0,1.0000000000000002,False,0.849320731215894,,0.00015865987403026823,0.00015865987403026845,,,,,,,,,False
PPA,mahalanobis,weights_sorted_fMRI1_test_100_choice_probability_rdm.csv,L1,l1_r0,100,4950,1.0,0.6215286405986206,sub-01,split_half,0.8493446379696983,,0.6463536463536463,-0.7023769168568492,1000,12993616251085189375,,,,,,,False,0.8493207312158939,2.2891418365660626e-16,,,0.999999999999,0.9999999999995,contiguous,1.0,0.99999999999975,0.99999999999975,0.0001586598740312684,0.0001586598740312684,False
PPA,mahalanobis,weights_sorted_fMRI1_test_100_choice_probability_rdm.csv,L1,l1_r0,100,4950,1.0,0.6215286405986206,sub-02,split_half,0.8493446379696983,,0.7732267732267732,-0.9007610995017683,1000,12993616251085189376,,,,,,,False,0.8493207312158939,2.4808011742693956e-16,,,0.999999999999,0.9999999999995,contiguous,1.0,0.99999999999975,0.99999999999975,0.0001586598740312684,0.0001586598740312684,False
PPA,mahalanobis,weights_sorted_fMRI1_test_100_choice_probability_rdm.csv,L1,l1_r0,100,4950,1.0,0.6215286405986206,sub-03,split_half,0.8493446379696982,,1.0,-1.1818267366716912,1000,12993616251085189377,,,,,,,False,0.8493207312158939,2.153526864082079e-16,,,0.999999999999,0.9999999999995,contiguous,1.0,0.99999999999975,0.99999999999975,0.0001586598740305316,0.0001586598740305316,False
PPA,mahalanobis,weights_sorted_fMRI1_test_100_choice_probability_rdm.csv,L2,pearson,100,4950,1.0,,F1+F2+F3,nili,0.0018677434840887776,0.000312;0.022973;-0.017681,0.42357642357642356,0.19455246497709508,1000,12993616251085189374,0.5750620798792004,-0.005570727724226402,0.5750620798792004,1.0,-0.005570727724226405,1.0,False,,,-0.33527818564281886,0.003247898878119598,,,,,,,,,False
PPA,mahalanobis,weights_sorted_fMRI1_test_100_choice_probability_rdm.csv,L2,pearson,100,4950,1.0,,sub-01,split_half,0.00031158046351509934,,0.5014985014985015,0.009575034508639233,1000,12993616251085189375,,,,,,,False,,,,,-0.0255093704110513,-0.0523542651647897,contiguous,1.0,,,,,True
PPA,mahalanobis,weights_sorted_fMRI1_test_100_choice_probability_rdm.csv,L2,pearson,100,4950,1.0,,sub-02,split_half,0.022972593741293127,,0.06893106893106893,1.5342426339563209,1000,12993616251085189376,,,,,,,False,,,,,0.0944889835256553,0.1726631970680597,contiguous,1.0,0.41552761288277784,0.41552761288277784,0.055285360175988583,0.055285360175988583,False
PPA,mahalanobis,weights_sorted_fMRI1_test_100_choice_probability_rdm.csv,L2,pearson,100,4950,1.0,,sub-03,split_half,-0.0176809437525419,,0.8961038961038961,-1.2568439934970959,1000,12993616251085189377,,,,,,,False,,,,,-0.082227850518251,-0.1791901193878758,contiguous,1.0,,,,,True
PPA,mahalanobis,weights_sorted_fMRI1_test_100_choice_probability_rdm.csv,L3,spearman,100,4950,1.0,,F1+F2+F3,nili,-0.0027768587577274278,0.001926;0.008548;-0.018804,0.6223776223776224,-0.3308535228192468,1000,12993616251085189374,0.5626763133772186,-0.012087615366904114,0.5626763133772186,1.0,-0.012087615366904114,1.0,False,,,0.22972759088037048,-0.004935090906991529,,,,,,,,,False
PPA,mahalanobis,weights_sorted_fMRI1_test_100_choice_probability_rdm.csv,L3,spearman,100,4950,1.0,,sub-01,split_half,0.0019257640739743494,,0.4385614385614386,0.1297136817519024,1000,12993616251085189375,,,,,,,False,,,,,-0.0190212062290713,-0.0387800558989719,contiguous,1.0,,,,,True
PPA,mahalanobis,weights_sorted_fMRI1_test_100_choice_probability_rdm.csv,L3,spearman,100,4950,1.0,,sub-02,split_half,0.00854754233955735,,0.30569430569430567,0.5100210053974161,1000,12993616251085189376,,,,,,,False,,,,,0.0141792448016828,0.0279620094265595,contiguous,1.0,0.16721844822434964,0.16721844822434964,0.05111602475876039,0.05111602475876039,False
PPA,mahalanobis,weights_sorted_fMRI1_test_100_choice_probability_rdm.csv,L3,spearman,100,4950,1.0,,sub-03,split_half,-0.018803882686713982,,0.8741258741258742,-1.109922477862755,1000,12993616251085189377,,,,,,,False,,,,,-0.0443904264273879,-0.09290494288673,contiguous,1.0,,,,,True
PPA,mahalanobis,weights_sorted_fMRI1_test_100_choice_probability_rdm.csv,L3,kendall,100,4950,1.0,,F1+F2+F3,nili,-0.0021723645898647343,0.001365;0.006197;-0.014080,0.6303696303696303,-0.3479969872972342,1000,12993616251085189374,0.4336918230051771,-0.00912216866901049,0.4336918230051771,1.0,-0.00912216866901049,1.0,False,,,0.2381412434572291,-0.005009005184399804,,,,,,,,,False
PPA,mahalanobis,weights_sorted_fMRI1_test_100_choice_probability_rdm.csv,L3,kendall,100,4950,1.0,,sub-01,split_half,0.0013651563033614572,,0.4385614385614386,0.12490928799213376,1000,12993616251085189375,,,,,,,False,,,,,-0.0146674569991212,-0.0297715874773622,contiguous,1.0,,,,,True
PPA,mahalanobis,weights_sorted_fMRI1_test_100_choice_probability_rdm.csv,L3,kendall,100,4950,1.0,,sub-02,split_half,0.006197431341666924,,0.3066933066933067,0.5029215850736293,1000,12993616251085189376,,,,,,,False,,,,,0.0107092260184634,0.0211915073945664,contiguous,1.0,0.14557303113752354,0.14557303113752354,0.04257266124940533,0.04257266124940533,False
PPA,mahalanobis,weights_sorted_fMRI1_test_100_choice_probability_rdm.csv,L3,kendall,100,4950,1.0,,sub-03,split_half,-0.014079681414622585,,0.8751248751248751,-1.114131909291986,1000,12993616251085189377,,,,,,,False,,,,,-0.034522575928839,-0.0715139993295058,contiguous,1.0,,,,,True
PPA,mahalanobis,weights_sorted_fMRI1_test_100_cosine_rdm.csv,L1,l1_r0,100,4950,1.0,0.2607311040005725,F1+F2+F3,nili,0.9676562107783352,0.967656;0.967656;0.967656,0.993006993006993,0.0,1000,7242636332579826440,1.0,1.0000000000000002,1.0,1.0000000000000002,1.0,1.0000000000000002,False,0.9676499890711309,,0.00019232473268722416,0.0001923247326872255,,,,,,,,,False
PPA,mahalanobis,weights_sorted_fMRI1_test_100_cosine_rdm.csv,L1,l1_r0,100,4950,1.0,0.2607311040005725,sub-01,split_half,0.9676562107783352,,0.999000999000999,0.0,1000,7242636332579826441,,,,,,,False,0.9676499890711308,2.2891418365660626e-16,,,0.999999999999,0.9999999999995,contiguous,1.0,0.99999999999975,0.99999999999975,0.00019232473269214313,0.00019232473269214313,False
PPA,mahalanobis,weights_sorted_fMRI1_test_100_cosine_rdm.csv,L1,l1_r0,100,4950,1.0,0.2607311040005725,sub-02,split_half,0.9676562107783352,,1.0,0.0,1000,7242636332579826442,,,,,,,False,0.9676499890711308,2.4808011742693956e-16,,,0.999999999999,0.9999999999995,contiguous,1.0,0.99999999999975,0.99999999999975,0.00019232473269214313,0.00019232473269214313,False
PPA,mahalanobis,weights_sorted_fMRI1_test_100_cosine_rdm.csv,L1,l1_r0,100,4950,1.0,0.2607311040005725,sub-03,split_half,0.9676562107783352,,0.9920079920079921,0.0,1000,7242636332579826443,,,,,,,False,0.9676499890711308,2.153526864082079e-16,,,0.999999999999,0.9999999999995,contiguous,1.0,0.99999999999975,0.99999999999975,0.00019232473269214313,0.00019232473269214313,False
PPA,mahalanobis,weights_sorted_fMRI1_test_100_cosine_rdm.csv,L2,pearson,100,4950,1.0,,F1+F2+F3,nili,0.0005305306612159236,0.010227;-0.030624;0.021988,0.4885114885114885,0.036722343849617874,1000,7242636332579826440,0.5750620798792004,-0.005570727724226402,0.5750620798792004,1.0,-0.005570727724226405,1.0,False,,,-0.09523543197214822,0.000922562415048074,,,,,,,,,False
PPA,mahalanobis,weights_sorted_fMRI1_test_100_cosine_rdm.csv,L2,pearson,100,4950,1.0,,sub-01,split_half,0.01022731392003163,,0.2757242757242757,0.5973191226246704,1000,7242636332579826441,,,,,,,False,,,,,-0.0255093704110513,-0.0523542651647897,contiguous,1.0,,,,,True
PPA,mahalanobis,weights_sorted_fMRI1_test_100_cosine_rdm.csv,L2,pearson,100,4950,1.0,,sub-02,split_half,-0.030624014840072475,,0.967032967032967,-1.8913764283157946,1000,7242636332579826442,,,,,,,False,,,,,0.0944889835256553,0.1726631970680597,contiguous,1.0,0.41552761288277784,0.41552761288277784,-0.07369910901375318,-0.07369910901375318,False
PPA,mahalanobis,weights_sorted_fMRI1_test_100_cosine_rdm.csv,L2,pearson,100,4950,1.0,,sub-03,split_half,0.021988292903688613,,0.11688311688311688,1.1882120423248144,1000,7242636332579826443,,,,,,,False,,,,,-0.082227850518251,-0.1791901193878758,contiguous,1.0,,,,,True
PPA,mahalanobis,weights_sorted_fMRI1_test_100_cosine_rdm.csv,L3,spearman,100,4950,1.0,,F1+F2+F3,nili,0.005789112266306444,0.012854;-0.017377;0.021890,0.2787212787212787,0.5197106316087265,1000,7242636332579826440,0.5626763133772186,-0.012087615366904114,0.5626763133772186,1.0,-0.012087615366904114,1.0,False,,,-0.47892922554079864,0.010288530241409716,,,,,,,,,False
PPA,mahalanobis,weights_sorted_fMRI1_test_100_cosine_rdm.csv,L3,spearman,100,4950,1.0,,sub-01,split_half,0.012854131068991031,,0.25774225774225773,0.6569046521355361,1000,7242636332579826441,,,,,,,False,,,,,-0.0190212062290713,-0.0387800558989719,contiguous,1.0,,,,,True
PPA,mahalanobis,weights_sorted_fMRI1_test_100_cosine_rdm.csv,L3,spearman,100,4950,1.0,,sub-02,split_half,-0.017377174570981292,,0.8291708291708292,-0.9293044478057201,1000,7242636332579826442,,,,,,,False,,,,,0.0141792448016828,0.0279620094265595,contiguous,1.0,0.16721844822434964,0.16721844822434964,-0.10391900388686241,-0.10391900388686241,False
PPA,mahalanobis,weights_sorted_fMRI1_test_100_cosine_rdm.csv,L3,spearman,100,4950,1.0,,sub-03,split_half,0.021890380300909586,,0.16383616383616384,1.0058404119625328,1000,7242636332579826443,,,,,,,False,,,,,-0.0443904264273879,-0.09290494288673,contiguous,1.0,,,,,True
PPA,mahalanobis,weights_sorted_fMRI1_test_100_cosine_rdm.csv,L3,kendall,100,4950,1.0,,F1+F2+F3,nili,0.004435101674152799,0.009518;-0.012626;0.016413,0.27172827172827174,0.5390248032269246,1000,7242636332579826440,0.4336918230051771,-0.00912216866901049,0.4336918230051771,1.0,-0.00912216866901049,1.0,False,,,-0.48618939586367993,0.01022638988999305,,,,,,,,,False
PPA,mahalanobis,weights_sorted_fMRI1_test_100_cosine_rdm.csv,L3,kendall,100,4950,1.0,,sub-01,split_half,0.009517639016393258,,0.25774225774225773,0.6602587697340502,1000,7242636332579826441,,,,,,,False,,,,,-0.0146674569991212,-0.0297715874773622,contiguous,1.0,,,,,True
PPA,mahalanobis,weights_sorted_fMRI1_test_100_cosine_rdm.csv,L3,kendall,100,4950,1.0,,sub-02,split_half,-0.01262568642597245,,0.8251748251748252,-0.9182278569244595,1000,7242636332579826442,,,,,,,False,,,,,0.0107092260184634,0.0211915073945664,contiguous,1.0,0.14557303113752354,0.14557303113752354,-0.08673094409942529,-0.08673094409942529,False
PPA,mahalanobis,weights_sorted_fMRI1_test_100_cosine_rdm.csv,L3,kendall,100,4950,1.0,,sub-03,split_half,0.01641335243203759,,0.16283716283716285,1.0113428026896987,1000,7242636332579826443,,,,,,,False,,,,,-0.034522575928839,-0.0715139993295058,contiguous,1.0,,,,,True
PPA,mahalanobis,weights_sorted_fMRI1_test_100_dot_product_rdm.csv,L1,l1_r0,100,4950,1.0,0.5589913503125625,F1+F2+F3,nili,0.8729020867130185,0.872902;0.872902;0.872902,1.0,-0.999499874937461,1000,5742419281026453968,1.0,1.0000000000000002,1.0,1.0000000000000002,1.0,1.0000000000000002,False,0.8728810946119071,,0.00016513752259985053,0.00016513752259985083,,,,,,,,,False
PPA,mahalanobis,weights_sorted_fMRI1_test_100_dot_product_rdm.csv,L1,l1_r0,100,4950,1.0,0.5589913503125625,sub-01,split_half,0.8729020867130186,,1.0,,1000,5742419281026453969,,,,,,,False,0.8728810946119071,2.2891418365660626e-16,,,0.999999999999,0.9999999999995,contiguous,1.0,0.99999999999975,0.99999999999975,0.000165137522601049,0.000165137522601049,False
PPA,mahalanobis,weights_sorted_fMRI1_test_100_dot_product_rdm.csv,L1,l1_r0,100,4950,1.0,0.5589913503125625,sub-02,split_half,0.8729020867130186,,1.0,,1000,5742419281026453970,,,,,,,False,0.8728810946119071,2.4808011742693956e-16,,,0.999999999999,0.9999999999995,contiguous,1.0,0.99999999999975,0.99999999999975,0.000165137522601049,0.000165137522601049,False
PPA,mahalanobis,weights_sorted_fMRI1_test_100_dot_product_rdm.csv,L1,l1_r0,100,4950,1.0,0.5589913503125625,sub-03,split_half,0.8729020867130186,,1.0,,1000,5742419281026453971,,,,,,,False,0.8728810946119071,2.153526864082079e-16,,,0.999999999999,0.9999999999995,contiguous,1.0,0.99999999999975,0.99999999999975,0.000165137522601049,0.000165137522601049,False
PPA,mahalanobis,weights_sorted_fMRI1_test_100_dot_product_rdm.csv,L2,pearson,100,4950,1.0,,F1+F2+F3,nili,0.005650183754551358,0.002177;0.031672;-0.016899,0.2787212787212787,0.5897060404983725,1000,5742419281026453968,0.5750620798792004,-0.005570727724226402,0.5750620798792004,1.0,-0.005570727724226405,1.0,False,,,-1.01426313297981,0.009825345736130359,,,,,,,,,False
PPA,mahalanobis,weights_sorted_fMRI1_test_100_dot_product_rdm.csv,L2,pearson,100,4950,1.0,,sub-01,split_half,0.0021768512249272878,,0.45254745254745254,0.09336079339173786,1000,5742419281026453969,,,,,,,False,,,,,-0.0255093704110513,-0.0523542651647897,contiguous,1.0,,,,,True
PPA,mahalanobis,weights_sorted_fMRI1_test_100_dot_product_rdm.csv,L2,pearson,100,4950,1.0,,sub-02,split_half,0.031672219365096344,,0.026973026973026972,2.001358189768789,1000,5742419281026453970,,,,,,,False,,,,,0.0944889835256553,0.1726631970680597,contiguous,1.0,0.41552761288277784,0.41552761288277784,0.0762216959430593,0.0762216959430593,False
PPA,mahalanobis,weights_sorted_fMRI1_test_100_dot_product_rdm.csv,L2,pearson,100,4950,1.0,,sub-03,split_half,-0.016898519326369554,,0.8231768231768232,-1.0043754186208584,1000,5742419281026453971,,,,,,,False,,,,,-0.082227850518251,-0.1791901193878758,contiguous,1.0,,,,,True
PPA,mahalanobis,weights_sorted_fMRI1_test_100_dot_product_rdm.csv,L3,spearman,100,4950,1.0,,F1+F2+F3,nili,0.0010434426713869839,0.001185;0.019024;-0.017079,0.45754245754245754,0.09154658048904331,1000,5742419281026453968,0.5626763133772186,-0.012087615366904114,0.5626763133772186,1.0,-0.012087615366904114,1.0,False,,,-0.08632328542186489,0.0018544279305524262,,,,,,,,,False
PPA,mahalanobis,weights_sorted_fMRI1_test_100_dot_product_rdm.csv,L3,spearman,100,4950,1.0,,sub-01,split_half,0.0011852920265749904,,0.4925074925074925,0.03460181951654062,1000,5742419281026453969,,,,,,,False,,,,,-0.0190212062290713,-0.0387800558989719,contiguous,1.0,,,,,True
PPA,mahalanobis,weights_sorted_fMRI1_test_100_dot_product_rdm.csv,L3,spearman,100,4950,1.0,,sub-02,split_half,0.01902444308173523,,0.12987012987012986,1.0925993742094597,1000,5742419281026453970,,,,,,,False,,,,,0.0141792448016828,0.0279620094265595,contiguous,1.0,0.16721844822434964,0.16721844822434964,0.11377000135900658,0.11377000135900658,False
PPA,mahalanobis,weights_sorted_fMRI1_test_100_dot_product_rdm.csv,L3,spearman,100,4950,1.0,,sub-03,split_half,-0.017079407094149273,,0.8051948051948052,-0.8596257628068704,1000,5742419281026453971,,,,,,,False,,,,,-0.0443904264273879,-0.09290494288673,contiguous,1.0,,,,,True
PPA,mahalanobis,weights_sorted_fMRI1_test_100_dot_product_rdm.csv,L3,kendall,100,4950,1.0,,F1+F2+F3,nili,0.0006228608363158886,0.000819;0.013865;-0.012816,0.46553446553446554,0.07309130304946522,1000,5742419281026453968,0.4336918230051771,-0.00912216866901049,0.4336918230051771,1.0,-0.00912216866901049,1.0,False,,,-0.0682799078723297,0.0014361830296912316,,,,,,,,,False
PPA,mahalanobis,weights_sorted_fMRI1_test_100_dot_product_rdm.csv,L3,kendall,100,4950,1.0,,sub-01,split_half,0.000819131117072347,,0.4955044955044955,0.030494959493922585,1000,5742419281026453969,,,,,,,False,,,,,-0.0146674569991212,-0.0297715874773622,contiguous,1.0,,,,,True
PPA,mahalanobis,weights_sorted_fMRI1_test_100_dot_product_rdm.csv,L3,kendall,100,4950,1.0,,sub-02,split_half,0.013865061005398105,,0.13286713286713286,1.0838601599689541,1000,5742419281026453970,,,,,,,False,,,,,0.0107092260184634,0.0211915073945664,contiguous,1.0,0.14557303113752354,0.14557303113752354,0.09524470911304798,0.09524470911304798,False
PPA,mahalanobis,weights_sorted_fMRI1_test_100_dot_product_rdm.csv,L3,kendall,100,4950,1.0,,sub-03,split_half,-0.01281560961352279,,0.8061938061938062,-0.864462332544976,1000,5742419281026453971,,,,,,,False,,,,,-0.034522575928839,-0.0715139993295058,contiguous,1.0,,,,,True
PPA,mahalanobis,weights_sorted_fMRI1_test_100_euclidean_rdm.csv,L1,l1_r0,100,4950,1.0,0.1584528529687979,F1+F2+F3,nili,0.9876803418106398,0.987680;0.987680;0.987680,0.936063936063936,1.0331058475817918,1000,9708148366053905321,1.0,1.0000000000000002,1.0,1.0000000000000002,1.0,1.0000000000000002,False,0.9876778983094784,,0.0001983023044914758,0.00019830230449147937,,,,,,,,,False
PPA,mahalanobis,weights_sorted_fMRI1_test_100_euclidean_rdm.csv,L1,l1_r0,100,4950,1.0,0.1584528529687979,sub-01,split_half,0.9876803418106397,,0.987012987012987,0.8536188891287855,1000,9708148366053905322,,,,,,,False,0.9876778983094783,2.2891418365660626e-16,,,0.999999999999,0.9999999999995,contiguous,1.0,0.99999999999975,0.99999999999975,0.00019830230449550124,0.00019830230449550124,False
PPA,mahalanobis,weights_sorted_fMRI1_test_100_euclidean_rdm.csv,L1,l1_r0,100,4950,1.0,0.1584528529687979,sub-02,split_half,0.9876803418106397,,0.995004995004995,0.7934038082997678,1000,9708148366053905323,,,,,,,False,0.9876778983094783,2.4808011742693956e-16,,,0.999999999999,0.9999999999995,contiguous,1.0,0.99999999999975,0.99999999999975,0.00019830230449550124,0.00019830230449550124,False
PPA,mahalanobis,weights_sorted_fMRI1_test_100_euclidean_rdm.csv,L1,l1_r0,100,4950,1.0,0.1584528529687979,sub-03,split_half,0.9876803418106397,,0.9200799200799201,1.028718966416196,1000,9708148366053905324,,,,,,,False,0.9876778983094783,2.153526864082079e-16,,,0.999999999999,0.9999999999995,contiguous,1.0,0.99999999999975,0.99999999999975,0.00019830230449550124,0.00019830230449550124,False
PPA,mahalanobis,weights_sorted_fMRI1_test_100_euclidean_rdm.csv,L2,pearson,100,4950,1.0,,F1+F2+F3,nili,0.008842870479467062,0.032581;-0.035153;0.029101,0.1798201798201798,0.8788090649447076,1000,9708148366053905321,0.5750620798792004,-0.005570727724226402,0.5750620798792004,1.0,-0.005570727724226405,1.0,False,,,-1.5873815625578895,0.01537724497731554,,,,,,,,,False
PPA,mahalanobis,weights_sorted_fMRI1_test_100_euclidean_rdm.csv,L2,pearson,100,4950,1.0,,sub-01,split_half,0.03258105963035791,,0.06493506493506493,1.6134566755765698,1000,9708148366053905322,,,,,,,False,,,,,-0.0255093704110513,-0.0523542651647897,contiguous,1.0,,,,,True
PPA,mahalanobis,weights_sorted_fMRI1_test_100_euclidean_rdm.csv,L2,pearson,100,4950,1.0,,sub-02,split_half,-0.03515319705039887,,0.9630369630369631,-1.8406130986366442,1000,9708148366053905323,,,,,,,False,,,,,0.0944889835256553,0.1726631970680597,contiguous,1.0,0.41552761288277784,0.41552761288277784,-0.08459894351308908,-0.08459894351308908,False
PPA,mahalanobis,weights_sorted_fMRI1_test_100_euclidean_rdm.csv,L2,pearson,100,4950,1.0,,sub-03,split_half,0.02910074885844215,,0.07992007992007992,1.3213385206584876,1000,9708148366053905324,,,,,,,False,,,,,-0.082227850518251,-0.1791901193878758,contiguous,1.0,,,,,True
PPA,mahalanobis,weights_sorted_fMRI1_test_100_euclidean_rdm.csv,L3,spearman,100,4950,1.0,,F1+F2+F3,nili,0.016515451720139462,0.042765;-0.023069;0.029851,0.08591408591408592,1.398423093379995,1000,9708148366053905321,0.5626763133772186,-0.012087615366904114,0.5626763133772186,1.0,-0.012087615366904114,1.0,False,,,-1.366311817412619,0.029351602915382528,,,,,,,,,False
PPA,mahalanobis,weights_sorted_fMRI1_test_100_euclidean_rdm.csv,L3,spearman,100,4950,1.0,,sub-01,split_half,0.04276499281636946,,0.03796203796203796,1.8505484190620018,1000,9708148366053905322,,,,,,,False,,,,,-0.0190212062290713,-0.0387800558989719,contiguous,1.0,,,,,True
PPA,mahalanobis,weights_sorted_fMRI1_test_100_euclidean_rdm.csv,L3,spearman,100,4950,1.0,,sub-02,split_half,-0.023069493001891886,,0.8641358641358642,-1.0577935827136908,1000,9708148366053905323,,,,,,,False,,,,,0.0141792448016828,0.0279620094265595,contiguous,1.0,0.16721844822434964,0.16721844822434964,-0.13796021459869404,-0.13796021459869404,False
PPA,mahalanobis,weights_sorted_fMRI1_test_100_euclidean_rdm.csv,L3,spearman,100,4950,1.0,,sub-03,split_half,0.029850855345940813,,0.12087912087912088,1.1591302637238485,1000,9708148366053905324,,,,,,,False,,,,,-0.0443904264273879,-0.09290494288673,contiguous,1.0,,,,,True
PPA,mahalanobis,weights_sorted_fMRI1_test_100_euclidean_rdm.csv,L3,kendall,100,4950,1.0,,F1+F2+F3,nili,0.012339727834173137,0.031596;-0.016933;0.022357,0.08491508491508491,1.4109640345970413,1000,9708148366053905321,0.4336918230051771,-0.00912216866901049,0.4336918230051771,1.0,-0.00912216866901049,1.0,False,,,-1.3527186661317967,0.028452756495770577,,,,,,,,,False
PPA,mahalanobis,weights_sorted_fMRI1_test_100_euclidean_rdm.csv,L3,kendall,100,4950,1.0,,sub-01,split_half,0.03159553739493232,,0.03796203796203796,1.8550159431037603,1000,9708148366053905322,,,,,,,False,,,,,-0.0146674569991212,-0.0297715874773622,contiguous,1.0,,,,,True
PPA,mahalanobis,weights_sorted_fMRI1_test_100_euclidean_rdm.csv,L3,kendall,100,4950,1.0,,sub-02,split_half,-0.016933155300696046,,0.8621378621378621,-1.0563832540891145,1000,9708148366053905323,,,,,,,False,,,,,0.0107092260184634,0.0211915073945664,contiguous,1.0,0.14557303113752354,0.14557303113752354,-0.11632068913024977,-0.11632068913024977,False
PPA,mahalanobis,weights_sorted_fMRI1_test_100_euclidean_rdm.csv,L3,kendall,100,4950,1.0,,sub-03,split_half,0.022356801408283142,,0.11988011988011989,1.1639326144156956,1000,9708148366053905324,,,,,,,False,,,,,-0.034522575928839,-0.0715139993295058,contiguous,1.0,,,,,True
Early_VC,correlation,weights_sorted_fMRI1_test_100_choice_probability_rdm.csv,L1,l1_r0,100,4950,1.0,0.6215286405986206,F1+F2+F3,nili,0.8166608889839339,0.812319;0.808660;0.829004,0.2677322677322677,0.6244783105861468,1000,13190223936466109686,0.99306719051621,0.9843898289573613,0.9930671905162098,1.0000000000000002,0.9843898289573612,1.0000000000000002,False,0.8152215127743213,,0.008508544874650983,0.008093400007738958,,,,,,,,,False
Early_VC,correlation,weights_sorted_fMRI1_test_100_choice_probability_rdm.csv,L1,l1_r0,100,4950,1.0,0.6215286405986206,sub-01,split_half,0.812319158997571,,0.4195804195804196,0.2196208059156154,1000,13190223936466109687,,,,,,,False,0.8116827820850565,0.3080434065495642,,,0.9859685641694812,0.9929347140313944,all,462.0,0.9964610950917223,0.9964610950917223,0.003444002178391711,0.003444002178391711,False
Early_VC,correlation,weights_sorted_fMRI1_test_100_choice_probability_rdm.csv,L1,l1_r0,100,4950,1.0,0.6215286405986206,sub-02,split_half,0.8086596083403795,,0.09490509490509491,1.2957557582416355,1000,13190223936466109688,,,,,,,False,0.805121386878388,0.3358708699190942,,,0.989002783304661,0.994470989790639,all,462.0,0.9972316630505867,0.9972316630505867,0.018417658505784803,0.018417658505784803,False
Early_VC,correlation,weights_sorted_fMRI1_test_100_choice_probability_rdm.csv,L1,l1_r0,100,4950,1.0,0.6215286405986206,sub-03,split_half,0.8290038996138509,,0.4955044955044955,0.05796619604228666,1000,13190223936466109689,,,,,,,False,0.8288603693595196,0.22356030477459493,,,0.984471687193903,0.9921750897700866,all,462.0,0.9960798611407052,0.9960798611407052,0.0008583344728684649,0.0008583344728684649,False
Early_VC,correlation,weights_sorted_fMRI1_test_100_choice_probability_rdm.csv,L2,pearson,100,4950,1.0,,F1+F2+F3,nili,0.008594505827680626,0.003903;0.020871;0.001009,0.2967032967032967,0.5542932284221198,1000,13190223936466109686,0.9154024325600121,0.80822098522991,0.9154024325600121,1.0,0.80822098522991,1.0,False,,,0.01063385631497281,0.009388773201798529,,,,,,,,,False
Early_VC,correlation,weights_sorted_fMRI1_test_100_choice_probability_rdm.csv,L2,pearson,100,4950,1.0,,sub-01,split_half,0.0039029092072010076,,0.4195804195804196,0.21962080591560895,1000,13190223936466109687,,,,,,,False,,,,,0.7159945631667768,0.8344951418091289,all,462.0,0.9135070562448485,0.9135070562448485,0.004272445604574406,0.004272445604574406,False
Early_VC,correlation,weights_sorted_fMRI1_test_100_choice_probability_rdm.csv,L2,pearson,100,4950,1.0,,sub-02,split_half,0.020871367467136914,,0.09490509490509491,1.2957557582415564,1000,13190223936466109688,,,,,,,False,,,,,0.799139734040244,0.8883576066053005,all,462.0,0.9425272444896755,0.9425272444896755,0.022144046858229082,0.022144046858229082,False
Early_VC,correlation,weights_sorted_fMRI1_test_100_choice_probability_rdm.csv,L2,pearson,100,4950,1.0,,sub-03,split_half,0.0010092408087039513,,0.4955044955044955,0.05796619604208441,1000,13190223936466109689,,,,,,,False,,,,,0.4522728214880958,0.6228482896549243,all,462.0,0.7892073806389068,0.7892073806389068,0.0012788030541312414,0.0012788030541312414,False
Early_VC,correlation,weights_sorted_fMRI1_test_100_choice_probability_rdm.csv,L3,spearman,100,4950,1.0,,F1+F2+F3,nili,0.02670666784731721,0.019123;0.038763;0.022234,0.14085914085914086,1.0821091796491933,1000,13190223936466109686,0.8886703550165476,0.7472266798742299,0.8886703550165476,0.9999999999999999,0.7472266798742299,0.9999999999999999,False,,,0.035741052302645786,0.0300523897264694,,,,,,,,,False
Early_VC,correlation,weights_sorted_fMRI1_test_100_choice_probability_rdm.csv,L3,spearman,100,4950,1.0,,sub-01,split_half,0.019122953206453828,,0.22977022977022976,0.7282838077511433,1000,13190223936466109687,,,,,,,False,,,,,0.6659356540220877,0.7994734399426671,all,462.0,0.8941327865270723,0.8941327865270723,0.021387151320923885,0.021387151320923885,False
Early_VC,correlation,weights_sorted_fMRI1_test_100_choice_probability_rdm.csv,L3,spearman,100,4950,1.0,,sub-02,split_half,0.03876297411727083,,0.06393606393606394,1.5314890909267602,1000,13190223936466109688,,,,,,,False,,,,,0.7369932521600764,0.848585049186083,all,462.0,0.9211867612954948,0.9211867612954948,0.042079386879982084,0.042079386879982084,False
Early_VC,correlation,weights_sorted_fMRI1_test_100_choice_probability_rdm.csv,L3,spearman,100,4950,1.0,,sub-03,split_half,0.022234076218226973,,0.1968031968031968,0.8829468232865584,1000,13190223936466109689,,,,,,,False,,,,,0.3957364665612789,0.5670647375664944,all,462.0,0.7530370094268238,0.7530370094268238,0.02952587447879952,0.02952587447879952,False
Early_VC,correlation,weights_sorted_fMRI1_test_100_choice_probability_rdm.csv,L3,kendall,100,4950,1.0,,F1+F2+F3,nili,0.018274834286149705,0.013399;0.026238;0.015188,0.12887112887112886,1.1109294671409748,1000,13190223936466109686,0.7121633797192709,0.558749443106907,0.7121633797192709,0.9999999999999999,0.558749443106907,0.9999999999999999,False,,,0.03270667114142096,0.025661013759726733,,,,,,,,,False
Early_VC,correlation,weights_sorted_fMRI1_test_100_choice_probability_rdm.csv,L3,kendall,100,4950,1.0,,sub-01,split_half,0.013398972550316255,,0.22377622377622378,0.7660766838016176,1000,13190223936466109687,,,,,,,False,,,,,0.4807009896148197,0.6492884018938438,all,462.0,0.8057843395685,0.8057843395685,0.016628484685482278,0.016628484685482278,False
Early_VC,correlation,weights_sorted_fMRI1_test_100_choice_probability_rdm.csv,L3,kendall,100,4950,1.0,,sub-02,split_half,0.02623780745421481,,0.059940059940059943,1.5540999507434055,1000,13190223936466109688,,,,,,,False,,,,,0.5463998945172368,0.7066734761874964,all,462.0,0.8406387310774447,0.8406387310774447,0.031211751831355515,0.031211751831355515,False
Early_VC,correlation,weights_sorted_fMRI1_test_100_choice_probability_rdm.csv,L3,kendall,100,4950,1.0,,sub-03,split_half,0.015187722853918045,,0.1928071928071928,0.9046168987699007,1000,13190223936466109689,,,,,,,False,,,,,0.2724421815801157,0.4282193494116922,all,462.0,0.6543847105577056,0.6543847105577056,0.023209165203407888,0.023209165203407888,False
Early_VC,correlation,weights_sorted_fMRI1_test_100_cosine_rdm.csv,L1,l1_r0,100,4950,1.0,0.2607311040005725,F1+F2+F3,nili,0.9263161868322091,0.922922;0.913335;0.942692,0.9050949050949051,-1.275563190701566,1000,1484417892230900956,0.99306719051621,0.9843898289573613,0.9930671905162098,1.0000000000000002,0.9843898289573612,1.0000000000000002,False,0.9287999914912008,,-0.0446809124150393,-0.03864809259892017,,,,,,,,,False
Early_VC,correlation,weights_sorted_fMRI1_test_100_cosine_rdm.csv,L1,l1_r0,100,4950,1.0,0.2607311040005725,sub-01,split_half,0.9229220952312279,,0.8121878121878122,-0.8415982334770573,1000,1484417892230900957,,,,,,,False,0.9247682369526172,0.3080434065495642,,,0.9859685641694812,0.9929347140313944,all,462.0,0.9964610950917223,0.9964610950917223,-0.02575070612762084,-0.02575070612762084,False
Early_VC,correlation,weights_sorted_fMRI1_test_100_cosine_rdm.csv,L1,l1_r0,100,4950,1.0,0.2607311040005725,sub-02,split_half,0.9133348797741815,,0.948051948051948,-1.636493794211868,1000,1484417892230900958,,,,,,,False,0.9172926935369576,0.3358708699190942,,,0.989002783304661,0.994470989790639,all,462.0,0.9972316630505867,0.9972316630505867,-0.049510442614617005,-0.049510442614617005,False
Early_VC,correlation,weights_sorted_fMRI1_test_100_cosine_rdm.csv,L1,l1_r0,100,4950,1.0,0.2607311040005725,sub-03,split_half,0.9426915854912177,,0.8551448551448552,-1.0870322608496266,1000,1484417892230900959,,,,,,,False,0.9443390439840277,0.22356030477459493,,,0.984471687193903,0.9921750897700866,all,462.0,0.9960798611407052,0.9960798611407052,-0.031840596715380406,-0.031840596715380406,False
Early_VC,correlation,weights_sorted_fMRI1_test_100_cosine_rdm.csv,L2,pearson,100,4950,1.0,,F1+F2+F3,nili,-0.034882336688747934,-0.025050;-0.049469;-0.030128,0.9010989010989011,-1.251263580837866,1000,1484417892230900956,0.9154024325600121,0.80822098522991,0.9154024325600121,1.0,0.80822098522991,1.0,False,,,-0.043159404823948186,-0.0381060126650484,,,,,,,,,False
Early_VC,correlation,weights_sorted_fMRI1_test_100_cosine_rdm.csv,L2,pearson,100,4950,1.0,,sub-01,split_half,-0.025049512220149582,,0.8121878121878122,-0.841598233477059,1000,1484417892230900957,,,,,,,False,,,,,0.7159945631667768,0.8344951418091289,all,462.0,0.9135070562448485,0.9135070562448485,-0.027421257503057017,-0.027421257503057017,False
Early_VC,correlation,weights_sorted_fMRI1_test_100_cosine_rdm.csv,L2,pearson,100,4950,1.0,,sub-02,split_half,-0.04946948639939365,,0.948051948051948,-1.6364937942118882,1000,1484417892230900958,,,,,,,False,,,,,0.799139734040244,0.8883576066053005,all,462.0,0.9425272444896755,0.9425272444896755,-0.05248600153322734,-0.05248600153322734,False
Early_VC,correlation,weights_sorted_fMRI1_test_100_cosine_rdm.csv,L2,pearson,100,4950,1.0,,sub-03,split_half,-0.030128011446700558,,0.8551448551448552,-1.0870322608495357,1000,1484417892230900959,,,,,,,False,,,,,0.4522728214880958,0.6228482896549243,all,462.0,0.7892073806389068,0.7892073806389068,-0.03817502495010915,-0.03817502495010915,False
Early_VC,correlation,weights_sorted_fMRI1_test_100_cosine_rdm.csv,L3,spearman,100,4950,1.0,,F1+F2+F3,nili,-0.053725703668186665,-0.037597;-0.074881;-0.048700,0.9310689310689311,-1.4908079882456375,1000,1484417892230900956,0.8886703550165476,0.7472266798742299,0.8886703550165476,0.9999999999999999,0.7472266798742299,0.9999999999999999,False,,,-0.07190014103515356,-0.060456279839768326,,,,,,,,,False
Early_VC,correlation,weights_sorted_fMRI1_test_100_cosine_rdm.csv,L3,spearman,100,4950,1.0,,sub-01,split_half,-0.03759661926975717,,0.8451548451548452,-0.9605468272173103,1000,1484417892230900957,,,,,,,False,,,,,0.6659356540220877,0.7994734399426671,all,462.0,0.8941327865270723,0.8941327865270723,-0.0420481385273739,-0.0420481385273739,False
Early_VC,correlation,weights_sorted_fMRI1_test_100_cosine_rdm.csv,L3,spearman,100,4950,1.0,,sub-02,split_half,-0.0748807136823559,,0.971028971028971,-1.8570003770634307,1000,1484417892230900958,,,,,,,False,,,,,0.7369932521600764,0.848585049186083,all,462.0,0.9211867612954948,0.9211867612954948,-0.08128722299162085,-0.08128722299162085,False
Early_VC,correlation,weights_sorted_fMRI1_test_100_cosine_rdm.csv,L3,spearman,100,4950,1.0,,sub-03,split_half,-0.04869977805244693,,0.9080919080919081,-1.3191045456187989,1000,1484417892230900959,,,,,,,False,,,,,0.3957364665612789,0.5670647375664944,all,462.0,0.7530370094268238,0.7530370094268238,-0.06467116150043528,-0.06467116150043528,False
Early_VC,correlation,weights_sorted_fMRI1_test_100_cosine_rdm.csv,L3,kendall,100,4950,1.0,,F1+F2+F3,nili,-0.036162718312647585,-0.025294;-0.050360;-0.032834,0.9330669330669331,-1.5039944349748342,1000,1484417892230900956,0.7121633797192709,0.558749443106907,0.7121633797192709,0.9999999999999999,0.558749443106907,0.9999999999999999,False,,,-0.06472081316370722,-0.050778682732749665,,,,,,,,,False
Early_VC,correlation,weights_sorted_fMRI1_test_100_cosine_rdm.csv,L3,kendall,100,4950,1.0,,sub-01,split_half,-0.025293876326408147,,0.8481518481518482,-0.9690339097123186,1000,1484417892230900957,,,,,,,False,,,,,0.4807009896148197,0.6492884018938438,all,462.0,0.8057843395685,0.8057843395685,-0.031390379639238325,-0.031390379639238325,False
Early_VC,correlation,weights_sorted_fMRI1_test_100_cosine_rdm.csv,L3,kendall,100,4950,1.0,,sub-02,split_half,-0.050359893132170354,,0.971028971028971,-1.8689454258348612,1000,1484417892230900958,,,,,,,False,,,,,0.5463998945172368,0.7066734761874964,all,462.0,0.8406387310774447,0.8406387310774447,-0.05990670102437964,-0.05990670102437964,False
Early_VC,correlation,weights_sorted_fMRI1_test_100_cosine_rdm.csv,L3,kendall,100,4950,1.0,,sub-03,split_half,-0.03283438547936426,,0.9100899100899101,-1.3326010388194336,1000,1484417892230900959,,,,,,,False,,,,,0.2724421815801157,0.4282193494116922,all,462.0,0.6543847105577056,0.6543847105577056,-0.05017596675108873,-0.05017596675108873,False
Early_VC,correlation,weights_sorted_fMRI1_test_100_dot_product_rdm.csv,L1,l1_r0,100,4950,1.0,0.5589913503125625,F1+F2+F3,nili,0.8397272346173968,0.834155;0.832500;0.852527,0.2897102897102897,0.5643307995020427,1000,6133063835197106936,0.99306719051621,0.9843898289573613,0.9930671905162098,1.0000000000000002,0.9843898289573612,1.0000000000000002,False,0.8378359555675802,,0.012905008964086168,0.012183624323046517,,,,,,,,,False
Early_VC,correlation,weights_sorted_fMRI1_test_100_dot_product_rdm.csv,L1,l1_r0,100,4950,1.0,0.5589913503125625,sub-01,split_half,0.8341550673356504,,0.4995004995004995,-0.0077622816836863265,1000,6133063835197106937,,,,,,,False,0.8341990596293871,0.3080434065495642,,,0.9859685641694812,0.9929347140313944,all,462.0,0.9964610950917223,0.9964610950917223,-0.0002711188332588215,-0.0002711188332588215,False
Early_VC,correlation,weights_sorted_fMRI1_test_100_dot_product_rdm.csv,L1,l1_r0,100,4950,1.0,0.5589913503125625,sub-02,split_half,0.8324998025301558,,0.11288711288711288,1.162436124907022,1000,6133063835197106938,,,,,,,False,0.8274556497258294,0.3358708699190942,,,0.989002783304661,0.994470989790639,all,462.0,0.9972316630505867,0.9972316630505867,0.029710632883560562,0.029710632883560562,False
Early_VC,correlation,weights_sorted_fMRI1_test_100_dot_product_rdm.csv,L1,l1_r0,100,4950,1.0,0.5589913503125625,sub-03,split_half,0.8525268339863842,,0.3986013986013986,0.25913403792649403,1000,6133063835197106939,,,,,,,False,0.8518531573475241,0.22356030477459493,,,0.984471687193903,0.9921750897700866,all,462.0,0.9960798611407052,0.9960798611407052,0.004670956356501981,0.004670956356501981,False
Early_VC,correlation,weights_sorted_fMRI1_test_100_dot_product_rdm.csv,L2,pearson,100,4950,1.0,,F1+F2+F3,nili,0.012631052757544446,-0.000497;0.032292;0.006098,0.3006993006993007,0.5219062704697985,1000,6133063835197106936,0.9154024325600121,0.80822098522991,0.9154024325600121,1.0,0.80822098522991,1.0,False,,,0.015628216772856203,0.013798360489626925,,,,,,,,,False
Early_VC,correlation,weights_sorted_fMRI1_test_100_dot_product_rdm.csv,L2,pearson,100,4950,1.0,,sub-01,split_half,-0.0004968489446131453,,0.4995004995004995,-0.007762281683695388,1000,6133063835197106937,,,,,,,False,,,,,0.7159945631667768,0.8344951418091289,all,462.0,0.9135070562448485,0.9135070562448485,-0.0005438917425066658,-0.0005438917425066658,False
Early_VC,correlation,weights_sorted_fMRI1_test_100_dot_product_rdm.csv,L2,pearson,100,4950,1.0,,sub-02,split_half,0.03229157075880303,,0.11288711288711288,1.1624361249069328,1000,6133063835197106938,,,,,,,False,,,,,0.799139734040244,0.8883576066053005,all,462.0,0.9425272444896755,0.9425272444896755,0.034260623178364535,0.034260623178364535,False
Early_VC,correlation,weights_sorted_fMRI1_test_100_dot_product_rdm.csv,L2,pearson,100,4950,1.0,,sub-03,split_half,0.006098436458443445,,0.3986013986013986,0.25913403792638545,1000,6133063835197106939,,,,,,,False,,,,,0.4522728214880958,0.6228482896549243,all,462.0,0.7892073806389068,0.7892073806389068,0.007727292734523624,0.007727292734523624,False
Early_VC,correlation,weights_sorted_fMRI1_test_100_dot_product_rdm.csv,L3,spearman,100,4950,1.0,,F1+F2+F3,nili,0.038074481952212136,0.017273;0.059451;0.037500,0.13886113886113885,1.1397662453353827,1000,6133063835197106936,0.8886703550165476,0.7472266798742299,0.8886703550165476,0.9999999999999999,0.7472266798742299,0.9999999999999999,False,,,0.050954393061313975,0.04284432549964285,,,,,,,,,False
Early_VC,correlation,weights_sorted_fMRI1_test_100_dot_product_rdm.csv,L3,spearman,100,4950,1.0,,sub-01,split_half,0.017272549195653037,,0.34265734265734266,0.4544763312973538,1000,6133063835197106937,,,,,,,False,,,,,0.6659356540220877,0.7994734399426671,all,462.0,0.8941327865270723,0.8941327865270723,0.01931765556069346,0.01931765556069346,False
Early_VC,correlation,weights_sorted_fMRI1_test_100_dot_product_rdm.csv,L3,spearman,100,4950,1.0,,sub-02,split_half,0.05945128765697067,,0.057942057942057944,1.6183723333851452,1000,6133063835197106938,,,,,,,False,,,,,0.7369932521600764,0.848585049186083,all,462.0,0.9211867612954948,0.9211867612954948,0.06453771390870011,0.06453771390870011,False
Early_VC,correlation,weights_sorted_fMRI1_test_100_dot_product_rdm.csv,L3,spearman,100,4950,1.0,,sub-03,split_half,0.03749960900401269,,0.12787212787212787,1.1161798049281169,1000,6133063835197106939,,,,,,,False,,,,,0.3957364665612789,0.5670647375664944,all,462.0,0.7530370094268238,0.7530370094268238,0.049797830033022704,0.049797830033022704,False
Early_VC,correlation,weights_sorted_fMRI1_test_100_dot_product_rdm.csv,L3,kendall,100,4950,1.0,,F1+F2+F3,nili,0.025812349942477237,0.011847;0.040256;0.025334,0.13586413586413587,1.157851557010871,1000,6133063835197106936,0.7121633797192709,0.558749443106907,0.7121633797192709,0.9999999999999999,0.558749443106907,0.9999999999999999,False,,,0.046196645492742786,0.036244983493327415,,,,,,,,,False
Early_VC,correlation,weights_sorted_fMRI1_test_100_dot_product_rdm.csv,L3,kendall,100,4950,1.0,,sub-01,split_half,0.011847143898063274,,0.33466533466533466,0.4660232247627025,1000,6133063835197106937,,,,,,,False,,,,,0.4807009896148197,0.6492884018938438,all,462.0,0.8057843395685,0.8057843395685,0.014702623662812131,0.014702623662812131,False
Early_VC,correlation,weights_sorted_fMRI1_test_100_dot_product_rdm.csv,L3,kendall,100,4950,1.0,,sub-02,split_half,0.04025586232092597,,0.053946053946053944,1.6440912399097103,1000,6133063835197106938,,,,,,,False,,,,,0.5463998945172368,0.7066734761874964,all,462.0,0.8406387310774447,0.8406387310774447,0.04788723244922361,0.04788723244922361,False
Early_VC,correlation,weights_sorted_fMRI1_test_100_dot_product_rdm.csv,L3,kendall,100,4950,1.0,,sub-03,split_half,0.025334043608442474,,0.12687312687312688,1.130467970893875,1000,6133063835197106939,,,,,,,False,,,,,0.2724421815801157,0.4282193494116922,all,462.0,0.6543847105577056,0.6543847105577056,0.038714296345419334,0.038714296345419334,False
Early_VC,correlation,weights_sorted_fMRI1_test_100_euclidean_rdm.csv,L1,l1_r0,100,4950,1.0,0.1584528529687979,F1+F2+F3,nili,0.9461323491699419,0.941804;0.934012;0.962581,0.8881118881118881,-1.1847791366358034,1000,16073631361197851580,0.99306719051621,0.9843898289573613,0.9930671905162098,1.0000000000000002,0.9843898289573612,1.0000000000000002,False,0.9480238039649859,,-0.05201159036327181,-0.04199184252926765,,,,,,,,,False
Early_VC,correlation,weights_sorted_fMRI1_test_100_euclidean_rdm.csv,L1,l1_r0,100,4950,1.0,0.1584528529687979,sub-01,split_half,0.9418039802323465,,0.8551448551448552,-1.0846260976162416,1000,16073631361197851581,,,,,,,False,0.9439086022968803,0.3080434065495642,,,0.9859685641694812,0.9929347140313944,all,462.0,0.9964610950917223,0.9964610950917223,-0.040047996823862314,-0.040047996823862314,False
Early_VC,correlation,weights_sorted_fMRI1_test_100_euclidean_rdm.csv,L1,l1_r0,100,4950,1.0,0.1584528529687979,sub-02,split_half,0.9340123089439707,,0.8731268731268731,-1.1099902331967892,1000,16073631361197851582,,,,,,,False,0.936278334025408,0.3358708699190942,,,0.989002783304661,0.994470989790639,all,462.0,0.9972316630505867,0.9972316630505867,-0.03717639573880056,-0.03717639573880056,False
Early_VC,correlation,weights_sorted_fMRI1_test_100_euclidean_rdm.csv,L1,l1_r0,100,4950,1.0,0.1584528529687979,sub-03,split_half,0.9625807583335089,,0.8591408591408591,-1.0291980596211512,1000,16073631361197851583,,,,,,,False,0.9638844755726697,0.22356030477459493,,,0.984471687193903,0.9921750897700866,all,462.0,0.9960798611407052,0.9960798611407052,-0.04049391601183831,-0.04049391601183831,False
Early_VC,correlation,weights_sorted_fMRI1_test_100_euclidean_rdm.csv,L2,pearson,100,4950,1.0,,F1+F2+F3,nili,-0.0433463378608939,-0.045919;-0.045724;-0.038395,0.8881118881118881,-1.1785581512150363,1000,16073631361197851580,0.9154024325600121,0.80822098522991,0.9154024325600121,1.0,0.80822098522991,1.0,False,,,-0.053631789638032494,-0.04735222053067048,,,,,,,,,False
Early_VC,correlation,weights_sorted_fMRI1_test_100_euclidean_rdm.csv,L2,pearson,100,4950,1.0,,sub-01,split_half,-0.045919443029567526,,0.8551448551448552,-1.0846260976160131,1000,16073631361197851581,,,,,,,False,,,,,0.7159945631667768,0.8344951418091289,all,462.0,0.9135070562448485,0.9135070562448485,-0.050267201239067034,-0.050267201239067034,False
Early_VC,correlation,weights_sorted_fMRI1_test_100_euclidean_rdm.csv,L2,pearson,100,4950,1.0,,sub-02,split_half,-0.04572408250231109,,0.8731268731268731,-1.1099902331969178,1000,16073631361197851582,,,,,,,False,,,,,0.799139734040244,0.8883576066053005,all,462.0,0.9425272444896755,0.9425272444896755,-0.048512213062942344,-0.048512213062942344,False
Early_VC,correlation,weights_sorted_fMRI1_test_100_euclidean_rdm.csv,L2,pearson,100,4950,1.0,,sub-03,split_half,-0.03839548805080313,,0.8591408591408591,-1.0291980596211818,1000,16073631361197851583,,,,,,,False,,,,,0.4522728214880958,0.6228482896549243,all,462.0,0.7892073806389068,0.7892073806389068,-0.048650695612755,-0.048650695612755,False
Early_VC,correlation,weights_sorted_fMRI1_test_100_euclidean_rdm.csv,L3,spearman,100,4950,1.0,,F1+F2+F3,nili,-0.06915819787783417,-0.072883;-0.082008;-0.052584,0.9410589410589411,-1.5239362058898016,1000,16073631361197851580,0.8886703550165476,0.7472266798742299,0.8886703550165476,0.9999999999999999,0.7472266798742299,0.9999999999999999,False,,,-0.09255316992893588,-0.07782210522432292,,,,,,,,,False
Early_VC,correlation,weights_sorted_fMRI1_test_100_euclidean_rdm.csv,L3,spearman,100,4950,1.0,,sub-01,split_half,-0.07288273961547571,,0.9300699300699301,-1.426850018335319,1000,16073631361197851581,,,,,,,False,,,,,0.6659356540220877,0.7994734399426671,all,462.0,0.8941327865270723,0.8941327865270723,-0.08151221017021613,-0.08151221017021613,False
Early_VC,correlation,weights_sorted_fMRI1_test_100_euclidean_rdm.csv,L3,spearman,100,4950,1.0,,sub-02,split_half,-0.08200815895257346,,0.955044955044955,-1.6280388517856814,1000,16073631361197851582,,,,,,,False,,,,,0.7369932521600764,0.848585049186083,all,462.0,0.9211867612954948,0.9211867612954948,-0.08902446539422987,-0.08902446539422987,False
Early_VC,correlation,weights_sorted_fMRI1_test_100_euclidean_rdm.csv,L3,spearman,100,4950,1.0,,sub-03,split_half,-0.05258369506545335,,0.8891108891108891,-1.209356201413963,1000,16073631361197851583,,,,,,,False,,,,,0.3957364665612789,0.5670647375664944,all,462.0,0.7530370094268238,0.7530370094268238,-0.06982883232455941,-0.06982883232455941,False
Early_VC,correlation,weights_sorted_fMRI1_test_100_euclidean_rdm.csv,L3,kendall,100,4950,1.0,,F1+F2+F3,nili,-0.046517059869252225,-0.049129;-0.055206;-0.035216,0.9410589410589411,-1.535629278443984,1000,16073631361197851580,0.7121633797192709,0.558749443106907,0.7121633797192709,0.9999999999999999,0.558749443106907,0.9999999999999999,False,,,-0.08325209168996343,-0.06531796100999869,,,,,,,,,False
Early_VC,correlation,weights_sorted_fMRI1_test_100_euclidean_rdm.csv,L3,kendall,100,4950,1.0,,sub-01,split_half,-0.04912907617292341,,0.9300699300699301,-1.4420220132562114,1000,16073631361197851581,,,,,,,False,,,,,0.4807009896148197,0.6492884018938438,all,462.0,0.8057843395685,0.8057843395685,-0.06097050260275868,-0.06097050260275868,False
Early_VC,correlation,weights_sorted_fMRI1_test_100_euclidean_rdm.csv,L3,kendall,100,4950,1.0,,sub-02,split_half,-0.0552060920377752,,0.955044955044955,-1.6414598368363662,1000,16073631361197851582,,,,,,,False,,,,,0.5463998945172368,0.7066734761874964,all,462.0,0.8406387310774447,0.8406387310774447,-0.0656716018390179,-0.0656716018390179,False
Early_VC,correlation,weights_sorted_fMRI1_test_100_euclidean_rdm.csv,L3,kendall,100,4950,1.0,,sub-03,split_half,-0.03521601139705807,,0.8901098901098901,-1.2132162675863423,1000,16073631361197851583,,,,,,,False,,,,,0.2724421815801157,0.4282193494116922,all,462.0,0.6543847105577056,0.6543847105577056,-0.053815455692791,-0.053815455692791,False
Early_VC,euclidean_centered,weights_sorted_fMRI1_test_100_choice_probability_rdm.csv,L1,l1_r0,100,4950,1.0,0.6215286405986206,F1+F2+F3,nili,0.844168360054435,0.843603;0.842849;0.846053,0.7782217782217782,-0.7801851059153161,1000,11113987321669296153,0.998488179684184,0.9965979740505427,0.9984881796841839,1.0000000000000002,0.9965979740505427,1.0000000000000002,False,0.8447349138724437,,-0.0037306888017685767,-0.0036848246118065904,,,,,,,,,False
Early_VC,euclidean_centered,weights_sorted_fMRI1_test_100_choice_probability_rdm.csv,L1,l1_r0,100,4950,1.0,0.6215286405986206,sub-01,split_half,0.8436030483138576,,0.6923076923076923,-0.5136453620842799,1000,11113987321669296154,,,,,,,False,0.8440391592757669,0.11204529850440066,,,0.9966374822277436,0.9983159097221272,all,462.0,0.9991576000422192,0.9991576000422192,-0.002811470768752324,-0.002811470768752324,False
Early_VC,euclidean_centered,weights_sorted_fMRI1_test_100_choice_probability_rdm.csv,L1,l1_r0,100,4950,1.0,0.6215286405986206,sub-02,split_half,0.8428493775134532,,0.8901098901098901,-1.2106291534678175,1000,11113987321669296155,,,,,,,False,0.8438663816075899,0.11388073916313636,,,0.9971150703587188,0.9985554514689216,all,462.0,0.9992774647058351,0.9992774647058351,-0.006543961176139013,-0.006543961176139013,False
Early_VC,euclidean_centered,weights_sorted_fMRI1_test_100_choice_probability_rdm.csv,L1,l1_r0,100,4950,1.0,0.6215286405986206,sub-03,split_half,0.846052654335994,,0.6483516483516484,-0.38346057966582536,1000,11113987321669296156,,,,,,,False,0.8462992007339744,0.08457729978396485,,,0.9954116729284456,0.9977005611755188,all,462.0,0.9988496188994211,0.9988496188994211,-0.0016161633704143373,-0.0016161633704143373,False
Early_VC,euclidean_centered,weights_sorted_fMRI1_test_100_choice_probability_rdm.csv,L2,pearson,100,4950,1.0,,F1+F2+F3,nili,-0.01046038366859916,-0.007843;-0.017446;-0.006092,0.7732267732267732,-0.7568859323744226,1000,11113987321669296153,0.847089382996926,0.6532340768455288,0.847089382996926,1.0,0.6532340768455288,1.0,False,,,-0.016013224109667417,-0.012348618550254124,,,,,,,,,False
Early_VC,euclidean_centered,weights_sorted_fMRI1_test_100_choice_probability_rdm.csv,L2,pearson,100,4950,1.0,,sub-01,split_half,-0.00784312124760093,,0.6923076923076923,-0.51364536208415,1000,11113987321669296154,,,,,,,False,,,,,0.5248258172259298,0.6883747786756782,all,462.0,0.8296835412828666,0.8296835412828666,-0.009453147926104214,-0.009453147926104214,False
Early_VC,euclidean_centered,weights_sorted_fMRI1_test_100_choice_probability_rdm.csv,L2,pearson,100,4950,1.0,,sub-02,split_half,-0.0174459443439319,,0.8901098901098901,-1.2106291534677025,1000,11113987321669296155,,,,,,,False,,,,,0.5810564242792601,0.7350230078526645,all,462.0,0.8573348283212717,0.8573348283212717,-0.02034904423291938,-0.02034904423291938,False
Early_VC,euclidean_centered,weights_sorted_fMRI1_test_100_choice_probability_rdm.csv,L2,pearson,100,4950,1.0,,sub-03,split_half,-0.006092085414264654,,0.6483516483516484,-0.38346057966625635,1000,11113987321669296156,,,,,,,False,,,,,0.1688032997010532,0.2888480888858344,all,462.0,0.537445893914759,0.537445893914759,-0.011335253433401209,-0.011335253433401209,False
Early_VC,euclidean_centered,weights_sorted_fMRI1_test_100_choice_probability_rdm.csv,L3,spearman,100,4950,1.0,,F1+F2+F3,nili,0.008091278536218863,0.009374;-0.005337;0.020237,0.3436563436563437,0.437838102551035,1000,11113987321669296153,0.8187695692066529,0.5892461448742176,0.8187695692066529,0.9999999999999999,0.5892461448742174,0.9999999999999999,False,,,0.01373157653487246,0.009882241402863702,,,,,,,,,False
Early_VC,euclidean_centered,weights_sorted_fMRI1_test_100_choice_probability_rdm.csv,L3,spearman,100,4950,1.0,,sub-01,split_half,0.009373715742466126,,0.36563436563436563,0.35879228146601144,1000,11113987321669296154,,,,,,,False,,,,,0.4564941722112826,0.6268396824660448,all,462.0,0.791732077451738,0.791732077451738,0.011839504814098586,0.011839504814098586,False
Early_VC,euclidean_centered,weights_sorted_fMRI1_test_100_choice_probability_rdm.csv,L3,spearman,100,4950,1.0,,sub-02,split_half,-0.005337064376390936,,0.6293706293706294,-0.2822172030913309,1000,11113987321669296155,,,,,,,False,,,,,0.4853830007178605,0.653545921130487,all,462.0,0.80842187076457,0.80842187076457,-0.006601830763612784,-0.006601830763612784,False
Early_VC,euclidean_centered,weights_sorted_fMRI1_test_100_choice_probability_rdm.csv,L3,spearman,100,4950,1.0,,sub-03,split_half,0.0202371842425814,,0.1798201798201798,0.9157578917851891,1000,11113987321669296156,,,,,,,False,,,,,0.1637518042325246,0.2814204947085195,all,462.0,0.5304908054891427,0.5304908054891427,0.03814803957614603,0.03814803957614603,False
Early_VC,euclidean_centered,weights_sorted_fMRI1_test_100_choice_probability_rdm.csv,L3,kendall,100,4950,1.0,,F1+F2+F3,nili,0.005771815276765772,0.006597;-0.003503;0.014222,0.33666333666333664,0.46609395532969755,1000,11113987321669296153,0.6259702890775687,0.419737010795568,0.6259702890775687,0.9999999999999999,0.419737010795568,0.9999999999999999,False,,,0.013751027734785395,0.009220589822675342,,,,,,,,,False
Early_VC,euclidean_centered,weights_sorted_fMRI1_test_100_choice_probability_rdm.csv,L3,kendall,100,4950,1.0,,sub-01,split_half,0.006596822947600883,,0.35864135864135865,0.38208630233225754,1000,11113987321669296154,,,,,,,False,,,,,0.3150536529048258,0.4791495042181782,all,462.0,0.692206258436153,0.692206258436153,0.009530140571835575,0.009530140571835575,False
Early_VC,euclidean_centered,weights_sorted_fMRI1_test_100_choice_probability_rdm.csv,L3,kendall,100,4950,1.0,,sub-02,split_half,-0.003502962541152074,,0.6283716283716284,-0.278386206113246,1000,11113987321669296155,,,,,,,False,,,,,0.3377478954715862,0.5049499933655622,all,462.0,0.7105983347613208,0.7105983347613208,-0.004929595764291603,-0.004929595764291603,False
Early_VC,euclidean_centered,weights_sorted_fMRI1_test_100_choice_probability_rdm.csv,L3,kendall,100,4950,1.0,,sub-03,split_half,0.014221585423848507,,0.16783216783216784,0.9638692600941273,1000,11113987321669296156,,,,,,,False,,,,,0.1097547669777137,0.1978000369876633,all,462.0,0.44474716074154236,0.44474716074154236,0.03197678744061314,0.03197678744061314,False
Early_VC,euclidean_centered,weights_sorted_fMRI1_test_100_cosine_rdm.csv,L1,l1_r0,100,4950,1.0,0.2607311040005725,F1+F2+F3,nili,0.9624946150966927,0.961632;0.961907;0.963945,0.46153846153846156,0.09916904153338556,1000,11853412961312000797,0.998488179684184,0.9965979740505427,0.9984881796841839,1.0000000000000002,0.9965979740505427,1.0000000000000002,False,0.9624252654311943,,0.0020293874351842876,0.001923018894474681,,,,,,,,,False
Early_VC,euclidean_centered,weights_sorted_fMRI1_test_100_cosine_rdm.csv,L1,l1_r0,100,4950,1.0,0.2607311040005725,sub-01,split_half,0.96163178010918,,0.5224775224775224,-0.04327441494339802,1000,11853412961312000798,,,,,,,False,0.9616325767529059,0.11204529850440066,,,0.9966374822277436,0.9983159097221272,all,462.0,0.9991576000422192,0.9991576000422192,-2.1229666394434656e-05,-2.1229666394434656e-05,False
Early_VC,euclidean_centered,weights_sorted_fMRI1_test_100_cosine_rdm.csv,L1,l1_r0,100,4950,1.0,0.2607311040005725,sub-02,split_half,0.9619073549008108,,0.2517482517482518,0.6425229378269076,1000,11853412961312000799,,,,,,,False,0.9614357273147862,0.11388073916313636,,,0.9971150703587188,0.9985554514689216,all,462.0,0.9992774647058351,0.9992774647058351,0.012463158896508572,0.012463158896508572,False
Early_VC,euclidean_centered,weights_sorted_fMRI1_test_100_cosine_rdm.csv,L1,l1_r0,100,4950,1.0,0.2607311040005725,sub-03,split_half,0.9639447102800872,,0.6743256743256744,-0.46254443528808276,1000,11853412961312000800,,,,,,,False,0.9642074922258909,0.08457729978396485,,,0.9954116729284456,0.9977005611755188,all,462.0,0.9988496188994211,0.9988496188994211,-0.007585618177547873,-0.007585618177547873,False
Early_VC,euclidean_centered,weights_sorted_fMRI1_test_100_cosine_rdm.csv,L2,pearson,100,4950,1.0,,F1+F2+F3,nili,0.0010957432700286675,-0.000291;0.016264;-0.012685,0.4905094905094905,0.03610212496642194,1000,11853412961312000797,0.847089382996926,0.6532340768455288,0.847089382996926,1.0,0.6532340768455288,1.0,False,,,0.0016774129042992035,0.0012935391376905545,,,,,,,,,False
Early_VC,euclidean_centered,weights_sorted_fMRI1_test_100_cosine_rdm.csv,L2,pearson,100,4950,1.0,,sub-01,split_half,-0.00029137618285282477,,0.5224775224775224,-0.04327441494299252,1000,11853412961312000798,,,,,,,False,,,,,0.5248258172259298,0.6883747786756782,all,462.0,0.8296835412828666,0.8296835412828666,-0.00035118954198162767,-0.00035118954198162767,False
Early_VC,euclidean_centered,weights_sorted_fMRI1_test_100_cosine_rdm.csv,L2,pearson,100,4950,1.0,,sub-02,split_half,0.01626404154202164,,0.2517482517482518,0.6425229378265247,1000,11853412961312000799,,,,,,,False,,,,,0.5810564242792601,0.7350230078526645,all,462.0,0.8573348283212717,0.8573348283212717,0.01897046638577357,0.01897046638577357,False
Early_VC,euclidean_centered,weights_sorted_fMRI1_test_100_cosine_rdm.csv,L2,pearson,100,4950,1.0,,sub-03,split_half,-0.01268543554908281,,0.6743256743256744,-0.4625444352879718,1000,11853412961312000800,,,,,,,False,,,,,0.1688032997010532,0.2888480888858344,all,462.0,0.537445893914759,0.537445893914759,-0.023603186279240174,-0.023603186279240174,False
Early_VC,euclidean_centered,weights_sorted_fMRI1_test_100_cosine_rdm.csv,L3,spearman,100,4950,1.0,,F1+F2+F3,nili,-0.017286769769479387,-0.017450;0.004027;-0.038437,0.7242757242757243,-0.617472556757331,1000,11853412961312000797,0.8187695692066529,0.5892461448742176,0.8187695692066529,0.9999999999999999,0.5892461448742174,0.9999999999999999,False,,,-0.029337094387218227,-0.021113107301031483,,,,,,,,,False
Early_VC,euclidean_centered,weights_sorted_fMRI1_test_100_cosine_rdm.csv,L3,spearman,100,4950,1.0,,sub-01,split_half,-0.01745013236850212,,0.7112887112887113,-0.5681837114338048,1000,11853412961312000798,,,,,,,False,,,,,0.4564941722112826,0.6268396824660448,all,462.0,0.791732077451738,0.791732077451738,-0.022040451391924103,-0.022040451391924103,False
Early_VC,euclidean_centered,weights_sorted_fMRI1_test_100_cosine_rdm.csv,L3,spearman,100,4950,1.0,,sub-02,split_half,0.004027012027704528,,0.45554445554445555,0.09570145600475499,1000,11853412961312000799,,,,,,,False,,,,,0.4853830007178605,0.653545921130487,all,462.0,0.80842187076457,0.80842187076457,0.004981324941018674,0.004981324941018674,False
Early_VC,euclidean_centered,weights_sorted_fMRI1_test_100_cosine_rdm.csv,L3,spearman,100,4950,1.0,,sub-03,split_half,-0.03843718896764057,,0.8701298701298701,-1.1236666191875273,1000,11853412961312000800,,,,,,,False,,,,,0.1637518042325246,0.2814204947085195,all,462.0,0.5304908054891427,0.5304908054891427,-0.07245590040377664,-0.07245590040377664,False
Early_VC,euclidean_centered,weights_sorted_fMRI1_test_100_cosine_rdm.csv,L3,kendall,100,4950,1.0,,F1+F2+F3,nili,-0.011804799527571805,-0.011739;0.002691;-0.026366,0.7292707292707292,-0.63205689035579,1000,11853412961312000797,0.6259702890775687,0.419737010795568,0.6259702890775687,0.9999999999999999,0.419737010795568,0.9999999999999999,False,,,-0.0281242759727026,-0.018858402281308567,,,,,,,,,False
Early_VC,euclidean_centered,weights_sorted_fMRI1_test_100_cosine_rdm.csv,L3,kendall,100,4950,1.0,,sub-01,split_half,-0.011739378019434596,,0.7132867132867133,-0.5725977382187224,1000,11853412961312000798,,,,,,,False,,,,,0.3150536529048258,0.4791495042181782,all,462.0,0.692206258436153,0.692206258436153,-0.016959364172691022,-0.016959364172691022,False
Early_VC,euclidean_centered,weights_sorted_fMRI1_test_100_cosine_rdm.csv,L3,kendall,100,4950,1.0,,sub-02,split_half,0.002690962973848405,,0.45554445554445555,0.09552389321817387,1000,11853412961312000799,,,,,,,False,,,,,0.3377478954715862,0.5049499933655622,all,462.0,0.7105983347613208,0.7105983347613208,0.0037868973824041656,0.0037868973824041656,False
Early_VC,euclidean_centered,weights_sorted_fMRI1_test_100_cosine_rdm.csv,L3,kendall,100,4950,1.0,,sub-03,split_half,-0.026365983537129222,,0.8731268731268731,-1.1575659717903608,1000,11853412961312000800,,,,,,,False,,,,,0.1097547669777137,0.1978000369876633,all,462.0,0.44474716074154236,0.44474716074154236,-0.05928308455790545,-0.05928308455790545,False
Early_VC,euclidean_centered,weights_sorted_fMRI1_test_100_dot_product_rdm.csv,L1,l1_r0,100,4950,1.0,0.5589913503125625,F1+F2+F3,nili,0.867452481638006,0.866867;0.865762;0.869729,0.7562437562437563,-0.6940947820080696,1000,15002009512093258088,0.998488179684184,0.9965979740505427,0.9984881796841839,1.0000000000000002,0.9965979740505427,1.0000000000000002,False,0.8681680655813894,,-0.005571785823978893,-0.005490970816821823,,,,,,,,,False
Early_VC,euclidean_centered,weights_sorted_fMRI1_test_100_dot_product_rdm.csv,L1,l1_r0,100,4950,1.0,0.5589913503125625,sub-01,split_half,0.866866599197069,,0.6773226773226774,-0.4574241980516719,1000,15002009512093258089,,,,,,,False,0.8674530105831921,0.11204529850440066,,,0.9966374822277436,0.9983159097221272,all,462.0,0.9991576000422192,0.9991576000422192,-0.004452474955746119,-0.004452474955746119,False
Early_VC,euclidean_centered,weights_sorted_fMRI1_test_100_dot_product_rdm.csv,L1,l1_r0,100,4950,1.0,0.5589913503125625,sub-02,split_half,0.8657623111608027,,0.8711288711288712,-1.1521451946455041,1000,15002009512093258090,,,,,,,False,0.8672754400205296,0.11388073916313636,,,0.9971150703587188,0.9985554514689216,all,462.0,0.9992774647058351,0.9992774647058351,-0.011462921597863317,-0.011462921597863317,False
Early_VC,euclidean_centered,weights_sorted_fMRI1_test_100_dot_product_rdm.csv,L1,l1_r0,100,4950,1.0,0.5589913503125625,sub-03,split_half,0.8697285345561464,,0.5434565434565435,-0.11807300271782145,1000,15002009512093258091,,,,,,,False,0.8697757461404464,0.08457729978396485,,,0.9954116729284456,0.9977005611755188,all,462.0,0.9988496188994211,0.9988496188994211,-0.00036577181183793073,-0.00036577181183793073,False
Early_VC,euclidean_centered,weights_sorted_fMRI1_test_100_dot_product_rdm.csv,L2,pearson,100,4950,1.0,,F1+F2+F3,nili,-0.013560577264603317,-0.011199;-0.027810;-0.001672,0.7432567432567433,-0.6479603108399523,1000,15002009512093258088,0.847089382996926,0.6532340768455288,0.847089382996926,1.0,0.6532340768455288,1.0,False,,,-0.020759139403883253,-0.016008437287488145,,,,,,,,,False
Early_VC,euclidean_centered,weights_sorted_fMRI1_test_100_dot_product_rdm.csv,L2,pearson,100,4950,1.0,,sub-01,split_half,-0.011199335608134171,,0.6773226773226774,-0.4574241980515706,1000,15002009512093258089,,,,,,,False,,,,,0.5248258172259298,0.6883747786756782,all,462.0,0.8296835412828666,0.8296835412828666,-0.013498322011809014,-0.013498322011809014,False
Early_VC,euclidean_centered,weights_sorted_fMRI1_test_100_dot_product_rdm.csv,L2,pearson,100,4950,1.0,,sub-02,split_half,-0.02781014093821437,,0.8711288711288712,-1.1521451946454018,1000,15002009512093258090,,,,,,,False,,,,,0.5810564242792601,0.7350230078526645,all,462.0,0.8573348283212717,0.8573348283212717,-0.03243789942917494,-0.03243789942917494,False
Early_VC,euclidean_centered,weights_sorted_fMRI1_test_100_dot_product_rdm.csv,L2,pearson,100,4950,1.0,,sub-03,split_half,-0.0016722552474614128,,0.5434565434565435,-0.11807300271772195,1000,15002009512093258091,,,,,,,False,,,,,0.1688032997010532,0.2888480888858344,all,462.0,0.537445893914759,0.537445893914759,-0.003111485763302973,-0.003111485763302973,False
Early_VC,euclidean_centered,weights_sorted_fMRI1_test_100_dot_product_rdm.csv,L3,spearman,100,4950,1.0,,F1+F2+F3,nili,0.011412735830856611,0.011683;-0.012652;0.035208,0.3276723276723277,0.43076257601488105,1000,15002009512093258088,0.8187695692066529,0.5892461448742176,0.8187695692066529,0.9999999999999999,0.5892461448742174,0.9999999999999999,False,,,0.019368367413405498,0.013938886177603043,,,,,,,,,False
Early_VC,euclidean_centered,weights_sorted_fMRI1_test_100_dot_product_rdm.csv,L3,spearman,100,4950,1.0,,sub-01,split_half,0.011682927920820225,,0.3806193806193806,0.3417544949928733,1000,15002009512093258089,,,,,,,False,,,,,0.4564941722112826,0.6268396824660448,all,462.0,0.791732077451738,0.791732077451738,0.014756163421372032,0.014756163421372032,False
Early_VC,euclidean_centered,weights_sorted_fMRI1_test_100_dot_product_rdm.csv,L3,spearman,100,4950,1.0,,sub-02,split_half,-0.012652320298208985,,0.6333666333666333,-0.34692146895486453,1000,15002009512093258090,,,,,,,False,,,,,0.4853830007178605,0.653545921130487,all,462.0,0.80842187076457,0.80842187076457,-0.01565064078021909,-0.01565064078021909,False
Early_VC,euclidean_centered,weights_sorted_fMRI1_test_100_dot_product_rdm.csv,L3,spearman,100,4950,1.0,,sub-03,split_half,0.03520759986995859,,0.15684315684315683,1.0842006193318892,1000,15002009512093258091,,,,,,,False,,,,,0.1637518042325246,0.2814204947085195,all,462.0,0.5304908054891427,0.5304908054891427,0.06636797378136493,0.06636797378136493,False
Early_VC,euclidean_centered,weights_sorted_fMRI1_test_100_dot_product_rdm.csv,L3,kendall,100,4950,1.0,,F1+F2+F3,nili,0.007901116642276471,0.008056;-0.008481;0.024129,0.3206793206793207,0.4466711392535195,1000,15002009512093258088,0.6259702890775687,0.419737010795568,0.6259702890775687,0.9999999999999999,0.419737010795568,0.9999999999999999,False,,,0.018823969388119297,0.012622191148911516,,,,,,,,,False
Early_VC,euclidean_centered,weights_sorted_fMRI1_test_100_dot_product_rdm.csv,L3,kendall,100,4950,1.0,,sub-01,split_half,0.008056234194848055,,0.3786213786213786,0.35427272160908585,1000,15002009512093258089,,,,,,,False,,,,,0.3150536529048258,0.4791495042181782,all,462.0,0.692206258436153,0.692206258436153,0.011638487945845606,0.011638487945845606,False
Early_VC,euclidean_centered,weights_sorted_fMRI1_test_100_dot_product_rdm.csv,L3,kendall,100,4950,1.0,,sub-02,split_half,-0.00848141957052848,,0.6353646353646354,-0.34946687462916604,1000,15002009512093258090,,,,,,,False,,,,,0.3377478954715862,0.5049499933655622,all,462.0,0.7105983347613208,0.7105983347613208,-0.011935602935767167,-0.011935602935767167,False
Early_VC,euclidean_centered,weights_sorted_fMRI1_test_100_dot_product_rdm.csv,L3,kendall,100,4950,1.0,,sub-03,split_half,0.02412853530250984,,0.15184815184815184,1.1149938825284174,1000,15002009512093258091,,,,,,,False,,,,,0.1097547669777137,0.1978000369876633,all,462.0,0.44474716074154236,0.44474716074154236,0.0542522525883684,0.0542522525883684,False
Early_VC,euclidean_centered,weights_sorted_fMRI1_test_100_euclidean_rdm.csv,L1,l1_r0,100,4950,1.0,0.1584528529687979,F1+F2+F3,nili,0.9824732296265765,0.981605;0.981644;0.984170,0.3696303696303696,0.30309558232878864,1000,11235205156980393617,0.998488179684184,0.9965979740505427,0.9984881796841839,1.0000000000000002,0.9965979740505427,1.0000000000000002,False,0.9823450360946047,,0.008994182979544263,0.0079410513361567,,,,,,,,,False
Early_VC,euclidean_centered,weights_sorted_fMRI1_test_100_euclidean_rdm.csv,L1,l1_r0,100,4950,1.0,0.1584528529687979,sub-01,split_half,0.9816049579580906,,0.46253746253746253,0.0710242986465207,1000,11235205156980393618,,,,,,,False,0.9815359407640326,0.11204529850440066,,,0.9966374822277436,0.9983159097221272,all,462.0,0.9991576000422192,0.9991576000422192,0.003916611538583972,0.003916611538583972,False
Early_VC,euclidean_centered,weights_sorted_fMRI1_test_100_euclidean_rdm.csv,L1,l1_r0,100,4950,1.0,0.1584528529687979,sub-02,split_half,0.981644266567169,,0.2977022977022977,0.5080682103095685,1000,11235205156980393619,,,,,,,False,0.9813350170400401,0.11388073916313636,,,0.9971150703587188,0.9985554514689216,all,462.0,0.9992774647058351,0.9992774647058351,0.017235637683837134,0.017235637683837134,False
Early_VC,euclidean_centered,weights_sorted_fMRI1_test_100_euclidean_rdm.csv,L1,l1_r0,100,4950,1.0,0.1584528529687979,sub-03,split_half,0.98417046435447,,0.5134865134865135,-0.027725454108420967,1000,11235205156980393620,,,,,,,False,0.9841641504797415,0.08457729978396485,,,0.9954116729284456,0.9977005611755188,all,462.0,0.9988496188994211,0.9988496188994211,0.0004299403020764933,0.0004299403020764933,False
Early_VC,euclidean_centered,weights_sorted_fMRI1_test_100_euclidean_rdm.csv,L2,pearson,100,4950,1.0,,F1+F2+F3,nili,0.007083533731535227,0.003751;0.017259;0.000241,0.37662337662337664,0.2840107428643641,1000,11235205156980393617,0.847089382996926,0.6532340768455288,0.847089382996926,1.0,0.6532340768455288,1.0,False,,,0.010843790890000185,0.008362203415269262,,,,,,,,,False
Early_VC,euclidean_centered,weights_sorted_fMRI1_test_100_euclidean_rdm.csv,L2,pearson,100,4950,1.0,,sub-01,split_half,0.003751421172189695,,0.46253746253746253,0.07102429864662621,1000,11235205156980393618,,,,,,,False,,,,,0.5248258172259298,0.6883747786756782,all,462.0,0.8296835412828666,0.8296835412828666,0.004521508485499426,0.004521508485499426,False
Early_VC,euclidean_centered,weights_sorted_fMRI1_test_100_euclidean_rdm.csv,L2,pearson,100,4950,1.0,,sub-02,split_half,0.017258558238172274,,0.2977022977022977,0.5080682103092946,1000,11235205156980393619,,,,,,,False,,,,,0.5810564242792601,0.7350230078526645,all,462.0,0.8573348283212717,0.8573348283212717,0.020130476061454163,0.020130476061454163,False
Early_VC,euclidean_centered,weights_sorted_fMRI1_test_100_euclidean_rdm.csv,L2,pearson,100,4950,1.0,,sub-03,split_half,0.00024062178424371313,,0.5134865134865135,-0.027725454108740957,1000,11235205156980393620,,,,,,,False,,,,,0.1688032997010532,0.2888480888858344,all,462.0,0.537445893914759,0.537445893914759,0.00044771350375574114,0.00044771350375574114,False
Early_VC,euclidean_centered,weights_sorted_fMRI1_test_100_euclidean_rdm.csv,L3,spearman,100,4950,1.0,,F1+F2+F3,nili,-0.012916781371004752,-0.017500;-0.002906;-0.018345,0.6393606393606394,-0.37316380200090304,1000,11235205156980393617,0.8187695692066529,0.5892461448742176,0.8187695692066529,0.9999999999999999,0.5892461448742174,0.9999999999999999,False,,,-0.02192085851280709,-0.0157758444583138,,,,,,,,,False
Early_VC,euclidean_centered,weights_sorted_fMRI1_test_100_euclidean_rdm.csv,L3,spearman,100,4950,1.0,,sub-01,split_half,-0.017499879774167792,,0.6703296703296703,-0.4345482447951848,1000,11235205156980393618,,,,,,,False,,,,,0.4564941722112826,0.6268396824660448,all,462.0,0.791732077451738,0.791732077451738,-0.02210328502855758,-0.02210328502855758,False
Early_VC,euclidean_centered,weights_sorted_fMRI1_test_100_euclidean_rdm.csv,L3,spearman,100,4950,1.0,,sub-02,split_half,-0.002905696098898963,,0.4975024975024975,-0.015684959679109312,1000,11235205156980393619,,,,,,,False,,,,,0.4853830007178605,0.653545921130487,all,462.0,0.80842187076457,0.80842187076457,-0.0035942819015409404,-0.0035942819015409404,False
Early_VC,euclidean_centered,weights_sorted_fMRI1_test_100_euclidean_rdm.csv,L3,spearman,100,4950,1.0,,sub-03,split_half,-0.0183447682399475,,0.7002997002997003,-0.5049387655913227,1000,11235205156980393620,,,,,,,False,,,,,0.1637518042325246,0.2814204947085195,all,462.0,0.5304908054891427,0.5304908054891427,-0.03458074682940561,-0.03458074682940561,False
Early_VC,euclidean_centered,weights_sorted_fMRI1_test_100_euclidean_rdm.csv,L3,kendall,100,4950,1.0,,F1+F2+F3,nili,-0.008756549124300185,-0.011785;-0.001935;-0.012550,0.6413586413586414,-0.3787484492853474,1000,11235205156980393617,0.6259702890775687,0.419737010795568,0.6259702890775687,0.9999999999999999,0.419737010795568,0.9999999999999999,False,,,-0.020861989529355664,-0.013988761570782948,,,,,,,,,False
Early_VC,euclidean_centered,weights_sorted_fMRI1_test_100_euclidean_rdm.csv,L3,kendall,100,4950,1.0,,sub-01,split_half,-0.01178477031376607,,0.6703296703296703,-0.4380872112782933,1000,11235205156980393618,,,,,,,False,,,,,0.3150536529048258,0.4791495042181782,all,462.0,0.692206258436153,0.692206258436153,-0.01702494042800259,-0.01702494042800259,False
Early_VC,euclidean_centered,weights_sorted_fMRI1_test_100_euclidean_rdm.csv,L3,kendall,100,4950,1.0,,sub-02,split_half,-0.001934805725470506,,0.4965034965034965,-0.01549162890107947,1000,11235205156980393619,,,,,,,False,,,,,0.3377478954715862,0.5049499933655622,all,462.0,0.7105983347613208,0.7105983347613208,-0.002722783928448661,-0.002722783928448661,False
Early_VC,euclidean_centered,weights_sorted_fMRI1_test_100_euclidean_rdm.csv,L3,kendall,100,4950,1.0,,sub-03,split_half,-0.012550071333663978,,0.7032967032967034,-0.5161405563331667,1000,11235205156980393620,,,,,,,False,,,,,0.1097547669777137,0.1978000369876633,all,462.0,0.44474716074154236,0.44474716074154236,-0.028218440591590982,-0.028218440591590982,False
Early_VC,mahalanobis,weights_sorted_fMRI1_test_100_choice_probability_rdm.csv,L1,l1_r0,100,4950,1.0,0.6215286405986206,F1+F2+F3,nili,0.8493446379696983,0.849345;0.849345;0.849345,0.985014985014985,-0.9994998749374608,1000,2304849549657546828,1.0,1.0,1.0,1.0000000000000002,1.0,1.0000000000000002,False,0.849320731215894,,0.00015865987403026845,0.00015865987403026845,,,,,,,,,False
Early_VC,mahalanobis,weights_sorted_fMRI1_test_100_choice_probability_rdm.csv,L1,l1_r0,100,4950,1.0,0.6215286405986206,sub-01,split_half,0.8493446379696983,,0.7122877122877123,-0.7474789844636203,1000,2304849549657546829,,,,,,,False,0.8493207312158939,3.8380087404398685e-16,,,0.999999999999,0.9999999999995,contiguous,1.0,0.99999999999975,0.99999999999975,0.0001586598740312684,0.0001586598740312684,False
Early_VC,mahalanobis,weights_sorted_fMRI1_test_100_choice_probability_rdm.csv,L1,l1_r0,100,4950,1.0,0.6215286405986206,sub-02,split_half,0.8493446379696984,,0.3116883116883117,-0.7156649810034068,1000,2304849549657546830,,,,,,,False,0.8493207312158939,3.9506715072441807e-16,,,0.999999999999,0.9999999999995,contiguous,1.0,0.99999999999975,0.99999999999975,0.00015865987403200523,0.00015865987403200523,False
Early_VC,mahalanobis,weights_sorted_fMRI1_test_100_choice_probability_rdm.csv,L1,l1_r0,100,4950,1.0,0.6215286405986206,sub-03,split_half,0.8493446379696984,,0.26973026973026976,-0.6974433792030411,1000,2304849549657546831,,,,,,,False,0.8493207312158939,3.4189927894339347e-16,,,0.999999999999,0.9999999999995,contiguous,1.0,0.99999999999975,0.99999999999975,0.00015865987403200523,0.00015865987403200523,False
Early_VC,mahalanobis,weights_sorted_fMRI1_test_100_choice_probability_rdm.csv,L2,pearson,100,4950,1.0,,F1+F2+F3,nili,-0.0005172879345353808,-0.008273;-0.004377;0.011098,0.5284715284715285,-0.11652913766493286,1000,2304849549657546828,0.5792693219884778,0.004716534508511888,0.5792693219884778,1.0,0.004716534508511888,1.0,False,,,-0.10967542665103709,-0.0008930007423139009,,,,,,,,,False
Early_VC,mahalanobis,weights_sorted_fMRI1_test_100_choice_probability_rdm.csv,L2,pearson,100,4950,1.0,,sub-01,split_half,-0.00827336920192539,,0.7022977022977023,-0.5882694614527113,1000,2304849549657546829,,,,,,,False,,,,,-0.0248597061726459,-0.0509869325060364,contiguous,1.0,,,,,True
Early_VC,mahalanobis,weights_sorted_fMRI1_test_100_choice_probability_rdm.csv,L2,pearson,100,4950,1.0,,sub-02,split_half,-0.004376522572305669,,0.6183816183816184,-0.32385863128257797,1000,2304849549657546830,,,,,,,False,,,,,-0.0191922330040222,-0.0391355648881212,contiguous,1.0,,,,,True
Early_VC,mahalanobis,weights_sorted_fMRI1_test_100_choice_probability_rdm.csv,L2,pearson,100,4950,1.0,,sub-03,split_half,0.011098027970624917,,0.22677322677322678,0.7569095367201032,1000,2304849549657546831,,,,,,,False,,,,,-0.0872678324007341,-0.1912233084329049,contiguous,1.0,,,,,True
Early_VC,mahalanobis,weights_sorted_fMRI1_test_100_choice_probability_rdm.csv,L3,spearman,100,4950,1.0,,F1+F2+F3,nili,0.0013399940445446967,-0.001463;-0.009154;0.014637,0.45254745254745254,0.0970432763895442,1000,2304849549657546828,0.5708641860944251,0.003657521723858042,0.5708641860944251,1.0,0.003657521723858042,1.0,False,,,0.3663666672993096,0.0023473079537749313,,,,,,,,,False
Early_VC,mahalanobis,weights_sorted_fMRI1_test_100_choice_probability_rdm.csv,L3,spearman,100,4950,1.0,,sub-01,split_half,-0.0014627142801343755,,0.5664335664335665,-0.10900964377330442,1000,2304849549657546829,,,,,,,False,,,,,-0.0182633728695163,-0.037206257492701,contiguous,1.0,,,,,True
Early_VC,mahalanobis,weights_sorted_fMRI1_test_100_choice_probability_rdm.csv,L3,spearman,100,4950,1.0,,sub-02,split_half,-0.00915414644857846,,0.7082917082917083,-0.5918125284600021,1000,2304849549657546830,,,,,,,False,,,,,-0.0277447502629345,-0.057072975991516,contiguous,1.0,,,,,True
Early_VC,mahalanobis,weights_sorted_fMRI1_test_100_choice_probability_rdm.csv,L3,spearman,100,4950,1.0,,sub-03,split_half,0.014636842862346925,,0.16283716283716285,0.9667371890383144,1000,2304849549657546831,,,,,,,False,,,,,-0.0187274931285702,-0.0381698111328496,contiguous,1.0,,,,,True
Early_VC,mahalanobis,weights_sorted_fMRI1_test_100_choice_probability_rdm.csv,L3,kendall,100,4950,1.0,,F1+F2+F3,nili,0.0009750366225771825,-0.001085;-0.006466;0.010476,0.45054945054945056,0.09914259938033643,1000,2304849549657546828,0.42477878451371937,0.0027126195633014037,0.42477878451371937,1.0,0.0027126195633014032,1.0,False,,,0.3594446621886449,0.0022953985889229154,,,,,,,,,False
Early_VC,mahalanobis,weights_sorted_fMRI1_test_100_choice_probability_rdm.csv,L3,kendall,100,4950,1.0,,sub-01,split_half,-0.001084927635399444,,0.5674325674325674,-0.11260535408105964,1000,2304849549657546829,,,,,,,False,,,,,-0.013366888342195,-0.0270959654288008,contiguous,1.0,,,,,True
Early_VC,mahalanobis,weights_sorted_fMRI1_test_100_choice_probability_rdm.csv,L3,kendall,100,4950,1.0,,sub-02,split_half,-0.00646620323398476,,0.7042957042957043,-0.5848459304956616,1000,2304849549657546830,,,,,,,False,,,,,-0.0201972680351164,-0.0412272131444522,contiguous,1.0,,,,,True
Early_VC,mahalanobis,weights_sorted_fMRI1_test_100_choice_probability_rdm.csv,L3,kendall,100,4950,1.0,,sub-03,split_half,0.010476240737115752,,0.16483516483516483,0.9605675107875725,1000,2304849549657546831,,,,,,,False,,,,,-0.0139005265633298,-0.0281929499767096,contiguous,1.0,,,,,True
Early_VC,mahalanobis,weights_sorted_fMRI1_test_100_cosine_rdm.csv,L1,l1_r0,100,4950,1.0,0.2607311040005725,F1+F2+F3,nili,0.9676562107783352,0.967656;0.967656;0.967656,0.9920079920079921,0.0,1000,4000133084660028042,1.0,1.0,1.0,1.0000000000000002,1.0,1.0000000000000002,False,0.9676499890711309,,0.0001923247326872255,0.0001923247326872255,,,,,,,,,False
Early_VC,mahalanobis,weights_sorted_fMRI1_test_100_cosine_rdm.csv,L1,l1_r0,100,4950,1.0,0.2607311040005725,sub-01,split_half,0.9676562107783352,,0.9790209790209791,0.0,1000,4000133084660028043,,,,,,,False,0.9676499890711308,3.8380087404398685e-16,,,0.999999999999,0.9999999999995,contiguous,1.0,0.99999999999975,0.99999999999975,0.00019232473269214313,0.00019232473269214313,False
Early_VC,mahalanobis,weights_sorted_fMRI1_test_100_cosine_rdm.csv,L1,l1_r0,100,4950,1.0,0.2607311040005725,sub-02,split_half,0.9676562107783354,,0.3866133866133866,1.4941225634588586,1000,4000133084660028044,,,,,,,False,0.9676499890711308,3.9506715072441807e-16,,,0.999999999999,0.9999999999995,contiguous,1.0,0.99999999999975,0.99999999999975,0.00019232473269900697,0.00019232473269900697,False
Early_VC,mahalanobis,weights_sorted_fMRI1_test_100_cosine_rdm.csv,L1,l1_r0,100,4950,1.0,0.2607311040005725,sub-03,split_half,0.9676562107783352,,0.999000999000999,0.0,1000,4000133084660028045,,,,,,,False,0.9676499890711308,3.4189927894339347e-16,,,0.999999999999,0.9999999999995,contiguous,1.0,0.99999999999975,0.99999999999975,0.00019232473269214313,0.00019232473269214313,False
Early_VC,mahalanobis,weights_sorted_fMRI1_test_100_cosine_rdm.csv,L2,pearson,100,4950,1.0,,F1+F2+F3,nili,-0.00398047722099028,0.008530;-0.002402;-0.018069,0.6923076923076923,-0.5040581912392662,1000,4000133084660028042,0.5792693219884778,0.004716534508511888,0.5792693219884778,1.0,0.004716534508511888,1.0,False,,,-0.8439410787320115,-0.006871548466137235,,,,,,,,,False
Early_VC,mahalanobis,weights_sorted_fMRI1_test_100_cosine_rdm.csv,L2,pearson,100,4950,1.0,,sub-01,split_half,0.008530306863596621,,0.2867132867132867,0.5393128347628539,1000,4000133084660028043,,,,,,,False,,,,,-0.0248597061726459,-0.0509869325060364,contiguous,1.0,,,,,True
Early_VC,mahalanobis,weights_sorted_fMRI1_test_100_cosine_rdm.csv,L2,pearson,100,4950,1.0,,sub-02,split_half,-0.0024023985816315502,,0.5654345654345654,-0.1488991546886526,1000,4000133084660028044,,,,,,,False,,,,,-0.0191922330040222,-0.0391355648881212,contiguous,1.0,,,,,True
Early_VC,mahalanobis,weights_sorted_fMRI1_test_100_cosine_rdm.csv,L2,pearson,100,4950,1.0,,sub-03,split_half,-0.01806933994493591,,0.8811188811188811,-1.1526041861339436,1000,4000133084660028045,,,,,,,False,,,,,-0.0872678324007341,-0.1912233084329049,contiguous,1.0,,,,,True
Early_VC,mahalanobis,weights_sorted_fMRI1_test_100_cosine_rdm.csv,L3,spearman,100,4950,1.0,,F1+F2+F3,nili,-0.006487417005423782,0.003003;0.001831;-0.024296,0.7692307692307693,-0.7093293286118559,1000,4000133084660028042,0.5708641860944251,0.003657521723858042,0.5708641860944251,1.0,0.003657521723858042,1.0,False,,,-1.7737193365404533,-0.01136420389201069,,,,,,,,,False
Early_VC,mahalanobis,weights_sorted_fMRI1_test_100_cosine_rdm.csv,L3,spearman,100,4950,1.0,,sub-01,split_half,0.0030034179184697304,,0.4325674325674326,0.17250684049421147,1000,4000133084660028043,,,,,,,False,,,,,-0.0182633728695163,-0.037206257492701,contiguous,1.0,,,,,True
Early_VC,mahalanobis,weights_sorted_fMRI1_test_100_cosine_rdm.csv,L3,spearman,100,4950,1.0,,sub-02,split_half,0.0018305762667303709,,0.46853146853146854,0.13373905566998998,1000,4000133084660028044,,,,,,,False,,,,,-0.0277447502629345,-0.057072975991516,contiguous,1.0,,,,,True
Early_VC,mahalanobis,weights_sorted_fMRI1_test_100_cosine_rdm.csv,L3,spearman,100,4950,1.0,,sub-03,split_half,-0.024296245201471445,,0.9100899100899101,-1.3466649261696366,1000,4000133084660028045,,,,,,,False,,,,,-0.0187274931285702,-0.0381698111328496,contiguous,1.0,,,,,True
Early_VC,mahalanobis,weights_sorted_fMRI1_test_100_cosine_rdm.csv,L3,kendall,100,4950,1.0,,F1+F2+F3,nili,-0.00470364686206656,0.002187;0.001242;-0.017540,0.7722277722277723,-0.7171294442014484,1000,4000133084660028042,0.42477878451371937,0.0027126195633014037,0.42477878451371937,1.0,0.0027126195633014032,1.0,False,,,-1.7339869275078033,-0.011073168043105607,,,,,,,,,False
Early_VC,mahalanobis,weights_sorted_fMRI1_test_100_cosine_rdm.csv,L3,kendall,100,4950,1.0,,sub-01,split_half,0.0021874985329909686,,0.42957042957042957,0.1755925708839392,1000,4000133084660028043,,,,,,,False,,,,,-0.013366888342195,-0.0270959654288008,contiguous,1.0,,,,,True
Early_VC,mahalanobis,weights_sorted_fMRI1_test_100_cosine_rdm.csv,L3,kendall,100,4950,1.0,,sub-02,split_half,0.001242054869805607,,0.4695304695304695,0.12832038270999416,1000,4000133084660028044,,,,,,,False,,,,,-0.0201972680351164,-0.0412272131444522,contiguous,1.0,,,,,True
Early_VC,mahalanobis,weights_sorted_fMRI1_test_100_cosine_rdm.csv,L3,kendall,100,4950,1.0,,sub-03,split_half,-0.017540493988996257,,0.9100899100899101,-1.3510451833411778,1000,4000133084660028045,,,,,,,False,,,,,-0.0139005265633298,-0.0281929499767096,contiguous,1.0,,,,,True
Early_VC,mahalanobis,weights_sorted_fMRI1_test_100_dot_product_rdm.csv,L1,l1_r0,100,4950,1.0,0.5589913503125625,F1+F2+F3,nili,0.8729020867130185,0.872902;0.872902;0.872902,1.0,-0.999499874937461,1000,15608175578645140241,1.0,1.0,1.0,1.0000000000000002,1.0,1.0000000000000002,False,0.8728810946119071,,0.00016513752259985083,0.00016513752259985083,,,,,,,,,False
Early_VC,mahalanobis,weights_sorted_fMRI1_test_100_dot_product_rdm.csv,L1,l1_r0,100,4950,1.0,0.5589913503125625,sub-01,split_half,0.8729020867130186,,1.0,,1000,15608175578645140242,,,,,,,False,0.8728810946119071,3.8380087404398685e-16,,,0.999999999999,0.9999999999995,contiguous,1.0,0.99999999999975,0.99999999999975,0.000165137522601049,0.000165137522601049,False
Early_VC,mahalanobis,weights_sorted_fMRI1_test_100_dot_product_rdm.csv,L1,l1_r0,100,4950,1.0,0.5589913503125625,sub-02,split_half,0.8729020867130186,,1.0,0.0,1000,15608175578645140243,,,,,,,False,0.8728810946119071,3.9506715072441807e-16,,,0.999999999999,0.9999999999995,contiguous,1.0,0.99999999999975,0.99999999999975,0.000165137522601049,0.000165137522601049,False
Early_VC,mahalanobis,weights_sorted_fMRI1_test_100_dot_product_rdm.csv,L1,l1_r0,100,4950,1.0,0.5589913503125625,sub-03,split_half,0.8729020867130186,,1.0,,1000,15608175578645140244,,,,,,,False,0.8728810946119071,3.4189927894339347e-16,,,0.999999999999,0.9999999999995,contiguous,1.0,0.99999999999975,0.99999999999975,0.000165137522601049,0.000165137522601049,False
Early_VC,mahalanobis,weights_sorted_fMRI1_test_100_dot_product_rdm.csv,L2,pearson,100,4950,1.0,,F1+F2+F3,nili,0.0013987443323509204,-0.009461;-0.006244;0.019901,0.44155844155844154,0.16868281749889316,1000,15608175578645140241,0.5792693219884778,0.004716534508511888,0.5792693219884778,1.0,0.004716534508511888,1.0,False,,,0.2965618781812407,0.0024146701357313422,,,,,,,,,False
Early_VC,mahalanobis,weights_sorted_fMRI1_test_100_dot_product_rdm.csv,L2,pearson,100,4950,1.0,,sub-01,split_half,-0.009461135189458769,,0.7052947052947053,-0.5595218933243159,1000,15608175578645140242,,,,,,,False,,,,,-0.0248597061726459,-0.0509869325060364,contiguous,1.0,,,,,True
Early_VC,mahalanobis,weights_sorted_fMRI1_test_100_dot_product_rdm.csv,L2,pearson,100,4950,1.0,,sub-02,split_half,-0.00624367721855533,,0.6543456543456544,-0.4149637659596827,1000,15608175578645140243,,,,,,,False,,,,,-0.0191922330040222,-0.0391355648881212,contiguous,1.0,,,,,True
Early_VC,mahalanobis,weights_sorted_fMRI1_test_100_dot_product_rdm.csv,L2,pearson,100,4950,1.0,,sub-03,split_half,0.019901045405066858,,0.0899100899100899,1.3206779746910118,1000,15608175578645140244,,,,,,,False,,,,,-0.0872678324007341,-0.1912233084329049,contiguous,1.0,,,,,True
Early_VC,mahalanobis,weights_sorted_fMRI1_test_100_dot_product_rdm.csv,L3,spearman,100,4950,1.0,,F1+F2+F3,nili,0.0038440234886578345,-0.003354;-0.008851;0.023737,0.33666333666333664,0.4086507501346336,1000,15608175578645140241,0.5708641860944251,0.003657521723858042,0.5708641860944251,1.0,0.003657521723858042,1.0,False,,,1.0509912937996349,0.006733691799719951,,,,,,,,,False
Early_VC,mahalanobis,weights_sorted_fMRI1_test_100_dot_product_rdm.csv,L3,spearman,100,4950,1.0,,sub-01,split_half,-0.0033537785523547613,,0.5554445554445554,-0.17632151698612122,1000,15608175578645140242,,,,,,,False,,,,,-0.0182633728695163,-0.037206257492701,contiguous,1.0,,,,,True
Early_VC,mahalanobis,weights_sorted_fMRI1_test_100_dot_product_rdm.csv,L3,spearman,100,4950,1.0,,sub-02,split_half,-0.00885110704422819,,0.6953046953046953,-0.527939934937899,1000,15608175578645140243,,,,,,,False,,,,,-0.0277447502629345,-0.057072975991516,contiguous,1.0,,,,,True
Early_VC,mahalanobis,weights_sorted_fMRI1_test_100_dot_product_rdm.csv,L3,spearman,100,4950,1.0,,sub-03,split_half,0.023736956062556453,,0.07192807192807193,1.4453669049665867,1000,15608175578645140244,,,,,,,False,,,,,-0.0187274931285702,-0.0381698111328496,contiguous,1.0,,,,,True
Early_VC,mahalanobis,weights_sorted_fMRI1_test_100_dot_product_rdm.csv,L3,kendall,100,4950,1.0,,F1+F2+F3,nili,0.002774017209512333,-0.002481;-0.006341;0.017144,0.3356643356643357,0.41146078104055156,1000,15608175578645140241,0.42477878451371937,0.0027126195633014037,0.42477878451371937,1.0,0.0027126195633014032,1.0,False,,,1.02263407926477,0.006530498486848838,,,,,,,,,False
Early_VC,mahalanobis,weights_sorted_fMRI1_test_100_dot_product_rdm.csv,L3,kendall,100,4950,1.0,,sub-01,split_half,-0.002480961838798941,,0.5574425574425574,-0.18315213808638398,1000,15608175578645140242,,,,,,,False,,,,,-0.013366888342195,-0.0270959654288008,contiguous,1.0,,,,,True
Early_VC,mahalanobis,weights_sorted_fMRI1_test_100_dot_product_rdm.csv,L3,kendall,100,4950,1.0,,sub-02,split_half,-0.006340904717391363,,0.6953046953046953,-0.5289287083692227,1000,15608175578645140243,,,,,,,False,,,,,-0.0201972680351164,-0.0412272131444522,contiguous,1.0,,,,,True
Early_VC,mahalanobis,weights_sorted_fMRI1_test_100_dot_product_rdm.csv,L3,kendall,100,4950,1.0,,sub-03,split_half,0.017143918184727304,,0.07192807192807193,1.4508716360613831,1000,15608175578645140244,,,,,,,False,,,,,-0.0139005265633298,-0.0281929499767096,contiguous,1.0,,,,,True
Early_VC,mahalanobis,weights_sorted_fMRI1_test_100_euclidean_rdm.csv,L1,l1_r0,100,4950,1.0,0.1584528529687979,F1+F2+F3,nili,0.9876803418106398,0.987680;0.987680;0.987680,1.0,0.9812703838723861,1000,847359126210246836,1.0,1.0,1.0,1.0000000000000002,1.0,1.0000000000000002,False,0.9876778983094784,,0.00019830230449147937,0.00019830230449147937,,,,,,,,,False
Early_VC,mahalanobis,weights_sorted_fMRI1_test_100_euclidean_rdm.csv,L1,l1_r0,100,4950,1.0,0.1584528529687979,sub-01,split_half,0.9876803418106397,,0.993006993006993,0.7435388541765464,1000,847359126210246837,,,,,,,False,0.9876778983094783,3.8380087404398685e-16,,,0.999999999999,0.9999999999995,contiguous,1.0,0.99999999999975,0.99999999999975,0.00019830230449550124,0.00019830230449550124,False
Early_VC,mahalanobis,weights_sorted_fMRI1_test_100_euclidean_rdm.csv,L1,l1_r0,100,4950,1.0,0.1584528529687979,sub-02,split_half,0.9876803418106397,,1.0,0.4561121762985104,1000,847359126210246838,,,,,,,False,0.9876778983094783,3.9506715072441807e-16,,,0.999999999999,0.9999999999995,contiguous,1.0,0.99999999999975,0.99999999999975,0.00019830230449550124,0.00019830230449550124,False
Early_VC,mahalanobis,weights_sorted_fMRI1_test_100_euclidean_rdm.csv,L1,l1_r0,100,4950,1.0,0.1584528529687979,sub-03,split_half,0.9876803418106397,,1.0,0.5129351316707411,1000,847359126210246839,,,,,,,False,0.9876778983094783,3.4189927894339347e-16,,,0.999999999999,0.9999999999995,contiguous,1.0,0.99999999999975,0.99999999999975,0.00019830230449550124,0.00019830230449550124,False
Early_VC,mahalanobis,weights_sorted_fMRI1_test_100_euclidean_rdm.csv,L2,pearson,100,4950,1.0,,F1+F2+F3,nili,-0.009620287517736135,0.006321;-0.022836;-0.012346,0.8411588411588412,-1.0274706108281368,1000,847359126210246836,0.5792693219884778,0.004716534508511888,0.5792693219884778,1.0,0.004716534508511888,1.0,False,,,-2.0396940805531028,-0.0166076247309494,,,,,,,,,False
Early_VC,mahalanobis,weights_sorted_fMRI1_test_100_euclidean_rdm.csv,L2,pearson,100,4950,1.0,,sub-01,split_half,0.006320927720299523,,0.36563436563436563,0.3829136679919537,1000,847359126210246837,,,,,,,False,,,,,-0.0248597061726459,-0.0509869325060364,contiguous,1.0,,,,,True
Early_VC,mahalanobis,weights_sorted_fMRI1_test_100_euclidean_rdm.csv,L2,pearson,100,4950,1.0,,sub-02,split_half,-0.022835680148084857,,0.903096903096903,-1.297638399511094,1000,847359126210246838,,,,,,,False,,,,,-0.0191922330040222,-0.0391355648881212,contiguous,1.0,,,,,True
Early_VC,mahalanobis,weights_sorted_fMRI1_test_100_euclidean_rdm.csv,L2,pearson,100,4950,1.0,,sub-03,split_half,-0.012346110125423065,,0.7702297702297702,-0.7240045456531418,1000,847359126210246839,,,,,,,False,,,,,-0.0872678324007341,-0.1912233084329049,contiguous,1.0,,,,,True
Early_VC,mahalanobis,weights_sorted_fMRI1_test_100_euclidean_rdm.csv,L3,spearman,100,4950,1.0,,F1+F2+F3,nili,-0.012596013143150652,0.001604;-0.018923;-0.020468,0.8931068931068931,-1.2168617843364942,1000,847359126210246836,0.5708641860944251,0.003657521723858042,0.5708641860944251,1.0,0.003657521723858042,1.0,False,,,-3.4438655718670823,-0.0220648158528326,,,,,,,,,False
Early_VC,mahalanobis,weights_sorted_fMRI1_test_100_euclidean_rdm.csv,L3,spearman,100,4950,1.0,,sub-01,split_half,0.001603559096118259,,0.4485514485514486,0.11314387305379411,1000,847359126210246837,,,,,,,False,,,,,-0.0182633728695163,-0.037206257492701,contiguous,1.0,,,,,True
Early_VC,mahalanobis,weights_sorted_fMRI1_test_100_euclidean_rdm.csv,L3,spearman,100,4950,1.0,,sub-02,split_half,-0.018923129112516066,,0.8211788211788211,-0.9397940545884953,1000,847359126210246838,,,,,,,False,,,,,-0.0277447502629345,-0.057072975991516,contiguous,1.0,,,,,True
Early_VC,mahalanobis,weights_sorted_fMRI1_test_100_euclidean_rdm.csv,L3,spearman,100,4950,1.0,,sub-03,split_half,-0.02046846941305415,,0.8571428571428571,-1.1061977734623807,1000,847359126210246839,,,,,,,False,,,,,-0.0187274931285702,-0.0381698111328496,contiguous,1.0,,,,,True
Early_VC,mahalanobis,weights_sorted_fMRI1_test_100_euclidean_rdm.csv,L3,kendall,100,4950,1.0,,F1+F2+F3,nili,-0.009007604589066392,0.001241;-0.013624;-0.014640,0.8901098901098901,-1.2153409657348164,1000,847359126210246836,0.42477878451371937,0.0027126195633014037,0.42477878451371937,1.0,0.0027126195633014032,1.0,False,,,-3.320629516548813,-0.02120540129935672,,,,,,,,,False
Early_VC,mahalanobis,weights_sorted_fMRI1_test_100_euclidean_rdm.csv,L3,kendall,100,4950,1.0,,sub-01,split_half,0.0012406139088129787,,0.44555444555444557,0.11990142863566332,1000,847359126210246837,,,,,,,False,,,,,-0.013366888342195,-0.0270959654288008,contiguous,1.0,,,,,True
Early_VC,mahalanobis,weights_sorted_fMRI1_test_100_euclidean_rdm.csv,L3,kendall,100,4950,1.0,,sub-02,split_half,-0.013623858778333504,,0.8231768231768232,-0.9459443713903958,1000,847359126210246838,,,,,,,False,,,,,-0.0201972680351164,-0.0412272131444522,contiguous,1.0,,,,,True
Early_VC,mahalanobis,weights_sorted_fMRI1_test_100_euclidean_rdm.csv,L3,kendall,100,4950,1.0,,sub-03,split_half,-0.01463956889767865,,0.8561438561438561,-1.0990189986348797,1000,847359126210246839,,,,,,,False,,,,,-0.0139005265633298,-0.0281929499767096,contiguous,1.0,,,,,True
